Jaar;Maand;Segment;Energietype;Contracttype;Handelsnaam;Productnaam;Vast/variabel/dynamisch;Prijsonderdeel;Prijs;source_file;Unnamed: 10
2026;apr;Woning;Gas;Afname;Mogelijk bij elke energieleverancier;Sociaal tarief;Vast;Enkelvoudige meter dagtarief;5,05;master_vast_2026.csv;
2026;apr;Woning;Gas;Afname;Mogelijk bij elke energieleverancier;Sociaal tarief;Vast;Vaste vergoeding;0;master_vast_2026.csv;
2026;apr;Woning;Elektriciteit;Afname;Mogelijk bij elke energieleverancier;Sociaal tarief;Vast;Enkelvoudige meter dagtarief;26,27;master_vast_2026.csv;
2026;apr;Woning;Elektriciteit;Afname;Mogelijk bij elke energieleverancier;Sociaal tarief;Vast;Vaste vergoeding;0;master_vast_2026.csv;
2026;jun;Woning;Elektriciteit;Afname;EnergyVision;Goedkope Stroom 3 jaar vast;Vast;Enkelvoudige meter dagtarief;28,32;master_vast_2026.csv;
2026;jun;Woning;Elektriciteit;Afname;EnergyVision;Goedkope Stroom 3 jaar vast;Vast;Vaste vergoeding;74,99;master_vast_2026.csv;
2026;jun;Woning;Gas;Afname;Mega (handelsnaam van Power Online);Zen 3 Jaar Vast;Vast;Enkelvoudige meter dagtarief;6,01;master_vast_2026.csv;
2026;jun;Woning;Gas;Afname;Mega (handelsnaam van Power Online);Zen 3 Jaar Vast;Vast;Vaste vergoeding;111,3;master_vast_2026.csv;
2026;jun;Woning;Elektriciteit;Afname;Bolt;Plenty Vast;Vast;Enkelvoudige meter dagtarief;29,16;master_vast_2026.csv;
2026;jun;Woning;Elektriciteit;Afname;Bolt;Plenty Vast;Vast;Vaste vergoeding;71,88;master_vast_2026.csv;
2026;jun;Woning;Elektriciteit;Afname;Mega (handelsnaam van Power Online);Zen 3 Jaar Vast;Vast;Enkelvoudige meter dagtarief;29,27;master_vast_2026.csv;
2026;jun;Woning;Elektriciteit;Afname;Mega (handelsnaam van Power Online);Zen 3 Jaar Vast;Vast;Vaste vergoeding;111,3;master_vast_2026.csv;
2026;jun;Woning;Elektriciteit;Afname;Mega (handelsnaam van Power Online);ONLINE FIXED;Vast;Enkelvoudige meter dagtarief;30,6;master_vast_2026.csv;
2026;jun;Woning;Elektriciteit;Afname;Mega (handelsnaam van Power Online);ONLINE FIXED;Vast;Vaste vergoeding;58,3;master_vast_2026.csv;
2026;jun;Woning;Elektriciteit;Afname;EnergyVision;Groepsaankooptarief 05-2026 - vast;Vast;Enkelvoudige meter dagtarief;31,41;master_vast_2026.csv;
2026;jun;Woning;Elektriciteit;Afname;EnergyVision;Groepsaankooptarief 05-2026 - vast;Vast;Vaste vergoeding;0;master_vast_2026.csv;
2026;jun;Woning;Elektriciteit;Afname;OCTA+ ENERGIE;Fixed;Vast;Enkelvoudige meter dagtarief;31,62;master_vast_2026.csv;
2026;jun;Woning;Elektriciteit;Afname;OCTA+ ENERGIE;Fixed;Vast;Vaste vergoeding;65;master_vast_2026.csv;
2026;jun;Woning;Elektriciteit;Afname;Mega (handelsnaam van Power Online);PREPAID FIXED;Vast;Enkelvoudige meter dagtarief;34,83;master_vast_2026.csv;
2026;jun;Woning;Elektriciteit;Afname;Mega (handelsnaam van Power Online);PREPAID FIXED;Vast;Vaste vergoeding;47,7;master_vast_2026.csv;
2026;jun;Woning;Elektriciteit;Afname;Mega (handelsnaam van Power Online);OFFPEAK GREEN FIXED;Vast;Enkelvoudige meter dagtarief;35,08;master_vast_2026.csv;
2026;jun;Woning;Elektriciteit;Afname;Mega (handelsnaam van Power Online);OFFPEAK GREEN FIXED;Vast;Vaste vergoeding;74,2;master_vast_2026.csv;
2026;jun;Woning;Elektriciteit;Afname;Mega (handelsnaam van Power Online);Speciale aanbieding Testaankoop Fixed 2025;Vast;Enkelvoudige meter dagtarief;35,54;master_vast_2026.csv;
2026;jun;Woning;Elektriciteit;Afname;Mega (handelsnaam van Power Online);Speciale aanbieding Testaankoop Fixed 2025;Vast;Vaste vergoeding;58,3;master_vast_2026.csv;
2026;jun;Woning;Elektriciteit;Afname;Elegant;Zeker & Vast;Vast;Enkelvoudige meter dagtarief;35,89;master_vast_2026.csv;
2026;jun;Woning;Elektriciteit;Afname;Elegant;Zeker & Vast;Vast;Vaste vergoeding;120;master_vast_2026.csv;
2026;jun;Woning;Elektriciteit;Afname;TotalEnergies;myEssential Vast;Vast;Enkelvoudige meter dagtarief;36,01;master_vast_2026.csv;
2026;jun;Woning;Elektriciteit;Afname;TotalEnergies;myEssential Vast;Vast;Vaste vergoeding;35;master_vast_2026.csv;
2026;jun;Woning;Elektriciteit;Afname;Trevion;Trevion Groene Energie Vast;Vast;Enkelvoudige meter dagtarief;36,13;master_vast_2026.csv;
2026;jun;Woning;Elektriciteit;Afname;Trevion;Trevion Groene Energie Vast;Vast;Vaste vergoeding;39;master_vast_2026.csv;
2026;jun;Woning;Elektriciteit;Afname;Energie.be;Elektriciteit vast online;Vast;Enkelvoudige meter dagtarief;36,42;master_vast_2026.csv;
2026;jun;Woning;Elektriciteit;Afname;Energie.be;Elektriciteit vast online;Vast;Vaste vergoeding;35;master_vast_2026.csv;
2026;apr;Woning;Gas;Afname;Fluvius als sociale leverancier;Standaardtarief netbeheerder;Vast;Enkelvoudige meter dagtarief;7,74;master_vast_2026.csv;
2026;apr;Woning;Gas;Afname;Fluvius als sociale leverancier;Standaardtarief netbeheerder;Vast;Vaste vergoeding;0;master_vast_2026.csv;
2026;jun;Woning;Elektriciteit;Afname;Luminus;BasicFix Online;Vast;Enkelvoudige meter dagtarief;36,81;master_vast_2026.csv;
2026;jun;Woning;Elektriciteit;Afname;Luminus;BasicFix Online;Vast;Vaste vergoeding;24,99;master_vast_2026.csv;
2026;jun;Woning;Gas;Afname;EnergyVision;Groepsaankooptarief 05-2026 - vast;Vast;Enkelvoudige meter dagtarief;7,8;master_vast_2026.csv;
2026;jun;Woning;Gas;Afname;EnergyVision;Groepsaankooptarief 05-2026 - vast;Vast;Vaste vergoeding;0;master_vast_2026.csv;
2026;jun;Woning;Gas;Afname;EnergyVision;Goedkope stroom 1 jaar vast - Gas;Vast;Enkelvoudige meter dagtarief;7,8;master_vast_2026.csv;
2026;jun;Woning;Gas;Afname;EnergyVision;Goedkope stroom 1 jaar vast - Gas;Vast;Vaste vergoeding;74,99;master_vast_2026.csv;
2026;jun;Woning;Elektriciteit;Afname;ENGIE (handelsnaam van Electrabel);Empower;Vast;Enkelvoudige meter dagtarief;37,44;master_vast_2026.csv;
2026;jun;Woning;Elektriciteit;Afname;ENGIE (handelsnaam van Electrabel);Empower;Vast;Vaste vergoeding;90;master_vast_2026.csv;
2026;apr;Woning;Elektriciteit;Afname;Fluvius als sociale leverancier;Standaardtarief netbeheerder;Vast;Enkelvoudige meter dagtarief;37,52;master_vast_2026.csv;
2026;apr;Woning;Elektriciteit;Afname;Fluvius als sociale leverancier;Standaardtarief netbeheerder;Vast;Vaste vergoeding;0;master_vast_2026.csv;
2026;jun;Woning;Gas;Afname;Mega (handelsnaam van Power Online);ONLINE FIXED;Vast;Enkelvoudige meter dagtarief;7,95;master_vast_2026.csv;
2026;jun;Woning;Gas;Afname;Mega (handelsnaam van Power Online);ONLINE FIXED;Vast;Vaste vergoeding;58,3;master_vast_2026.csv;
2026;jun;Woning;Elektriciteit;Afname;ENGIE (handelsnaam van Electrabel);Easy;Vast;Enkelvoudige meter dagtarief;37,7;master_vast_2026.csv;
2026;jun;Woning;Elektriciteit;Afname;ENGIE (handelsnaam van Electrabel);Easy;Vast;Vaste vergoeding;69;master_vast_2026.csv;
2026;jun;Woning;Elektriciteit;Afname;Luminus;MaxxFix;Vast;Enkelvoudige meter dagtarief;38,3;master_vast_2026.csv;
2026;jun;Woning;Elektriciteit;Afname;Luminus;MaxxFix;Vast;Vaste vergoeding;65;master_vast_2026.csv;
2026;jun;Woning;Elektriciteit;Afname;TotalEnergies;myComfort Vast;Vast;Enkelvoudige meter dagtarief;38,4;master_vast_2026.csv;
2026;jun;Woning;Elektriciteit;Afname;TotalEnergies;myComfort Vast;Vast;Vaste vergoeding;90;master_vast_2026.csv;
2026;jun;Woning;Gas;Afname;Bolt;Plenty Vast;Vast;Enkelvoudige meter dagtarief;8,13;master_vast_2026.csv;
2026;jun;Woning;Gas;Afname;Bolt;Plenty Vast;Vast;Vaste vergoeding;71,88;master_vast_2026.csv;
2026;jun;Woning;Elektriciteit;Afname;Eneco Belgium;Eneco Zon & Wind Vast;Vast;Enkelvoudige meter dagtarief;38,53;master_vast_2026.csv;
2026;jun;Woning;Elektriciteit;Afname;Eneco Belgium;Eneco Zon & Wind Vast;Vast;Vaste vergoeding;65;master_vast_2026.csv;
2026;jun;Woning;Gas;Afname;Mega (handelsnaam van Power Online);Speciale aanbieding Testaankoop Fixed 2025;Vast;Enkelvoudige meter dagtarief;8,17;master_vast_2026.csv;
2026;jun;Woning;Gas;Afname;Mega (handelsnaam van Power Online);Speciale aanbieding Testaankoop Fixed 2025;Vast;Vaste vergoeding;58,3;master_vast_2026.csv;
2026;jun;Woning;Elektriciteit;Afname;Bolt;Bolt Vast;Vast;Enkelvoudige meter dagtarief;38,76;master_vast_2026.csv;
2026;jun;Woning;Elektriciteit;Afname;Bolt;Bolt Vast;Vast;Vaste vergoeding;131,89;master_vast_2026.csv;
2026;jun;Woning;Elektriciteit;Afname;Mega (handelsnaam van Power Online);SMART GREEN FIXED;Vast;Enkelvoudige meter dagtarief;38,82;master_vast_2026.csv;
2026;jun;Woning;Elektriciteit;Afname;Mega (handelsnaam van Power Online);SMART GREEN FIXED;Vast;Vaste vergoeding;111,3;master_vast_2026.csv;
2026;jun;Woning;Elektriciteit;Afname;Luminus;Comfy;Vast;Enkelvoudige meter dagtarief;39,92;master_vast_2026.csv;
2026;jun;Woning;Elektriciteit;Afname;Luminus;Comfy;Vast;Vaste vergoeding;65;master_vast_2026.csv;
2026;jun;Woning;Elektriciteit;Afname;OCTA+ ENERGIE;Eco Fixed;Vast;Enkelvoudige meter dagtarief;40,32;master_vast_2026.csv;
2026;jun;Woning;Elektriciteit;Afname;OCTA+ ENERGIE;Eco Fixed;Vast;Vaste vergoeding;130;master_vast_2026.csv;
2026;jun;Woning;Elektriciteit;Afname;Mega (handelsnaam van Power Online);COSY GREEN FIXED;Vast;Enkelvoudige meter dagtarief;40,63;master_vast_2026.csv;
2026;jun;Woning;Elektriciteit;Afname;Mega (handelsnaam van Power Online);COSY GREEN FIXED;Vast;Vaste vergoeding;143,1;master_vast_2026.csv;
2026;jun;Woning;Gas;Afname;OCTA+ ENERGIE;Fixed;Vast;Enkelvoudige meter dagtarief;8,62;master_vast_2026.csv;
2026;jun;Woning;Gas;Afname;OCTA+ ENERGIE;Fixed;Vast;Vaste vergoeding;65;master_vast_2026.csv;
2026;jun;Woning;Elektriciteit;Afname;Luminus;Comfy+;Vast;Enkelvoudige meter dagtarief;41,73;master_vast_2026.csv;
2026;jun;Woning;Elektriciteit;Afname;Luminus;Comfy+;Vast;Vaste vergoeding;65;master_vast_2026.csv;
2026;jun;Woning;Gas;Afname;Mega (handelsnaam van Power Online);PREPAID FIXED;Vast;Enkelvoudige meter dagtarief;8,87;master_vast_2026.csv;
2026;jun;Woning;Gas;Afname;Mega (handelsnaam van Power Online);PREPAID FIXED;Vast;Vaste vergoeding;47,7;master_vast_2026.csv;
2026;jun;Woning;Gas;Afname;Mega (handelsnaam van Power Online);OFFPEAK FIXED;Vast;Enkelvoudige meter dagtarief;8,99;master_vast_2026.csv;
2026;jun;Woning;Gas;Afname;Mega (handelsnaam van Power Online);OFFPEAK FIXED;Vast;Vaste vergoeding;74,2;master_vast_2026.csv;
2026;jun;Woning;Gas;Afname;TotalEnergies;myEssential Vast;Vast;Enkelvoudige meter dagtarief;9,19;master_vast_2026.csv;
2026;jun;Woning;Gas;Afname;TotalEnergies;myEssential Vast;Vast;Vaste vergoeding;35;master_vast_2026.csv;
2026;jun;Woning;Gas;Afname;Energie.be;Gas vast online;Vast;Enkelvoudige meter dagtarief;9,32;master_vast_2026.csv;
2026;jun;Woning;Gas;Afname;Energie.be;Gas vast online;Vast;Vaste vergoeding;35;master_vast_2026.csv;
2026;jun;Woning;Gas;Afname;Elegant;Zeker & Vast;Vast;Enkelvoudige meter dagtarief;9,4;master_vast_2026.csv;
2026;jun;Woning;Gas;Afname;Elegant;Zeker & Vast;Vast;Vaste vergoeding;120;master_vast_2026.csv;
2026;jun;Woning;Gas;Afname;TotalEnergies;myComfort Vast;Vast;Enkelvoudige meter dagtarief;9,64;master_vast_2026.csv;
2026;jun;Woning;Gas;Afname;TotalEnergies;myComfort Vast;Vast;Vaste vergoeding;90;master_vast_2026.csv;
2026;jun;Woning;Gas;Afname;Mega (handelsnaam van Power Online);SMART FIXED;Vast;Enkelvoudige meter dagtarief;9,68;master_vast_2026.csv;
2026;jun;Woning;Gas;Afname;Mega (handelsnaam van Power Online);SMART FIXED;Vast;Vaste vergoeding;111,3;master_vast_2026.csv;
2026;jun;Woning;Gas;Afname;Luminus;BasicFix Online;Vast;Enkelvoudige meter dagtarief;9,72;master_vast_2026.csv;
2026;jun;Woning;Gas;Afname;Luminus;BasicFix Online;Vast;Vaste vergoeding;20;master_vast_2026.csv;
2026;jun;Woning;Gas;Afname;Bolt;Bolt Vast;Vast;Enkelvoudige meter dagtarief;9,73;master_vast_2026.csv;
2026;jun;Woning;Gas;Afname;Bolt;Bolt Vast;Vast;Vaste vergoeding;131,89;master_vast_2026.csv;
2026;jun;Woning;Gas;Afname;ENGIE (handelsnaam van Electrabel);Empower;Vast;Enkelvoudige meter dagtarief;9,77;master_vast_2026.csv;
2026;jun;Woning;Gas;Afname;ENGIE (handelsnaam van Electrabel);Empower;Vast;Vaste vergoeding;60;master_vast_2026.csv;
2026;jun;Woning;Gas;Afname;ENGIE (handelsnaam van Electrabel);Easy;Vast;Enkelvoudige meter dagtarief;9,77;master_vast_2026.csv;
2026;jun;Woning;Gas;Afname;ENGIE (handelsnaam van Electrabel);Easy;Vast;Vaste vergoeding;60;master_vast_2026.csv;
2026;jun;Woning;Gas;Afname;Luminus;MaxxFix;Vast;Enkelvoudige meter dagtarief;9,97;master_vast_2026.csv;
2026;jun;Woning;Gas;Afname;Luminus;MaxxFix;Vast;Vaste vergoeding;50;master_vast_2026.csv;
2026;jun;Woning;Gas;Afname;Mega (handelsnaam van Power Online);COSY FIXED;Vast;Enkelvoudige meter dagtarief;10,3;master_vast_2026.csv;
2026;jun;Woning;Gas;Afname;Mega (handelsnaam van Power Online);COSY FIXED;Vast;Vaste vergoeding;143,1;master_vast_2026.csv;
2026;jun;Woning;Gas;Afname;Eneco Belgium;Eneco Aardgas Vast;Vast;Enkelvoudige meter dagtarief;10,41;master_vast_2026.csv;
2026;jun;Woning;Gas;Afname;Eneco Belgium;Eneco Aardgas Vast;Vast;Vaste vergoeding;65;master_vast_2026.csv;
2026;jun;Woning;Gas;Afname;Luminus;Comfy;Vast;Enkelvoudige meter dagtarief;10,47;master_vast_2026.csv;
2026;jun;Woning;Gas;Afname;Luminus;Comfy;Vast;Vaste vergoeding;50;master_vast_2026.csv;
2026;jun;Woning;Gas;Afname;Luminus;Comfy+;Vast;Enkelvoudige meter dagtarief;10,9;master_vast_2026.csv;
2026;jun;Woning;Gas;Afname;Luminus;Comfy+;Vast;Vaste vergoeding;50;master_vast_2026.csv;
2026;jun;Woning;Gas;Afname;OCTA+ ENERGIE;Eco Fixed;Vast;Enkelvoudige meter dagtarief;10,98;master_vast_2026.csv;
2026;jun;Woning;Gas;Afname;OCTA+ ENERGIE;Eco Fixed;Vast;Vaste vergoeding;130;master_vast_2026.csv;
2026;jan;Onderneming;Elektriciteit;Afname;Bolt;Bolt Vast;Vast;Enkelvoudige meter dagtarief (c/kWh);12,717;master_vast_2026.csv;
2026;jan;Onderneming;Elektriciteit;Afname;Bolt;Bolt Vast;Vast;Kosten groene stroom (c/kWh);1,10302;master_vast_2026.csv;
2026;jan;Onderneming;Elektriciteit;Afname;Bolt;Bolt Vast;Vast;Kosten WKK (c/kWh);0,36414;master_vast_2026.csv;
2026;jan;Onderneming;Elektriciteit;Afname;Bolt;Bolt Vast;Vast;Tweevoudige meter dagtarief (c/kWh);12,717;master_vast_2026.csv;
2026;jan;Onderneming;Elektriciteit;Afname;Bolt;Bolt Vast;Vast;Tweevoudige meter nachttarief (c/kWh);12,717;master_vast_2026.csv;
2026;jan;Onderneming;Elektriciteit;Afname;Bolt;Bolt Vast;Vast;Uitsluitend nachtmeter (c/kWh);12,717;master_vast_2026.csv;
2026;jan;Onderneming;Elektriciteit;Afname;Bolt;Bolt Vast;Vast;Vaste vergoeding ();167,88;master_vast_2026.csv;
2026;jan;Onderneming;Elektriciteit;Afname;Bolt;Plenty Vast;Vast;Enkelvoudige meter dagtarief (c/kWh);12,717;master_vast_2026.csv;
2026;jan;Onderneming;Elektriciteit;Afname;Bolt;Plenty Vast;Vast;Kosten groene stroom (c/kWh);1,10302;master_vast_2026.csv;
2026;jan;Onderneming;Elektriciteit;Afname;Bolt;Plenty Vast;Vast;Kosten WKK (c/kWh);0,36414;master_vast_2026.csv;
2026;jan;Onderneming;Elektriciteit;Afname;Bolt;Plenty Vast;Vast;Tweevoudige meter dagtarief (c/kWh);12,717;master_vast_2026.csv;
2026;jan;Onderneming;Elektriciteit;Afname;Bolt;Plenty Vast;Vast;Tweevoudige meter nachttarief (c/kWh);12,717;master_vast_2026.csv;
2026;jan;Onderneming;Elektriciteit;Afname;Bolt;Plenty Vast;Vast;Uitsluitend nachtmeter (c/kWh);12,717;master_vast_2026.csv;
2026;jan;Onderneming;Elektriciteit;Afname;Bolt;Plenty Vast;Vast;Vaste vergoeding ();119,88;master_vast_2026.csv;
2026;jan;Onderneming;Elektriciteit;Afname;Elegant;Zeker & Vast;Vast;Enkelvoudige meter dagtarief (c/kWh);13,89;master_vast_2026.csv;
2026;jan;Onderneming;Elektriciteit;Afname;Elegant;Zeker & Vast;Vast;Kosten groene stroom (c/kWh);1,1;master_vast_2026.csv;
2026;jan;Onderneming;Elektriciteit;Afname;Elegant;Zeker & Vast;Vast;Kosten WKK (c/kWh);0,392;master_vast_2026.csv;
2026;jan;Onderneming;Elektriciteit;Afname;Elegant;Zeker & Vast;Vast;Tweevoudige meter dagtarief (c/kWh);15,973;master_vast_2026.csv;
2026;jan;Onderneming;Elektriciteit;Afname;Elegant;Zeker & Vast;Vast;Tweevoudige meter nachttarief (c/kWh);11,806;master_vast_2026.csv;
2026;jan;Onderneming;Elektriciteit;Afname;Elegant;Zeker & Vast;Vast;Uitsluitend nachtmeter (c/kWh);11,806;master_vast_2026.csv;
2026;jan;Onderneming;Elektriciteit;Afname;Elegant;Zeker & Vast;Vast;Vaste vergoeding ();99,17355;master_vast_2026.csv;
2026;jan;Onderneming;Elektriciteit;Afname;Eneco Belgium;Eneco Zon & Wind Vast;Vast;Enkelvoudige meter dagtarief (c/kWh);12,246;master_vast_2026.csv;
2026;jan;Onderneming;Elektriciteit;Afname;Eneco Belgium;Eneco Zon & Wind Vast;Vast;Kosten groene stroom (c/kWh);1,096;master_vast_2026.csv;
2026;jan;Onderneming;Elektriciteit;Afname;Eneco Belgium;Eneco Zon & Wind Vast;Vast;Kosten WKK (c/kWh);0,337;master_vast_2026.csv;
2026;jan;Onderneming;Elektriciteit;Afname;Eneco Belgium;Eneco Zon & Wind Vast;Vast;Tweevoudige meter dagtarief (c/kWh);13,877;master_vast_2026.csv;
2026;jan;Onderneming;Elektriciteit;Afname;Eneco Belgium;Eneco Zon & Wind Vast;Vast;Tweevoudige meter nachttarief (c/kWh);10,874;master_vast_2026.csv;
2026;jan;Onderneming;Elektriciteit;Afname;Eneco Belgium;Eneco Zon & Wind Vast;Vast;Uitsluitend nachtmeter (c/kWh);10,874;master_vast_2026.csv;
2026;jan;Onderneming;Elektriciteit;Afname;Eneco Belgium;Eneco Zon & Wind Vast;Vast;Vaste vergoeding ();95;master_vast_2026.csv;
2026;jan;Onderneming;Elektriciteit;Afname;Energie.be;Elektriciteit vast professioneel online;Vast;Enkelvoudige meter dagtarief (c/kWh);13,65;master_vast_2026.csv;
2026;jan;Onderneming;Elektriciteit;Afname;Energie.be;Elektriciteit vast professioneel online;Vast;Kosten groene stroom (c/kWh);1,103;master_vast_2026.csv;
2026;jan;Onderneming;Elektriciteit;Afname;Energie.be;Elektriciteit vast professioneel online;Vast;Kosten WKK (c/kWh);0,364;master_vast_2026.csv;
2026;jan;Onderneming;Elektriciteit;Afname;Energie.be;Elektriciteit vast professioneel online;Vast;Tweevoudige meter dagtarief (c/kWh);13,65;master_vast_2026.csv;
2026;jan;Onderneming;Elektriciteit;Afname;Energie.be;Elektriciteit vast professioneel online;Vast;Tweevoudige meter nachttarief (c/kWh);13,65;master_vast_2026.csv;
2026;jan;Onderneming;Elektriciteit;Afname;Energie.be;Elektriciteit vast professioneel online;Vast;Uitsluitend nachtmeter (c/kWh);13,65;master_vast_2026.csv;
2026;jan;Onderneming;Elektriciteit;Afname;Energie.be;Elektriciteit vast professioneel online;Vast;Vaste vergoeding ();60;master_vast_2026.csv;
2026;jan;Onderneming;Elektriciteit;Afname;ENGIE (handelsnaam van Electrabel) ;Easy pro;Vast;Enkelvoudige meter dagtarief (c/kWh);13,708;master_vast_2026.csv;
2026;jan;Onderneming;Elektriciteit;Afname;ENGIE (handelsnaam van Electrabel) ;Easy pro;Vast;Kosten groene stroom (c/kWh);1,1;master_vast_2026.csv;
2026;jan;Onderneming;Elektriciteit;Afname;ENGIE (handelsnaam van Electrabel) ;Easy pro;Vast;Kosten WKK (c/kWh);0,392;master_vast_2026.csv;
2026;jan;Onderneming;Elektriciteit;Afname;ENGIE (handelsnaam van Electrabel) ;Easy pro;Vast;Tweevoudige meter dagtarief (c/kWh);14,35;master_vast_2026.csv;
2026;jan;Onderneming;Elektriciteit;Afname;ENGIE (handelsnaam van Electrabel) ;Easy pro;Vast;Tweevoudige meter nachttarief (c/kWh);11,915;master_vast_2026.csv;
2026;jan;Onderneming;Elektriciteit;Afname;ENGIE (handelsnaam van Electrabel) ;Easy pro;Vast;Uitsluitend nachtmeter (c/kWh);11,915;master_vast_2026.csv;
2026;jan;Onderneming;Elektriciteit;Afname;ENGIE (handelsnaam van Electrabel) ;Easy pro;Vast;Vaste vergoeding ();65;master_vast_2026.csv;
2026;jan;Onderneming;Elektriciteit;Afname;ENGIE (handelsnaam van Electrabel) ;Empower Pro;Vast;Enkelvoudige meter dagtarief (c/kWh);12,545;master_vast_2026.csv;
2026;jan;Onderneming;Elektriciteit;Afname;ENGIE (handelsnaam van Electrabel) ;Empower Pro;Vast;Kosten groene stroom (c/kWh);1,1;master_vast_2026.csv;
2026;jan;Onderneming;Elektriciteit;Afname;ENGIE (handelsnaam van Electrabel) ;Empower Pro;Vast;Kosten WKK (c/kWh);0,392;master_vast_2026.csv;
2026;jan;Onderneming;Elektriciteit;Afname;ENGIE (handelsnaam van Electrabel) ;Empower Pro;Vast;Tweevoudige meter dagtarief (c/kWh);13,33;master_vast_2026.csv;
2026;jan;Onderneming;Elektriciteit;Afname;ENGIE (handelsnaam van Electrabel) ;Empower Pro;Vast;Tweevoudige meter nachttarief (c/kWh);10,196;master_vast_2026.csv;
2026;jan;Onderneming;Elektriciteit;Afname;ENGIE (handelsnaam van Electrabel) ;Empower Pro;Vast;Uitsluitend nachtmeter (c/kWh);11,915;master_vast_2026.csv;
2026;jan;Onderneming;Elektriciteit;Afname;ENGIE (handelsnaam van Electrabel) ;Empower Pro;Vast;Vaste vergoeding ();95;master_vast_2026.csv;
2026;jan;Onderneming;Elektriciteit;Afname;Luminus;BasicFix Pro Online;Vast;Enkelvoudige meter dagtarief (c/kWh);13,04774;master_vast_2026.csv;
2026;jan;Onderneming;Elektriciteit;Afname;Luminus;BasicFix Pro Online;Vast;Kosten groene stroom (c/kWh);1,10302;master_vast_2026.csv;
2026;jan;Onderneming;Elektriciteit;Afname;Luminus;BasicFix Pro Online;Vast;Kosten WKK (c/kWh);0,36414;master_vast_2026.csv;
2026;jan;Onderneming;Elektriciteit;Afname;Luminus;BasicFix Pro Online;Vast;Tweevoudige meter dagtarief (c/kWh);14,43975;master_vast_2026.csv;
2026;jan;Onderneming;Elektriciteit;Afname;Luminus;BasicFix Pro Online;Vast;Tweevoudige meter nachttarief (c/kWh);11,63658;master_vast_2026.csv;
2026;jan;Onderneming;Elektriciteit;Afname;Luminus;BasicFix Pro Online;Vast;Uitsluitend nachtmeter (c/kWh);11,63658;master_vast_2026.csv;
2026;jan;Onderneming;Elektriciteit;Afname;Luminus;BasicFix Pro Online;Vast;Vaste vergoeding ();25;master_vast_2026.csv;
2026;jan;Onderneming;Elektriciteit;Afname;Luminus;Comfy Pro;Vast;Enkelvoudige meter dagtarief (c/kWh);14,08775;master_vast_2026.csv;
2026;jan;Onderneming;Elektriciteit;Afname;Luminus;Comfy Pro;Vast;Kosten groene stroom (c/kWh);1,10302;master_vast_2026.csv;
2026;jan;Onderneming;Elektriciteit;Afname;Luminus;Comfy Pro;Vast;Kosten WKK (c/kWh);0,36414;master_vast_2026.csv;
2026;jan;Onderneming;Elektriciteit;Afname;Luminus;Comfy Pro;Vast;Tweevoudige meter dagtarief (c/kWh);15,38939;master_vast_2026.csv;
2026;jan;Onderneming;Elektriciteit;Afname;Luminus;Comfy Pro;Vast;Tweevoudige meter nachttarief (c/kWh);12,68084;master_vast_2026.csv;
2026;jan;Onderneming;Elektriciteit;Afname;Luminus;Comfy Pro;Vast;Uitsluitend nachtmeter (c/kWh);12,68084;master_vast_2026.csv;
2026;jan;Onderneming;Elektriciteit;Afname;Luminus;Comfy Pro;Vast;Vaste vergoeding ();65;master_vast_2026.csv;
2026;jan;Onderneming;Elektriciteit;Afname;Luminus;Comfy Pro+;Vast;Enkelvoudige meter dagtarief (c/kWh);15,70375;master_vast_2026.csv;
2026;jan;Onderneming;Elektriciteit;Afname;Luminus;Comfy Pro+;Vast;Kosten groene stroom (c/kWh);1,10302;master_vast_2026.csv;
2026;jan;Onderneming;Elektriciteit;Afname;Luminus;Comfy Pro+;Vast;Kosten WKK (c/kWh);0,36414;master_vast_2026.csv;
2026;jan;Onderneming;Elektriciteit;Afname;Luminus;Comfy Pro+;Vast;Tweevoudige meter dagtarief (c/kWh);17,13467;master_vast_2026.csv;
2026;jan;Onderneming;Elektriciteit;Afname;Luminus;Comfy Pro+;Vast;Tweevoudige meter nachttarief (c/kWh);14,13524;master_vast_2026.csv;
2026;jan;Onderneming;Elektriciteit;Afname;Luminus;Comfy Pro+;Vast;Uitsluitend nachtmeter (c/kWh);14,13524;master_vast_2026.csv;
2026;jan;Onderneming;Elektriciteit;Afname;Luminus;Comfy Pro+;Vast;Vaste vergoeding ();65;master_vast_2026.csv;
2026;jan;Onderneming;Elektriciteit;Afname;Luminus;MaxxFix Pro;Vast;Enkelvoudige meter dagtarief (c/kWh);13,33161;master_vast_2026.csv;
2026;jan;Onderneming;Elektriciteit;Afname;Luminus;MaxxFix Pro;Vast;Kosten groene stroom (c/kWh);1,10302;master_vast_2026.csv;
2026;jan;Onderneming;Elektriciteit;Afname;Luminus;MaxxFix Pro;Vast;Kosten WKK (c/kWh);0,36414;master_vast_2026.csv;
2026;jan;Onderneming;Elektriciteit;Afname;Luminus;MaxxFix Pro;Vast;Tweevoudige meter dagtarief (c/kWh);14,65369;master_vast_2026.csv;
2026;jan;Onderneming;Elektriciteit;Afname;Luminus;MaxxFix Pro;Vast;Tweevoudige meter nachttarief (c/kWh);11,92801;master_vast_2026.csv;
2026;jan;Onderneming;Elektriciteit;Afname;Luminus;MaxxFix Pro;Vast;Uitsluitend nachtmeter (c/kWh);11,92801;master_vast_2026.csv;
2026;jan;Onderneming;Elektriciteit;Afname;Luminus;MaxxFix Pro;Vast;Vaste vergoeding ();65;master_vast_2026.csv;
2026;jan;Onderneming;Elektriciteit;Afname;Mega (handelsnaam van Power Online);COSY GREEN FIXED;Vast;Enkelvoudige meter dagtarief (c/kWh);13,459;master_vast_2026.csv;
2026;jan;Onderneming;Elektriciteit;Afname;Mega (handelsnaam van Power Online);COSY GREEN FIXED;Vast;Kosten groene stroom (c/kWh);1,11793;master_vast_2026.csv;
2026;jan;Onderneming;Elektriciteit;Afname;Mega (handelsnaam van Power Online);COSY GREEN FIXED;Vast;Kosten WKK (c/kWh);0,3489;master_vast_2026.csv;
2026;jan;Onderneming;Elektriciteit;Afname;Mega (handelsnaam van Power Online);COSY GREEN FIXED;Vast;Tweevoudige meter dagtarief (c/kWh);14,6;master_vast_2026.csv;
2026;jan;Onderneming;Elektriciteit;Afname;Mega (handelsnaam van Power Online);COSY GREEN FIXED;Vast;Tweevoudige meter nachttarief (c/kWh);12,468;master_vast_2026.csv;
2026;jan;Onderneming;Elektriciteit;Afname;Mega (handelsnaam van Power Online);COSY GREEN FIXED;Vast;Uitsluitend nachtmeter (c/kWh);12,468;master_vast_2026.csv;
2026;jan;Onderneming;Elektriciteit;Afname;Mega (handelsnaam van Power Online);COSY GREEN FIXED;Vast;Vaste vergoeding ();135;master_vast_2026.csv;
2026;jan;Onderneming;Elektriciteit;Afname;Mega (handelsnaam van Power Online);ONLINE FIXED;Vast;Enkelvoudige meter dagtarief (c/kWh);13,009;master_vast_2026.csv;
2026;jan;Onderneming;Elektriciteit;Afname;Mega (handelsnaam van Power Online);ONLINE FIXED;Vast;Kosten groene stroom (c/kWh);1,11793;master_vast_2026.csv;
2026;jan;Onderneming;Elektriciteit;Afname;Mega (handelsnaam van Power Online);ONLINE FIXED;Vast;Kosten WKK (c/kWh);0,3489;master_vast_2026.csv;
2026;jan;Onderneming;Elektriciteit;Afname;Mega (handelsnaam van Power Online);ONLINE FIXED;Vast;Tweevoudige meter dagtarief (c/kWh);14,15;master_vast_2026.csv;
2026;jan;Onderneming;Elektriciteit;Afname;Mega (handelsnaam van Power Online);ONLINE FIXED;Vast;Tweevoudige meter nachttarief (c/kWh);12,018;master_vast_2026.csv;
2026;jan;Onderneming;Elektriciteit;Afname;Mega (handelsnaam van Power Online);ONLINE FIXED;Vast;Uitsluitend nachtmeter (c/kWh);12,018;master_vast_2026.csv;
2026;jan;Onderneming;Elektriciteit;Afname;Mega (handelsnaam van Power Online);ONLINE FIXED;Vast;Vaste vergoeding ();55;master_vast_2026.csv;
2026;jan;Onderneming;Elektriciteit;Afname;Mega (handelsnaam van Power Online);PREPAID FIXED;Vast;Enkelvoudige meter dagtarief (c/kWh);11,109;master_vast_2026.csv;
2026;jan;Onderneming;Elektriciteit;Afname;Mega (handelsnaam van Power Online);PREPAID FIXED;Vast;Kosten groene stroom (c/kWh);1,11793;master_vast_2026.csv;
2026;jan;Onderneming;Elektriciteit;Afname;Mega (handelsnaam van Power Online);PREPAID FIXED;Vast;Kosten WKK (c/kWh);0,3489;master_vast_2026.csv;
2026;jan;Onderneming;Elektriciteit;Afname;Mega (handelsnaam van Power Online);PREPAID FIXED;Vast;Tweevoudige meter dagtarief (c/kWh);12,25;master_vast_2026.csv;
2026;jan;Onderneming;Elektriciteit;Afname;Mega (handelsnaam van Power Online);PREPAID FIXED;Vast;Tweevoudige meter nachttarief (c/kWh);10,118;master_vast_2026.csv;
2026;jan;Onderneming;Elektriciteit;Afname;Mega (handelsnaam van Power Online);PREPAID FIXED;Vast;Uitsluitend nachtmeter (c/kWh);10,118;master_vast_2026.csv;
2026;jan;Onderneming;Elektriciteit;Afname;Mega (handelsnaam van Power Online);PREPAID FIXED;Vast;Vaste vergoeding ();45;master_vast_2026.csv;
2026;jan;Onderneming;Elektriciteit;Afname;Mega (handelsnaam van Power Online);SMART GREEN FIXED;Vast;Enkelvoudige meter dagtarief (c/kWh);13,53;master_vast_2026.csv;
2026;jan;Onderneming;Elektriciteit;Afname;Mega (handelsnaam van Power Online);SMART GREEN FIXED;Vast;Kosten groene stroom (c/kWh);1,11793;master_vast_2026.csv;
2026;jan;Onderneming;Elektriciteit;Afname;Mega (handelsnaam van Power Online);SMART GREEN FIXED;Vast;Kosten WKK (c/kWh);0,3489;master_vast_2026.csv;
2026;jan;Onderneming;Elektriciteit;Afname;Mega (handelsnaam van Power Online);SMART GREEN FIXED;Vast;Tweevoudige meter dagtarief (c/kWh);14,651;master_vast_2026.csv;
2026;jan;Onderneming;Elektriciteit;Afname;Mega (handelsnaam van Power Online);SMART GREEN FIXED;Vast;Tweevoudige meter nachttarief (c/kWh);12,555;master_vast_2026.csv;
2026;jan;Onderneming;Elektriciteit;Afname;Mega (handelsnaam van Power Online);SMART GREEN FIXED;Vast;Uitsluitend nachtmeter (c/kWh);12,555;master_vast_2026.csv;
2026;jan;Onderneming;Elektriciteit;Afname;Mega (handelsnaam van Power Online);SMART GREEN FIXED;Vast;Vaste vergoeding ();105;master_vast_2026.csv;
2026;jan;Onderneming;Elektriciteit;Afname;Mega (handelsnaam van Power Online);Speciale aanbieding Testaankoop Fixed 2025;Vast;Enkelvoudige meter dagtarief (c/kWh);12,009;master_vast_2026.csv;
2026;jan;Onderneming;Elektriciteit;Afname;Mega (handelsnaam van Power Online);Speciale aanbieding Testaankoop Fixed 2025;Vast;Kosten groene stroom (c/kWh);1,11793;master_vast_2026.csv;
2026;jan;Onderneming;Elektriciteit;Afname;Mega (handelsnaam van Power Online);Speciale aanbieding Testaankoop Fixed 2025;Vast;Kosten WKK (c/kWh);0,3489;master_vast_2026.csv;
2026;jan;Onderneming;Elektriciteit;Afname;Mega (handelsnaam van Power Online);Speciale aanbieding Testaankoop Fixed 2025;Vast;Tweevoudige meter dagtarief (c/kWh);13,15;master_vast_2026.csv;
2026;jan;Onderneming;Elektriciteit;Afname;Mega (handelsnaam van Power Online);Speciale aanbieding Testaankoop Fixed 2025;Vast;Tweevoudige meter nachttarief (c/kWh);11,018;master_vast_2026.csv;
2026;jan;Onderneming;Elektriciteit;Afname;Mega (handelsnaam van Power Online);Speciale aanbieding Testaankoop Fixed 2025;Vast;Uitsluitend nachtmeter (c/kWh);11,018;master_vast_2026.csv;
2026;jan;Onderneming;Elektriciteit;Afname;Mega (handelsnaam van Power Online);Speciale aanbieding Testaankoop Fixed 2025;Vast;Vaste vergoeding ();40;master_vast_2026.csv;
2026;jan;Onderneming;Elektriciteit;Afname;TotalEnergies;proComfort Vast;Vast;Enkelvoudige meter dagtarief (c/kWh);12,15193;master_vast_2026.csv;
2026;jan;Onderneming;Elektriciteit;Afname;TotalEnergies;proComfort Vast;Vast;Kosten groene stroom (c/kWh);1,0945;master_vast_2026.csv;
2026;jan;Onderneming;Elektriciteit;Afname;TotalEnergies;proComfort Vast;Vast;Kosten WKK (c/kWh);0,385;master_vast_2026.csv;
2026;jan;Onderneming;Elektriciteit;Afname;TotalEnergies;proComfort Vast;Vast;Tweevoudige meter dagtarief (c/kWh);12,94668;master_vast_2026.csv;
2026;jan;Onderneming;Elektriciteit;Afname;TotalEnergies;proComfort Vast;Vast;Tweevoudige meter nachttarief (c/kWh);11,42115;master_vast_2026.csv;
2026;jan;Onderneming;Elektriciteit;Afname;TotalEnergies;proComfort Vast;Vast;Uitsluitend nachtmeter (c/kWh);11,40891;master_vast_2026.csv;
2026;jan;Onderneming;Elektriciteit;Afname;TotalEnergies;proComfort Vast;Vast;Vaste vergoeding ();90;master_vast_2026.csv;
2026;jan;Onderneming;Elektriciteit;Afname;TotalEnergies;proEssential Vast;Vast;Enkelvoudige meter dagtarief (c/kWh);11,75742;master_vast_2026.csv;
2026;jan;Onderneming;Elektriciteit;Afname;TotalEnergies;proEssential Vast;Vast;Kosten groene stroom (c/kWh);1,0904;master_vast_2026.csv;
2026;jan;Onderneming;Elektriciteit;Afname;TotalEnergies;proEssential Vast;Vast;Kosten WKK (c/kWh);0,329;master_vast_2026.csv;
2026;jan;Onderneming;Elektriciteit;Afname;TotalEnergies;proEssential Vast;Vast;Tweevoudige meter dagtarief (c/kWh);12,55217;master_vast_2026.csv;
2026;jan;Onderneming;Elektriciteit;Afname;TotalEnergies;proEssential Vast;Vast;Tweevoudige meter nachttarief (c/kWh);11,02664;master_vast_2026.csv;
2026;jan;Onderneming;Elektriciteit;Afname;TotalEnergies;proEssential Vast;Vast;Uitsluitend nachtmeter (c/kWh);11,0144;master_vast_2026.csv;
2026;jan;Onderneming;Elektriciteit;Afname;TotalEnergies;proEssential Vast;Vast;Vaste vergoeding ();35;master_vast_2026.csv;
2026;jan;Onderneming;Elektriciteit;Afname;Trevion;Trevion Groene Energie Vast;Vast;Enkelvoudige meter dagtarief (c/kWh);12,9403;master_vast_2026.csv;
2026;jan;Onderneming;Elektriciteit;Afname;Trevion;Trevion Groene Energie Vast;Vast;Kosten groene stroom (c/kWh);1,1;master_vast_2026.csv;
2026;jan;Onderneming;Elektriciteit;Afname;Trevion;Trevion Groene Energie Vast;Vast;Kosten WKK (c/kWh);0,42;master_vast_2026.csv;
2026;jan;Onderneming;Elektriciteit;Afname;Trevion;Trevion Groene Energie Vast;Vast;Tweevoudige meter dagtarief (c/kWh);14,3353;master_vast_2026.csv;
2026;jan;Onderneming;Elektriciteit;Afname;Trevion;Trevion Groene Energie Vast;Vast;Tweevoudige meter nachttarief (c/kWh);11,6671;master_vast_2026.csv;
2026;jan;Onderneming;Elektriciteit;Afname;Trevion;Trevion Groene Energie Vast;Vast;Uitsluitend nachtmeter (c/kWh);11,6671;master_vast_2026.csv;
2026;jan;Onderneming;Elektriciteit;Afname;Trevion;Trevion Groene Energie Vast;Vast;Vaste vergoeding ();49;master_vast_2026.csv;
2026;jan;Onderneming;Elektriciteit;Injectie;Ecopower;Ecopower terugleververgoeding;Vast;Enkelvoudige meter dagtarief (c/kWh);2;master_vast_2026.csv;
2026;jan;Onderneming;Elektriciteit;Injectie;Ecopower;Ecopower terugleververgoeding;Vast;Tweevoudige meter dagtarief (c/kWh);2;master_vast_2026.csv;
2026;jan;Onderneming;Elektriciteit;Injectie;Ecopower;Ecopower terugleververgoeding;Vast;Tweevoudige meter nachttarief (c/kWh);2;master_vast_2026.csv;
2026;jan;Onderneming;Elektriciteit;Injectie;Ecopower;Ecopower terugleververgoeding;Vast;Vaste vergoeding ();0;master_vast_2026.csv;
2026;jan;Onderneming;Elektriciteit;Injectie;ENGIE (handelsnaam van Electrabel) ;Easy pro;Vast;Enkelvoudige meter dagtarief (c/kWh);1,448;master_vast_2026.csv;
2026;jan;Onderneming;Elektriciteit;Injectie;ENGIE (handelsnaam van Electrabel) ;Easy pro;Vast;Tweevoudige meter dagtarief (c/kWh);1,448;master_vast_2026.csv;
2026;jan;Onderneming;Elektriciteit;Injectie;ENGIE (handelsnaam van Electrabel) ;Easy pro;Vast;Tweevoudige meter nachttarief (c/kWh);1,448;master_vast_2026.csv;
2026;jan;Onderneming;Elektriciteit;Injectie;ENGIE (handelsnaam van Electrabel) ;Easy pro;Vast;Vaste vergoeding ();0;master_vast_2026.csv;
2026;jan;Onderneming;Elektriciteit;Injectie;ENGIE (handelsnaam van Electrabel) ;Empower Pro;Vast;Enkelvoudige meter dagtarief (c/kWh);1,448;master_vast_2026.csv;
2026;jan;Onderneming;Elektriciteit;Injectie;ENGIE (handelsnaam van Electrabel) ;Empower Pro;Vast;Tweevoudige meter dagtarief (c/kWh);1,448;master_vast_2026.csv;
2026;jan;Onderneming;Elektriciteit;Injectie;ENGIE (handelsnaam van Electrabel) ;Empower Pro;Vast;Tweevoudige meter nachttarief (c/kWh);1,448;master_vast_2026.csv;
2026;jan;Onderneming;Elektriciteit;Injectie;ENGIE (handelsnaam van Electrabel) ;Empower Pro;Vast;Vaste vergoeding ();0;master_vast_2026.csv;
2026;jan;Onderneming;Elektriciteit;Injectie;Mega (handelsnaam van Power Online);COSY GREEN FIXED;Vast;Enkelvoudige meter dagtarief (c/kWh);0,983;master_vast_2026.csv;
2026;jan;Onderneming;Elektriciteit;Injectie;Mega (handelsnaam van Power Online);COSY GREEN FIXED;Vast;Tweevoudige meter dagtarief (c/kWh);0,983;master_vast_2026.csv;
2026;jan;Onderneming;Elektriciteit;Injectie;Mega (handelsnaam van Power Online);COSY GREEN FIXED;Vast;Tweevoudige meter nachttarief (c/kWh);0,983;master_vast_2026.csv;
2026;jan;Onderneming;Elektriciteit;Injectie;Mega (handelsnaam van Power Online);COSY GREEN FIXED;Vast;Vaste vergoeding ();0;master_vast_2026.csv;
2026;jan;Onderneming;Elektriciteit;Injectie;Mega (handelsnaam van Power Online);ONLINE FIXED;Vast;Enkelvoudige meter dagtarief (c/kWh);0,983;master_vast_2026.csv;
2026;jan;Onderneming;Elektriciteit;Injectie;Mega (handelsnaam van Power Online);ONLINE FIXED;Vast;Tweevoudige meter dagtarief (c/kWh);0,983;master_vast_2026.csv;
2026;jan;Onderneming;Elektriciteit;Injectie;Mega (handelsnaam van Power Online);ONLINE FIXED;Vast;Tweevoudige meter nachttarief (c/kWh);0,983;master_vast_2026.csv;
2026;jan;Onderneming;Elektriciteit;Injectie;Mega (handelsnaam van Power Online);ONLINE FIXED;Vast;Vaste vergoeding ();0;master_vast_2026.csv;
2026;jan;Onderneming;Elektriciteit;Injectie;Mega (handelsnaam van Power Online);PREPAID FIXED;Vast;Enkelvoudige meter dagtarief (c/kWh);1,883;master_vast_2026.csv;
2026;jan;Onderneming;Elektriciteit;Injectie;Mega (handelsnaam van Power Online);PREPAID FIXED;Vast;Tweevoudige meter dagtarief (c/kWh);1,883;master_vast_2026.csv;
2026;jan;Onderneming;Elektriciteit;Injectie;Mega (handelsnaam van Power Online);PREPAID FIXED;Vast;Tweevoudige meter nachttarief (c/kWh);1,883;master_vast_2026.csv;
2026;jan;Onderneming;Elektriciteit;Injectie;Mega (handelsnaam van Power Online);PREPAID FIXED;Vast;Vaste vergoeding ();0;master_vast_2026.csv;
2026;jan;Onderneming;Elektriciteit;Injectie;Mega (handelsnaam van Power Online);SMART GREEN FIXED;Vast;Enkelvoudige meter dagtarief (c/kWh);0,519;master_vast_2026.csv;
2026;jan;Onderneming;Elektriciteit;Injectie;Mega (handelsnaam van Power Online);SMART GREEN FIXED;Vast;Tweevoudige meter dagtarief (c/kWh);0,519;master_vast_2026.csv;
2026;jan;Onderneming;Elektriciteit;Injectie;Mega (handelsnaam van Power Online);SMART GREEN FIXED;Vast;Tweevoudige meter nachttarief (c/kWh);0,519;master_vast_2026.csv;
2026;jan;Onderneming;Elektriciteit;Injectie;Mega (handelsnaam van Power Online);SMART GREEN FIXED;Vast;Vaste vergoeding ();0;master_vast_2026.csv;
2026;jan;Onderneming;Elektriciteit;Injectie;Mega (handelsnaam van Power Online);Speciale aanbieding Testaankoop Fixed 2025;Vast;Enkelvoudige meter dagtarief (c/kWh);1,883;master_vast_2026.csv;
2026;jan;Onderneming;Elektriciteit;Injectie;Mega (handelsnaam van Power Online);Speciale aanbieding Testaankoop Fixed 2025;Vast;Tweevoudige meter dagtarief (c/kWh);1,883;master_vast_2026.csv;
2026;jan;Onderneming;Elektriciteit;Injectie;Mega (handelsnaam van Power Online);Speciale aanbieding Testaankoop Fixed 2025;Vast;Tweevoudige meter nachttarief (c/kWh);1,883;master_vast_2026.csv;
2026;jan;Onderneming;Elektriciteit;Injectie;Mega (handelsnaam van Power Online);Speciale aanbieding Testaankoop Fixed 2025;Vast;Vaste vergoeding ();0;master_vast_2026.csv;
2026;jan;Onderneming;Elektriciteit;Injectie;Trevion;Trevion Groene Energie Vast Teruglevering;Vast;Enkelvoudige meter dagtarief (c/kWh);2,8866;master_vast_2026.csv;
2026;jan;Onderneming;Elektriciteit;Injectie;Trevion;Trevion Groene Energie Vast Teruglevering;Vast;Tweevoudige meter dagtarief (c/kWh);3,215;master_vast_2026.csv;
2026;jan;Onderneming;Elektriciteit;Injectie;Trevion;Trevion Groene Energie Vast Teruglevering;Vast;Tweevoudige meter nachttarief (c/kWh);2,0655;master_vast_2026.csv;
2026;jan;Onderneming;Elektriciteit;Injectie;Trevion;Trevion Groene Energie Vast Teruglevering;Vast;Vaste vergoeding ();0;master_vast_2026.csv;
2026;jan;Onderneming;Elektriciteit;Injectie;Wase Wind;Vast-dynamisch;Vast;Enkelvoudige meter dagtarief (c/kWh);2;master_vast_2026.csv;
2026;jan;Onderneming;Elektriciteit;Injectie;Wase Wind;Vast-dynamisch;Vast;Tweevoudige meter dagtarief (c/kWh);2;master_vast_2026.csv;
2026;jan;Onderneming;Elektriciteit;Injectie;Wase Wind;Vast-dynamisch;Vast;Tweevoudige meter nachttarief (c/kWh);2;master_vast_2026.csv;
2026;jan;Onderneming;Elektriciteit;Injectie;Wase Wind;Vast-dynamisch;Vast;Vaste vergoeding ();0;master_vast_2026.csv;
2026;jan;Onderneming;Elektriciteit;Injectie;Wase Wind;Vast-variabel;Vast;Enkelvoudige meter dagtarief (c/kWh);2;master_vast_2026.csv;
2026;jan;Onderneming;Elektriciteit;Injectie;Wase Wind;Vast-variabel;Vast;Tweevoudige meter dagtarief (c/kWh);2;master_vast_2026.csv;
2026;jan;Onderneming;Elektriciteit;Injectie;Wase Wind;Vast-variabel;Vast;Tweevoudige meter nachttarief (c/kWh);2;master_vast_2026.csv;
2026;jan;Onderneming;Elektriciteit;Injectie;Wase Wind;Vast-variabel;Vast;Vaste vergoeding ();0;master_vast_2026.csv;
2026;jan;Onderneming;Gas;Afname;Bolt;Bolt Vast;Vast;Enkelvoudige meter dagtarief (c/kWh);3,91;master_vast_2026.csv;
2026;jan;Onderneming;Gas;Afname;Bolt;Bolt Vast;Vast;Vaste vergoeding ();167,88;master_vast_2026.csv;
2026;jan;Onderneming;Gas;Afname;Bolt;Plenty Vast;Vast;Enkelvoudige meter dagtarief (c/kWh);3,91;master_vast_2026.csv;
2026;jan;Onderneming;Gas;Afname;Bolt;Plenty Vast;Vast;Vaste vergoeding ();119,88;master_vast_2026.csv;
2026;jan;Onderneming;Gas;Afname;Elegant;Zeker & Vast;Vast;Enkelvoudige meter dagtarief (c/kWh);3,997;master_vast_2026.csv;
2026;jan;Onderneming;Gas;Afname;Elegant;Zeker & Vast;Vast;Vaste vergoeding ();99,17355;master_vast_2026.csv;
2026;jan;Onderneming;Gas;Afname;Eneco Belgium;Eneco Aardgas Vast;Vast;Enkelvoudige meter dagtarief (c/kWh);4,084;master_vast_2026.csv;
2026;jan;Onderneming;Gas;Afname;Eneco Belgium;Eneco Aardgas Vast;Vast;Vaste vergoeding ();95;master_vast_2026.csv;
2026;jan;Onderneming;Gas;Afname;Energie.be;Gas vast professioneel online;Vast;Enkelvoudige meter dagtarief (c/kWh);4,31;master_vast_2026.csv;
2026;jan;Onderneming;Gas;Afname;Energie.be;Gas vast professioneel online;Vast;Vaste vergoeding ();60;master_vast_2026.csv;
2026;jan;Onderneming;Gas;Afname;ENGIE (handelsnaam van Electrabel) ;Easy pro;Vast;Enkelvoudige meter dagtarief (c/kWh);4,471;master_vast_2026.csv;
2026;jan;Onderneming;Gas;Afname;ENGIE (handelsnaam van Electrabel) ;Easy pro;Vast;Vaste vergoeding ();55;master_vast_2026.csv;
2026;jan;Onderneming;Gas;Afname;ENGIE (handelsnaam van Electrabel) ;Empower Pro;Vast;Enkelvoudige meter dagtarief (c/kWh);4,471;master_vast_2026.csv;
2026;jan;Onderneming;Gas;Afname;ENGIE (handelsnaam van Electrabel) ;Empower Pro;Vast;Vaste vergoeding ();55;master_vast_2026.csv;
2026;jan;Onderneming;Gas;Afname;Luminus;BasicFix Pro Online;Vast;Enkelvoudige meter dagtarief (c/kWh);4,46922;master_vast_2026.csv;
2026;jan;Onderneming;Gas;Afname;Luminus;BasicFix Pro Online;Vast;Vaste vergoeding ();20;master_vast_2026.csv;
2026;jan;Onderneming;Gas;Afname;Luminus;Comfy Pro;Vast;Enkelvoudige meter dagtarief (c/kWh);4,96232;master_vast_2026.csv;
2026;jan;Onderneming;Gas;Afname;Luminus;Comfy Pro;Vast;Vaste vergoeding ();50;master_vast_2026.csv;
2026;jan;Onderneming;Gas;Afname;Luminus;Comfy Pro+;Vast;Enkelvoudige meter dagtarief (c/kWh);5,33732;master_vast_2026.csv;
2026;jan;Onderneming;Gas;Afname;Luminus;Comfy Pro+;Vast;Vaste vergoeding ();50;master_vast_2026.csv;
2026;jan;Onderneming;Gas;Afname;Luminus;MaxxFix Pro;Vast;Enkelvoudige meter dagtarief (c/kWh);4,88223;master_vast_2026.csv;
2026;jan;Onderneming;Gas;Afname;Luminus;MaxxFix Pro;Vast;Vaste vergoeding ();50;master_vast_2026.csv;
2026;jan;Onderneming;Gas;Afname;Mega (handelsnaam van Power Online);COSY FIXED;Vast;Enkelvoudige meter dagtarief (c/kWh);4,231;master_vast_2026.csv;
2026;jan;Onderneming;Gas;Afname;Mega (handelsnaam van Power Online);COSY FIXED;Vast;Vaste vergoeding ();135;master_vast_2026.csv;
2026;jan;Onderneming;Gas;Afname;Mega (handelsnaam van Power Online);ONLINE FIXED;Vast;Enkelvoudige meter dagtarief (c/kWh);4,031;master_vast_2026.csv;
2026;jan;Onderneming;Gas;Afname;Mega (handelsnaam van Power Online);ONLINE FIXED;Vast;Vaste vergoeding ();55;master_vast_2026.csv;
2026;jan;Onderneming;Gas;Afname;Mega (handelsnaam van Power Online);PREPAID FIXED;Vast;Enkelvoudige meter dagtarief (c/kWh);3,431;master_vast_2026.csv;
2026;jan;Onderneming;Gas;Afname;Mega (handelsnaam van Power Online);PREPAID FIXED;Vast;Vaste vergoeding ();45;master_vast_2026.csv;
2026;jan;Onderneming;Gas;Afname;Mega (handelsnaam van Power Online);SMART FIXED;Vast;Enkelvoudige meter dagtarief (c/kWh);4,263;master_vast_2026.csv;
2026;jan;Onderneming;Gas;Afname;Mega (handelsnaam van Power Online);SMART FIXED;Vast;Vaste vergoeding ();105;master_vast_2026.csv;
2026;jan;Onderneming;Gas;Afname;Mega (handelsnaam van Power Online);Speciale aanbieding Testaankoop Fixed 2025;Vast;Enkelvoudige meter dagtarief (c/kWh);3,631;master_vast_2026.csv;
2026;jan;Onderneming;Gas;Afname;Mega (handelsnaam van Power Online);Speciale aanbieding Testaankoop Fixed 2025;Vast;Vaste vergoeding ();40;master_vast_2026.csv;
2026;jan;Onderneming;Gas;Afname;TotalEnergies;proComfort Vast;Vast;Enkelvoudige meter dagtarief (c/kWh);4,1;master_vast_2026.csv;
2026;jan;Onderneming;Gas;Afname;TotalEnergies;proComfort Vast;Vast;Vaste vergoeding ();90;master_vast_2026.csv;
2026;jan;Onderneming;Gas;Afname;TotalEnergies;proEssential Vast;Vast;Enkelvoudige meter dagtarief (c/kWh);4,1;master_vast_2026.csv;
2026;jan;Onderneming;Gas;Afname;TotalEnergies;proEssential Vast;Vast;Vaste vergoeding ();35;master_vast_2026.csv;
2026;jan;Woning;Elektriciteit;Afname;Bolt;Bolt Vast;Vast;Enkelvoudige meter dagtarief (c/kWh);12,517;master_vast_2026.csv;
2026;jan;Woning;Elektriciteit;Afname;Bolt;Bolt Vast;Vast;Kosten groene stroom (c/kWh);1,10302;master_vast_2026.csv;
2026;jan;Woning;Elektriciteit;Afname;Bolt;Bolt Vast;Vast;Kosten WKK (c/kWh);0,36414;master_vast_2026.csv;
2026;jan;Woning;Elektriciteit;Afname;Bolt;Bolt Vast;Vast;Tweevoudige meter dagtarief (c/kWh);12,517;master_vast_2026.csv;
2026;jan;Woning;Elektriciteit;Afname;Bolt;Bolt Vast;Vast;Tweevoudige meter nachttarief (c/kWh);12,517;master_vast_2026.csv;
2026;jan;Woning;Elektriciteit;Afname;Bolt;Bolt Vast;Vast;Uitsluitend nachtmeter (c/kWh);12,517;master_vast_2026.csv;
2026;jan;Woning;Elektriciteit;Afname;Bolt;Bolt Vast;Vast;Vaste vergoeding ();124,4151;master_vast_2026.csv;
2026;jan;Woning;Elektriciteit;Afname;Bolt;Plenty Vast;Vast;Enkelvoudige meter dagtarief (c/kWh);12,517;master_vast_2026.csv;
2026;jan;Woning;Elektriciteit;Afname;Bolt;Plenty Vast;Vast;Kosten groene stroom (c/kWh);1,10302;master_vast_2026.csv;
2026;jan;Woning;Elektriciteit;Afname;Bolt;Plenty Vast;Vast;Kosten WKK (c/kWh);0,36414;master_vast_2026.csv;
2026;jan;Woning;Elektriciteit;Afname;Bolt;Plenty Vast;Vast;Tweevoudige meter dagtarief (c/kWh);12,517;master_vast_2026.csv;
2026;jan;Woning;Elektriciteit;Afname;Bolt;Plenty Vast;Vast;Tweevoudige meter nachttarief (c/kWh);12,517;master_vast_2026.csv;
2026;jan;Woning;Elektriciteit;Afname;Bolt;Plenty Vast;Vast;Uitsluitend nachtmeter (c/kWh);12,517;master_vast_2026.csv;
2026;jan;Woning;Elektriciteit;Afname;Bolt;Plenty Vast;Vast;Vaste vergoeding ();67,81;master_vast_2026.csv;
2026;jan;Woning;Elektriciteit;Afname;Elegant;Zeker & Vast;Vast;Enkelvoudige meter dagtarief (c/kWh);13,89;master_vast_2026.csv;
2026;jan;Woning;Elektriciteit;Afname;Elegant;Zeker & Vast;Vast;Kosten groene stroom (c/kWh);1,1;master_vast_2026.csv;
2026;jan;Woning;Elektriciteit;Afname;Elegant;Zeker & Vast;Vast;Kosten WKK (c/kWh);0,392;master_vast_2026.csv;
2026;jan;Woning;Elektriciteit;Afname;Elegant;Zeker & Vast;Vast;Tweevoudige meter dagtarief (c/kWh);15,973;master_vast_2026.csv;
2026;jan;Woning;Elektriciteit;Afname;Elegant;Zeker & Vast;Vast;Tweevoudige meter nachttarief (c/kWh);11,806;master_vast_2026.csv;
2026;jan;Woning;Elektriciteit;Afname;Elegant;Zeker & Vast;Vast;Uitsluitend nachtmeter (c/kWh);11,806;master_vast_2026.csv;
2026;jan;Woning;Elektriciteit;Afname;Elegant;Zeker & Vast;Vast;Vaste vergoeding ();113,20755;master_vast_2026.csv;
2026;jan;Woning;Elektriciteit;Afname;Eneco Belgium;Eneco Zon & Wind Vast;Vast;Enkelvoudige meter dagtarief (c/kWh);13,269;master_vast_2026.csv;
2026;jan;Woning;Elektriciteit;Afname;Eneco Belgium;Eneco Zon & Wind Vast;Vast;Kosten groene stroom (c/kWh);1,096;master_vast_2026.csv;
2026;jan;Woning;Elektriciteit;Afname;Eneco Belgium;Eneco Zon & Wind Vast;Vast;Kosten WKK (c/kWh);0,337;master_vast_2026.csv;
2026;jan;Woning;Elektriciteit;Afname;Eneco Belgium;Eneco Zon & Wind Vast;Vast;Tweevoudige meter dagtarief (c/kWh);14,9;master_vast_2026.csv;
2026;jan;Woning;Elektriciteit;Afname;Eneco Belgium;Eneco Zon & Wind Vast;Vast;Tweevoudige meter nachttarief (c/kWh);11,897;master_vast_2026.csv;
2026;jan;Woning;Elektriciteit;Afname;Eneco Belgium;Eneco Zon & Wind Vast;Vast;Uitsluitend nachtmeter (c/kWh);11,897;master_vast_2026.csv;
2026;jan;Woning;Elektriciteit;Afname;Eneco Belgium;Eneco Zon & Wind Vast;Vast;Vaste vergoeding ();61,321;master_vast_2026.csv;
2026;jan;Woning;Elektriciteit;Afname;Energie.be;Elektriciteit vast online;Vast;Enkelvoudige meter dagtarief (c/kWh);12,85;master_vast_2026.csv;
2026;jan;Woning;Elektriciteit;Afname;Energie.be;Elektriciteit vast online;Vast;Kosten groene stroom (c/kWh);1,103;master_vast_2026.csv;
2026;jan;Woning;Elektriciteit;Afname;Energie.be;Elektriciteit vast online;Vast;Kosten WKK (c/kWh);0,364;master_vast_2026.csv;
2026;jan;Woning;Elektriciteit;Afname;Energie.be;Elektriciteit vast online;Vast;Tweevoudige meter dagtarief (c/kWh);12,85;master_vast_2026.csv;
2026;jan;Woning;Elektriciteit;Afname;Energie.be;Elektriciteit vast online;Vast;Tweevoudige meter nachttarief (c/kWh);12,85;master_vast_2026.csv;
2026;jan;Woning;Elektriciteit;Afname;Energie.be;Elektriciteit vast online;Vast;Uitsluitend nachtmeter (c/kWh);12,85;master_vast_2026.csv;
2026;jan;Woning;Elektriciteit;Afname;Energie.be;Elektriciteit vast online;Vast;Vaste vergoeding ();33,02;master_vast_2026.csv;
2026;jan;Woning;Elektriciteit;Afname;EnergyVision;Goedkope Stroom 3 jaar vast ;Vast;Enkelvoudige meter dagtarief (c/kWh);12,8;master_vast_2026.csv;
2026;jan;Woning;Elektriciteit;Afname;EnergyVision;Goedkope Stroom 3 jaar vast ;Vast;Kosten groene stroom (c/kWh);1,1;master_vast_2026.csv;
2026;jan;Woning;Elektriciteit;Afname;EnergyVision;Goedkope Stroom 3 jaar vast ;Vast;Kosten WKK (c/kWh);0,366;master_vast_2026.csv;
2026;jan;Woning;Elektriciteit;Afname;EnergyVision;Goedkope Stroom 3 jaar vast ;Vast;Tweevoudige meter dagtarief (c/kWh);12,8;master_vast_2026.csv;
2026;jan;Woning;Elektriciteit;Afname;EnergyVision;Goedkope Stroom 3 jaar vast ;Vast;Tweevoudige meter nachttarief (c/kWh);12,8;master_vast_2026.csv;
2026;jan;Woning;Elektriciteit;Afname;EnergyVision;Goedkope Stroom 3 jaar vast ;Vast;Uitsluitend nachtmeter (c/kWh);12,8;master_vast_2026.csv;
2026;jan;Woning;Elektriciteit;Afname;EnergyVision;Goedkope Stroom 3 jaar vast ;Vast;Vaste vergoeding ();70,75472;master_vast_2026.csv;
2026;jan;Woning;Elektriciteit;Afname;ENGIE (handelsnaam van Electrabel) ;Easy ;Vast;Enkelvoudige meter dagtarief (c/kWh);13,787;master_vast_2026.csv;
2026;jan;Woning;Elektriciteit;Afname;ENGIE (handelsnaam van Electrabel) ;Easy ;Vast;Kosten groene stroom (c/kWh);1,1;master_vast_2026.csv;
2026;jan;Woning;Elektriciteit;Afname;ENGIE (handelsnaam van Electrabel) ;Easy ;Vast;Kosten WKK (c/kWh);0,392;master_vast_2026.csv;
2026;jan;Woning;Elektriciteit;Afname;ENGIE (handelsnaam van Electrabel) ;Easy ;Vast;Tweevoudige meter dagtarief (c/kWh);14,676;master_vast_2026.csv;
2026;jan;Woning;Elektriciteit;Afname;ENGIE (handelsnaam van Electrabel) ;Easy ;Vast;Tweevoudige meter nachttarief (c/kWh);12,085;master_vast_2026.csv;
2026;jan;Woning;Elektriciteit;Afname;ENGIE (handelsnaam van Electrabel) ;Easy ;Vast;Uitsluitend nachtmeter (c/kWh);12,085;master_vast_2026.csv;
2026;jan;Woning;Elektriciteit;Afname;ENGIE (handelsnaam van Electrabel) ;Easy ;Vast;Vaste vergoeding ();65,09;master_vast_2026.csv;
2026;jan;Woning;Elektriciteit;Afname;ENGIE (handelsnaam van Electrabel) ;Empower;Vast;Enkelvoudige meter dagtarief (c/kWh);12,967;master_vast_2026.csv;
2026;jan;Woning;Elektriciteit;Afname;ENGIE (handelsnaam van Electrabel) ;Empower;Vast;Kosten groene stroom (c/kWh);1,1;master_vast_2026.csv;
2026;jan;Woning;Elektriciteit;Afname;ENGIE (handelsnaam van Electrabel) ;Empower;Vast;Kosten WKK (c/kWh);0,392;master_vast_2026.csv;
2026;jan;Woning;Elektriciteit;Afname;ENGIE (handelsnaam van Electrabel) ;Empower;Vast;Tweevoudige meter dagtarief (c/kWh);14,375;master_vast_2026.csv;
2026;jan;Woning;Elektriciteit;Afname;ENGIE (handelsnaam van Electrabel) ;Empower;Vast;Tweevoudige meter nachttarief (c/kWh);10,232;master_vast_2026.csv;
2026;jan;Woning;Elektriciteit;Afname;ENGIE (handelsnaam van Electrabel) ;Empower;Vast;Uitsluitend nachtmeter (c/kWh);12,085;master_vast_2026.csv;
2026;jan;Woning;Elektriciteit;Afname;ENGIE (handelsnaam van Electrabel) ;Empower;Vast;Vaste vergoeding ();80,19;master_vast_2026.csv;
2026;jan;Woning;Elektriciteit;Afname;Fluvius als sociale leverancier;Standaardtarief netbeheerder;Vast;Kosten groene stroom (c/kWh);0;master_vast_2026.csv;
2026;jan;Woning;Elektriciteit;Afname;Fluvius als sociale leverancier;Standaardtarief netbeheerder;Vast;Kosten WKK (c/kWh);0;master_vast_2026.csv;
2026;jan;Woning;Elektriciteit;Afname;Fluvius als sociale leverancier;Standaardtarief netbeheerder;Vast;Tweevoudige meter dagtarief (c/kWh);18,925;master_vast_2026.csv;
2026;jan;Woning;Elektriciteit;Afname;Fluvius als sociale leverancier;Standaardtarief netbeheerder;Vast;Uitsluitend nachtmeter (c/kWh);13,068;master_vast_2026.csv;
2026;jan;Woning;Elektriciteit;Afname;Fluvius als sociale leverancier;Standaardtarief netbeheerder;Vast;Vaste vergoeding ();0;master_vast_2026.csv;
2026;jan;Woning;Elektriciteit;Afname;Luminus;BasicFix Online;Vast;Enkelvoudige meter dagtarief (c/kWh);13,72253;master_vast_2026.csv;
2026;jan;Woning;Elektriciteit;Afname;Luminus;BasicFix Online;Vast;Kosten groene stroom (c/kWh);1,10302;master_vast_2026.csv;
2026;jan;Woning;Elektriciteit;Afname;Luminus;BasicFix Online;Vast;Kosten WKK (c/kWh);0,36414;master_vast_2026.csv;
2026;jan;Woning;Elektriciteit;Afname;Luminus;BasicFix Online;Vast;Tweevoudige meter dagtarief (c/kWh);15,44424;master_vast_2026.csv;
2026;jan;Woning;Elektriciteit;Afname;Luminus;BasicFix Online;Vast;Tweevoudige meter nachttarief (c/kWh);12,24968;master_vast_2026.csv;
2026;jan;Woning;Elektriciteit;Afname;Luminus;BasicFix Online;Vast;Uitsluitend nachtmeter (c/kWh);12,24968;master_vast_2026.csv;
2026;jan;Woning;Elektriciteit;Afname;Luminus;BasicFix Online;Vast;Vaste vergoeding ();23,58491;master_vast_2026.csv;
2026;jan;Woning;Elektriciteit;Afname;Luminus;Comfy;Vast;Enkelvoudige meter dagtarief (c/kWh);15,46409;master_vast_2026.csv;
2026;jan;Woning;Elektriciteit;Afname;Luminus;Comfy;Vast;Kosten groene stroom (c/kWh);1,10302;master_vast_2026.csv;
2026;jan;Woning;Elektriciteit;Afname;Luminus;Comfy;Vast;Kosten WKK (c/kWh);0,36414;master_vast_2026.csv;
2026;jan;Woning;Elektriciteit;Afname;Luminus;Comfy;Vast;Tweevoudige meter dagtarief (c/kWh);16,41989;master_vast_2026.csv;
2026;jan;Woning;Elektriciteit;Afname;Luminus;Comfy;Vast;Tweevoudige meter nachttarief (c/kWh);13,84928;master_vast_2026.csv;
2026;jan;Woning;Elektriciteit;Afname;Luminus;Comfy;Vast;Uitsluitend nachtmeter (c/kWh);13,84928;master_vast_2026.csv;
2026;jan;Woning;Elektriciteit;Afname;Luminus;Comfy;Vast;Vaste vergoeding ();61,32075;master_vast_2026.csv;
2026;jan;Woning;Elektriciteit;Afname;Luminus;Comfy+;Vast;Enkelvoudige meter dagtarief (c/kWh);17,17409;master_vast_2026.csv;
2026;jan;Woning;Elektriciteit;Afname;Luminus;Comfy+;Vast;Kosten groene stroom (c/kWh);1,10302;master_vast_2026.csv;
2026;jan;Woning;Elektriciteit;Afname;Luminus;Comfy+;Vast;Kosten WKK (c/kWh);0,36414;master_vast_2026.csv;
2026;jan;Woning;Elektriciteit;Afname;Luminus;Comfy+;Vast;Tweevoudige meter dagtarief (c/kWh);18,1027;master_vast_2026.csv;
2026;jan;Woning;Elektriciteit;Afname;Luminus;Comfy+;Vast;Tweevoudige meter nachttarief (c/kWh);15,43033;master_vast_2026.csv;
2026;jan;Woning;Elektriciteit;Afname;Luminus;Comfy+;Vast;Uitsluitend nachtmeter (c/kWh);15,43033;master_vast_2026.csv;
2026;jan;Woning;Elektriciteit;Afname;Luminus;Comfy+;Vast;Vaste vergoeding ();61,32075;master_vast_2026.csv;
2026;jan;Woning;Elektriciteit;Afname;Luminus;MaxxFix;Vast;Enkelvoudige meter dagtarief (c/kWh);14,00635;master_vast_2026.csv;
2026;jan;Woning;Elektriciteit;Afname;Luminus;MaxxFix;Vast;Kosten groene stroom (c/kWh);1,10302;master_vast_2026.csv;
2026;jan;Woning;Elektriciteit;Afname;Luminus;MaxxFix;Vast;Kosten WKK (c/kWh);0,36414;master_vast_2026.csv;
2026;jan;Woning;Elektriciteit;Afname;Luminus;MaxxFix;Vast;Tweevoudige meter dagtarief (c/kWh);14,98029;master_vast_2026.csv;
2026;jan;Woning;Elektriciteit;Afname;Luminus;MaxxFix;Vast;Tweevoudige meter nachttarief (c/kWh);12,39805;master_vast_2026.csv;
2026;jan;Woning;Elektriciteit;Afname;Luminus;MaxxFix;Vast;Uitsluitend nachtmeter (c/kWh);12,39805;master_vast_2026.csv;
2026;jan;Woning;Elektriciteit;Afname;Luminus;MaxxFix;Vast;Vaste vergoeding ();61,32075;master_vast_2026.csv;
2026;jan;Woning;Elektriciteit;Afname;Mega (handelsnaam van Power Online);COSY GREEN FIXED;Vast;Enkelvoudige meter dagtarief (c/kWh);13,959;master_vast_2026.csv;
2026;jan;Woning;Elektriciteit;Afname;Mega (handelsnaam van Power Online);COSY GREEN FIXED;Vast;Kosten groene stroom (c/kWh);1,11793;master_vast_2026.csv;
2026;jan;Woning;Elektriciteit;Afname;Mega (handelsnaam van Power Online);COSY GREEN FIXED;Vast;Kosten WKK (c/kWh);0,3489;master_vast_2026.csv;
2026;jan;Woning;Elektriciteit;Afname;Mega (handelsnaam van Power Online);COSY GREEN FIXED;Vast;Tweevoudige meter dagtarief (c/kWh);15,1;master_vast_2026.csv;
2026;jan;Woning;Elektriciteit;Afname;Mega (handelsnaam van Power Online);COSY GREEN FIXED;Vast;Tweevoudige meter nachttarief (c/kWh);12,968;master_vast_2026.csv;
2026;jan;Woning;Elektriciteit;Afname;Mega (handelsnaam van Power Online);COSY GREEN FIXED;Vast;Uitsluitend nachtmeter (c/kWh);12,968;master_vast_2026.csv;
2026;jan;Woning;Elektriciteit;Afname;Mega (handelsnaam van Power Online);COSY GREEN FIXED;Vast;Vaste vergoeding ();135;master_vast_2026.csv;
2026;jan;Woning;Elektriciteit;Afname;Mega (handelsnaam van Power Online);ONLINE FIXED;Vast;Enkelvoudige meter dagtarief (c/kWh);13,009;master_vast_2026.csv;
2026;jan;Woning;Elektriciteit;Afname;Mega (handelsnaam van Power Online);ONLINE FIXED;Vast;Kosten groene stroom (c/kWh);1,11793;master_vast_2026.csv;
2026;jan;Woning;Elektriciteit;Afname;Mega (handelsnaam van Power Online);ONLINE FIXED;Vast;Kosten WKK (c/kWh);0,3489;master_vast_2026.csv;
2026;jan;Woning;Elektriciteit;Afname;Mega (handelsnaam van Power Online);ONLINE FIXED;Vast;Tweevoudige meter dagtarief (c/kWh);14,15;master_vast_2026.csv;
2026;jan;Woning;Elektriciteit;Afname;Mega (handelsnaam van Power Online);ONLINE FIXED;Vast;Tweevoudige meter nachttarief (c/kWh);12,018;master_vast_2026.csv;
2026;jan;Woning;Elektriciteit;Afname;Mega (handelsnaam van Power Online);ONLINE FIXED;Vast;Uitsluitend nachtmeter (c/kWh);12,018;master_vast_2026.csv;
2026;jan;Woning;Elektriciteit;Afname;Mega (handelsnaam van Power Online);ONLINE FIXED;Vast;Vaste vergoeding ();55;master_vast_2026.csv;
2026;jan;Woning;Elektriciteit;Afname;Mega (handelsnaam van Power Online);PREPAID FIXED;Vast;Enkelvoudige meter dagtarief (c/kWh);11,109;master_vast_2026.csv;
2026;jan;Woning;Elektriciteit;Afname;Mega (handelsnaam van Power Online);PREPAID FIXED;Vast;Kosten groene stroom (c/kWh);1,11793;master_vast_2026.csv;
2026;jan;Woning;Elektriciteit;Afname;Mega (handelsnaam van Power Online);PREPAID FIXED;Vast;Kosten WKK (c/kWh);0,3489;master_vast_2026.csv;
2026;jan;Woning;Elektriciteit;Afname;Mega (handelsnaam van Power Online);PREPAID FIXED;Vast;Tweevoudige meter dagtarief (c/kWh);12,25;master_vast_2026.csv;
2026;jan;Woning;Elektriciteit;Afname;Mega (handelsnaam van Power Online);PREPAID FIXED;Vast;Tweevoudige meter nachttarief (c/kWh);10,118;master_vast_2026.csv;
2026;jan;Woning;Elektriciteit;Afname;Mega (handelsnaam van Power Online);PREPAID FIXED;Vast;Uitsluitend nachtmeter (c/kWh);10,118;master_vast_2026.csv;
2026;jan;Woning;Elektriciteit;Afname;Mega (handelsnaam van Power Online);PREPAID FIXED;Vast;Vaste vergoeding ();45;master_vast_2026.csv;
2026;jan;Woning;Elektriciteit;Afname;Mega (handelsnaam van Power Online);SMART GREEN FIXED;Vast;Enkelvoudige meter dagtarief (c/kWh);14,03;master_vast_2026.csv;
2026;jan;Woning;Elektriciteit;Afname;Mega (handelsnaam van Power Online);SMART GREEN FIXED;Vast;Kosten groene stroom (c/kWh);1,11793;master_vast_2026.csv;
2026;jan;Woning;Elektriciteit;Afname;Mega (handelsnaam van Power Online);SMART GREEN FIXED;Vast;Kosten WKK (c/kWh);0,3489;master_vast_2026.csv;
2026;jan;Woning;Elektriciteit;Afname;Mega (handelsnaam van Power Online);SMART GREEN FIXED;Vast;Tweevoudige meter dagtarief (c/kWh);15,151;master_vast_2026.csv;
2026;jan;Woning;Elektriciteit;Afname;Mega (handelsnaam van Power Online);SMART GREEN FIXED;Vast;Tweevoudige meter nachttarief (c/kWh);13,055;master_vast_2026.csv;
2026;jan;Woning;Elektriciteit;Afname;Mega (handelsnaam van Power Online);SMART GREEN FIXED;Vast;Uitsluitend nachtmeter (c/kWh);13,055;master_vast_2026.csv;
2026;jan;Woning;Elektriciteit;Afname;Mega (handelsnaam van Power Online);SMART GREEN FIXED;Vast;Vaste vergoeding ();105;master_vast_2026.csv;
2026;jan;Woning;Elektriciteit;Afname;Mega (handelsnaam van Power Online);Speciale aanbieding Testaankoop Fixed 2025;Vast;Enkelvoudige meter dagtarief (c/kWh);12,009;master_vast_2026.csv;
2026;jan;Woning;Elektriciteit;Afname;Mega (handelsnaam van Power Online);Speciale aanbieding Testaankoop Fixed 2025;Vast;Kosten groene stroom (c/kWh);1,11793;master_vast_2026.csv;
2026;jan;Woning;Elektriciteit;Afname;Mega (handelsnaam van Power Online);Speciale aanbieding Testaankoop Fixed 2025;Vast;Kosten WKK (c/kWh);0,3489;master_vast_2026.csv;
2026;jan;Woning;Elektriciteit;Afname;Mega (handelsnaam van Power Online);Speciale aanbieding Testaankoop Fixed 2025;Vast;Tweevoudige meter dagtarief (c/kWh);13,15;master_vast_2026.csv;
2026;jan;Woning;Elektriciteit;Afname;Mega (handelsnaam van Power Online);Speciale aanbieding Testaankoop Fixed 2025;Vast;Tweevoudige meter nachttarief (c/kWh);11,018;master_vast_2026.csv;
2026;jan;Woning;Elektriciteit;Afname;Mega (handelsnaam van Power Online);Speciale aanbieding Testaankoop Fixed 2025;Vast;Uitsluitend nachtmeter (c/kWh);11,018;master_vast_2026.csv;
2026;jan;Woning;Elektriciteit;Afname;Mega (handelsnaam van Power Online);Speciale aanbieding Testaankoop Fixed 2025;Vast;Vaste vergoeding ();40;master_vast_2026.csv;
2026;jan;Woning;Elektriciteit;Afname;Mogelijk bij elke energieleverancier ;Sociaal tarief;Vast;bijdrage op de energie;0;master_vast_2026.csv;
2026;jan;Woning;Elektriciteit;Afname;Mogelijk bij elke energieleverancier ;Sociaal tarief;Vast;Enkelvoudige meter dagtarief (c/kWh);12,134;master_vast_2026.csv;
2026;jan;Woning;Elektriciteit;Afname;Mogelijk bij elke energieleverancier ;Sociaal tarief;Vast;Kosten groene stroom (c/kWh);0;master_vast_2026.csv;
2026;jan;Woning;Elektriciteit;Afname;Mogelijk bij elke energieleverancier ;Sociaal tarief;Vast;Kosten WKK (c/kWh);0;master_vast_2026.csv;
2026;jan;Woning;Elektriciteit;Afname;Mogelijk bij elke energieleverancier ;Sociaal tarief;Vast;Tweevoudige meter dagtarief (c/kWh);12,134;master_vast_2026.csv;
2026;jan;Woning;Elektriciteit;Afname;Mogelijk bij elke energieleverancier ;Sociaal tarief;Vast;Tweevoudige meter nachttarief (c/kWh);10,285;master_vast_2026.csv;
2026;jan;Woning;Elektriciteit;Afname;Mogelijk bij elke energieleverancier ;Sociaal tarief;Vast;Uitsluitend nachtmeter (c/kWh);9,835;master_vast_2026.csv;
2026;jan;Woning;Elektriciteit;Afname;Mogelijk bij elke energieleverancier ;Sociaal tarief;Vast;Vaste vergoeding ();0;master_vast_2026.csv;
2026;jan;Woning;Elektriciteit;Afname;OCTA+ ENERGIE;Eco Fixed;Vast;Enkelvoudige meter dagtarief (c/kWh);13,02785;master_vast_2026.csv;
2026;jan;Woning;Elektriciteit;Afname;OCTA+ ENERGIE;Eco Fixed;Vast;Kosten groene stroom (c/kWh);1,1;master_vast_2026.csv;
2026;jan;Woning;Elektriciteit;Afname;OCTA+ ENERGIE;Eco Fixed;Vast;Kosten WKK (c/kWh);0,406;master_vast_2026.csv;
2026;jan;Woning;Elektriciteit;Afname;OCTA+ ENERGIE;Eco Fixed;Vast;Tweevoudige meter dagtarief (c/kWh);14,20714;master_vast_2026.csv;
2026;jan;Woning;Elektriciteit;Afname;OCTA+ ENERGIE;Eco Fixed;Vast;Tweevoudige meter nachttarief (c/kWh);11,97867;master_vast_2026.csv;
2026;jan;Woning;Elektriciteit;Afname;OCTA+ ENERGIE;Eco Fixed;Vast;Uitsluitend nachtmeter (c/kWh);12,32842;master_vast_2026.csv;
2026;jan;Woning;Elektriciteit;Afname;OCTA+ ENERGIE;Eco Fixed;Vast;Vaste vergoeding ();122,64;master_vast_2026.csv;
2026;jan;Woning;Elektriciteit;Afname;OCTA+ ENERGIE;Fixed;Vast;Enkelvoudige meter dagtarief (c/kWh);10,72785;master_vast_2026.csv;
2026;jan;Woning;Elektriciteit;Afname;OCTA+ ENERGIE;Fixed;Vast;Kosten groene stroom (c/kWh);1,1;master_vast_2026.csv;
2026;jan;Woning;Elektriciteit;Afname;OCTA+ ENERGIE;Fixed;Vast;Kosten WKK (c/kWh);0,406;master_vast_2026.csv;
2026;jan;Woning;Elektriciteit;Afname;OCTA+ ENERGIE;Fixed;Vast;Tweevoudige meter dagtarief (c/kWh);11,90714;master_vast_2026.csv;
2026;jan;Woning;Elektriciteit;Afname;OCTA+ ENERGIE;Fixed;Vast;Tweevoudige meter nachttarief (c/kWh);9,67869;master_vast_2026.csv;
2026;jan;Woning;Elektriciteit;Afname;OCTA+ ENERGIE;Fixed;Vast;Uitsluitend nachtmeter (c/kWh);10,02842;master_vast_2026.csv;
2026;jan;Woning;Elektriciteit;Afname;OCTA+ ENERGIE;Fixed;Vast;Vaste vergoeding ();61,32;master_vast_2026.csv;
2026;jan;Woning;Elektriciteit;Afname;TotalEnergies;myComfort Vast;Vast;Enkelvoudige meter dagtarief (c/kWh);12,72171;master_vast_2026.csv;
2026;jan;Woning;Elektriciteit;Afname;TotalEnergies;myComfort Vast;Vast;Kosten groene stroom (c/kWh);1,0945;master_vast_2026.csv;
2026;jan;Woning;Elektriciteit;Afname;TotalEnergies;myComfort Vast;Vast;Kosten WKK (c/kWh);0,385;master_vast_2026.csv;
2026;jan;Woning;Elektriciteit;Afname;TotalEnergies;myComfort Vast;Vast;Tweevoudige meter dagtarief (c/kWh);13,54736;master_vast_2026.csv;
2026;jan;Woning;Elektriciteit;Afname;TotalEnergies;myComfort Vast;Vast;Tweevoudige meter nachttarief (c/kWh);11,98233;master_vast_2026.csv;
2026;jan;Woning;Elektriciteit;Afname;TotalEnergies;myComfort Vast;Vast;Uitsluitend nachtmeter (c/kWh);11,96563;master_vast_2026.csv;
2026;jan;Woning;Elektriciteit;Afname;TotalEnergies;myComfort Vast;Vast;Vaste vergoeding ();84,90566;master_vast_2026.csv;
2026;jan;Woning;Elektriciteit;Afname;TotalEnergies;myEssential Vast;Vast;Enkelvoudige meter dagtarief (c/kWh);12,12794;master_vast_2026.csv;
2026;jan;Woning;Elektriciteit;Afname;TotalEnergies;myEssential Vast;Vast;Kosten groene stroom (c/kWh);1,0945;master_vast_2026.csv;
2026;jan;Woning;Elektriciteit;Afname;TotalEnergies;myEssential Vast;Vast;Kosten WKK (c/kWh);0,385;master_vast_2026.csv;
2026;jan;Woning;Elektriciteit;Afname;TotalEnergies;myEssential Vast;Vast;Tweevoudige meter dagtarief (c/kWh);12,95404;master_vast_2026.csv;
2026;jan;Woning;Elektriciteit;Afname;TotalEnergies;myEssential Vast;Vast;Tweevoudige meter nachttarief (c/kWh);11,38817;master_vast_2026.csv;
2026;jan;Woning;Elektriciteit;Afname;TotalEnergies;myEssential Vast;Vast;Uitsluitend nachtmeter (c/kWh);11,37127;master_vast_2026.csv;
2026;jan;Woning;Elektriciteit;Afname;TotalEnergies;myEssential Vast;Vast;Vaste vergoeding ();33,01886;master_vast_2026.csv;
2026;jan;Woning;Elektriciteit;Afname;Trevion;Trevion Groene Energie Vast;Vast;Enkelvoudige meter dagtarief (c/kWh);12,9403;master_vast_2026.csv;
2026;jan;Woning;Elektriciteit;Afname;Trevion;Trevion Groene Energie Vast;Vast;Kosten groene stroom (c/kWh);1,1;master_vast_2026.csv;
2026;jan;Woning;Elektriciteit;Afname;Trevion;Trevion Groene Energie Vast;Vast;Kosten WKK (c/kWh);0,42;master_vast_2026.csv;
2026;jan;Woning;Elektriciteit;Afname;Trevion;Trevion Groene Energie Vast;Vast;Tweevoudige meter dagtarief (c/kWh);14,3353;master_vast_2026.csv;
2026;jan;Woning;Elektriciteit;Afname;Trevion;Trevion Groene Energie Vast;Vast;Tweevoudige meter nachttarief (c/kWh);11,6671;master_vast_2026.csv;
2026;jan;Woning;Elektriciteit;Afname;Trevion;Trevion Groene Energie Vast;Vast;Uitsluitend nachtmeter (c/kWh);11,6671;master_vast_2026.csv;
2026;jan;Woning;Elektriciteit;Afname;Trevion;Trevion Groene Energie Vast;Vast;Vaste vergoeding ();36,7925;master_vast_2026.csv;
2026;jan;Woning;Elektriciteit;Injectie;Ecopower;Ecopower terugleververgoeding;Vast;Enkelvoudige meter dagtarief (c/kWh);2;master_vast_2026.csv;
2026;jan;Woning;Elektriciteit;Injectie;Ecopower;Ecopower terugleververgoeding;Vast;Tweevoudige meter dagtarief (c/kWh);2;master_vast_2026.csv;
2026;jan;Woning;Elektriciteit;Injectie;Ecopower;Ecopower terugleververgoeding;Vast;Tweevoudige meter nachttarief (c/kWh);2;master_vast_2026.csv;
2026;jan;Woning;Elektriciteit;Injectie;Ecopower;Ecopower terugleververgoeding;Vast;Vaste vergoeding ();0;master_vast_2026.csv;
2026;jan;Woning;Elektriciteit;Injectie;ENGIE (handelsnaam van Electrabel) ;Easy ;Vast;Enkelvoudige meter dagtarief (c/kWh);1,47;master_vast_2026.csv;
2026;jan;Woning;Elektriciteit;Injectie;ENGIE (handelsnaam van Electrabel) ;Easy ;Vast;Tweevoudige meter dagtarief (c/kWh);1,47;master_vast_2026.csv;
2026;jan;Woning;Elektriciteit;Injectie;ENGIE (handelsnaam van Electrabel) ;Easy ;Vast;Tweevoudige meter nachttarief (c/kWh);1,47;master_vast_2026.csv;
2026;jan;Woning;Elektriciteit;Injectie;ENGIE (handelsnaam van Electrabel) ;Easy ;Vast;Vaste vergoeding ();0;master_vast_2026.csv;
2026;jan;Woning;Elektriciteit;Injectie;ENGIE (handelsnaam van Electrabel) ;Empower;Vast;Enkelvoudige meter dagtarief (c/kWh);1,47;master_vast_2026.csv;
2026;jan;Woning;Elektriciteit;Injectie;ENGIE (handelsnaam van Electrabel) ;Empower;Vast;Tweevoudige meter dagtarief (c/kWh);1,47;master_vast_2026.csv;
2026;jan;Woning;Elektriciteit;Injectie;ENGIE (handelsnaam van Electrabel) ;Empower;Vast;Tweevoudige meter nachttarief (c/kWh);1,47;master_vast_2026.csv;
2026;jan;Woning;Elektriciteit;Injectie;ENGIE (handelsnaam van Electrabel) ;Empower;Vast;Vaste vergoeding ();0;master_vast_2026.csv;
2026;jan;Woning;Elektriciteit;Injectie;Mega (handelsnaam van Power Online);COSY GREEN FIXED;Vast;Enkelvoudige meter dagtarief (c/kWh);0,983;master_vast_2026.csv;
2026;jan;Woning;Elektriciteit;Injectie;Mega (handelsnaam van Power Online);COSY GREEN FIXED;Vast;Tweevoudige meter dagtarief (c/kWh);0,983;master_vast_2026.csv;
2026;jan;Woning;Elektriciteit;Injectie;Mega (handelsnaam van Power Online);COSY GREEN FIXED;Vast;Tweevoudige meter nachttarief (c/kWh);0,983;master_vast_2026.csv;
2026;jan;Woning;Elektriciteit;Injectie;Mega (handelsnaam van Power Online);COSY GREEN FIXED;Vast;Vaste vergoeding ();0;master_vast_2026.csv;
2026;jan;Woning;Elektriciteit;Injectie;Mega (handelsnaam van Power Online);ONLINE FIXED;Vast;Enkelvoudige meter dagtarief (c/kWh);0,983;master_vast_2026.csv;
2026;jan;Woning;Elektriciteit;Injectie;Mega (handelsnaam van Power Online);ONLINE FIXED;Vast;Tweevoudige meter dagtarief (c/kWh);0,983;master_vast_2026.csv;
2026;jan;Woning;Elektriciteit;Injectie;Mega (handelsnaam van Power Online);ONLINE FIXED;Vast;Tweevoudige meter nachttarief (c/kWh);0,983;master_vast_2026.csv;
2026;jan;Woning;Elektriciteit;Injectie;Mega (handelsnaam van Power Online);ONLINE FIXED;Vast;Vaste vergoeding ();0;master_vast_2026.csv;
2026;jan;Woning;Elektriciteit;Injectie;Mega (handelsnaam van Power Online);PREPAID FIXED;Vast;Enkelvoudige meter dagtarief (c/kWh);1,883;master_vast_2026.csv;
2026;jan;Woning;Elektriciteit;Injectie;Mega (handelsnaam van Power Online);PREPAID FIXED;Vast;Tweevoudige meter dagtarief (c/kWh);1,883;master_vast_2026.csv;
2026;jan;Woning;Elektriciteit;Injectie;Mega (handelsnaam van Power Online);PREPAID FIXED;Vast;Tweevoudige meter nachttarief (c/kWh);1,883;master_vast_2026.csv;
2026;jan;Woning;Elektriciteit;Injectie;Mega (handelsnaam van Power Online);PREPAID FIXED;Vast;Vaste vergoeding ();0;master_vast_2026.csv;
2026;jan;Woning;Elektriciteit;Injectie;Mega (handelsnaam van Power Online);SMART GREEN FIXED;Vast;Enkelvoudige meter dagtarief (c/kWh);0,519;master_vast_2026.csv;
2026;jan;Woning;Elektriciteit;Injectie;Mega (handelsnaam van Power Online);SMART GREEN FIXED;Vast;Tweevoudige meter dagtarief (c/kWh);0,519;master_vast_2026.csv;
2026;jan;Woning;Elektriciteit;Injectie;Mega (handelsnaam van Power Online);SMART GREEN FIXED;Vast;Tweevoudige meter nachttarief (c/kWh);0,519;master_vast_2026.csv;
2026;jan;Woning;Elektriciteit;Injectie;Mega (handelsnaam van Power Online);SMART GREEN FIXED;Vast;Vaste vergoeding ();0;master_vast_2026.csv;
2026;jan;Woning;Elektriciteit;Injectie;Mega (handelsnaam van Power Online);Speciale aanbieding Testaankoop Fixed 2025;Vast;Enkelvoudige meter dagtarief (c/kWh);1,883;master_vast_2026.csv;
2026;jan;Woning;Elektriciteit;Injectie;Mega (handelsnaam van Power Online);Speciale aanbieding Testaankoop Fixed 2025;Vast;Tweevoudige meter dagtarief (c/kWh);1,883;master_vast_2026.csv;
2026;jan;Woning;Elektriciteit;Injectie;Mega (handelsnaam van Power Online);Speciale aanbieding Testaankoop Fixed 2025;Vast;Tweevoudige meter nachttarief (c/kWh);1,883;master_vast_2026.csv;
2026;jan;Woning;Elektriciteit;Injectie;Mega (handelsnaam van Power Online);Speciale aanbieding Testaankoop Fixed 2025;Vast;Vaste vergoeding ();0;master_vast_2026.csv;
2026;jan;Woning;Elektriciteit;Injectie;Trevion;Trevion Groene Energie Vast Teruglevering;Vast;Enkelvoudige meter dagtarief (c/kWh);2,8866;master_vast_2026.csv;
2026;jan;Woning;Elektriciteit;Injectie;Trevion;Trevion Groene Energie Vast Teruglevering;Vast;Tweevoudige meter dagtarief (c/kWh);3,215;master_vast_2026.csv;
2026;jan;Woning;Elektriciteit;Injectie;Trevion;Trevion Groene Energie Vast Teruglevering;Vast;Tweevoudige meter nachttarief (c/kWh);2,0655;master_vast_2026.csv;
2026;jan;Woning;Elektriciteit;Injectie;Trevion;Trevion Groene Energie Vast Teruglevering;Vast;Vaste vergoeding ();0;master_vast_2026.csv;
2026;jan;Woning;Elektriciteit;Injectie;Wase Wind;Vast-dynamisch;Vast;Enkelvoudige meter dagtarief (c/kWh);2;master_vast_2026.csv;
2026;jan;Woning;Elektriciteit;Injectie;Wase Wind;Vast-dynamisch;Vast;Tweevoudige meter dagtarief (c/kWh);2;master_vast_2026.csv;
2026;jan;Woning;Elektriciteit;Injectie;Wase Wind;Vast-dynamisch;Vast;Tweevoudige meter nachttarief (c/kWh);2;master_vast_2026.csv;
2026;jan;Woning;Elektriciteit;Injectie;Wase Wind;Vast-dynamisch;Vast;Vaste vergoeding ();0;master_vast_2026.csv;
2026;jan;Woning;Elektriciteit;Injectie;Wase Wind;Vast-variabel;Vast;Enkelvoudige meter dagtarief (c/kWh);2;master_vast_2026.csv;
2026;jan;Woning;Elektriciteit;Injectie;Wase Wind;Vast-variabel;Vast;Tweevoudige meter dagtarief (c/kWh);2;master_vast_2026.csv;
2026;jan;Woning;Elektriciteit;Injectie;Wase Wind;Vast-variabel;Vast;Tweevoudige meter nachttarief (c/kWh);2;master_vast_2026.csv;
2026;jan;Woning;Elektriciteit;Injectie;Wase Wind;Vast-variabel;Vast;Vaste vergoeding ();0;master_vast_2026.csv;
2026;jan;Woning;Gas;Afname;Bolt;Bolt Vast;Vast;Enkelvoudige meter dagtarief (c/kWh);3,91;master_vast_2026.csv;
2026;jan;Woning;Gas;Afname;Bolt;Bolt Vast;Vast;Vaste vergoeding ();124,4151;master_vast_2026.csv;
2026;jan;Woning;Gas;Afname;Bolt;Plenty Vast;Vast;Enkelvoudige meter dagtarief (c/kWh);3,91;master_vast_2026.csv;
2026;jan;Woning;Gas;Afname;Bolt;Plenty Vast;Vast;Vaste vergoeding ();67,81;master_vast_2026.csv;
2026;jan;Woning;Gas;Afname;Elegant;Zeker & Vast;Vast;Enkelvoudige meter dagtarief (c/kWh);3,997;master_vast_2026.csv;
2026;jan;Woning;Gas;Afname;Elegant;Zeker & Vast;Vast;Vaste vergoeding ();113,20755;master_vast_2026.csv;
2026;jan;Woning;Gas;Afname;Eneco Belgium;Eneco Aardgas Vast;Vast;Enkelvoudige meter dagtarief (c/kWh);4,135;master_vast_2026.csv;
2026;jan;Woning;Gas;Afname;Eneco Belgium;Eneco Aardgas Vast;Vast;Vaste vergoeding ();61,321;master_vast_2026.csv;
2026;jan;Woning;Gas;Afname;Energie.be;Gas vast online;Vast;Enkelvoudige meter dagtarief (c/kWh);4,06;master_vast_2026.csv;
2026;jan;Woning;Gas;Afname;Energie.be;Gas vast online;Vast;Vaste vergoeding ();33,02;master_vast_2026.csv;
2026;jan;Woning;Gas;Afname;EnergyVision;Goedkope stroom 1 jaar vast;Vast;Enkelvoudige meter dagtarief (c/kWh);3,71698;master_vast_2026.csv;
2026;jan;Woning;Gas;Afname;EnergyVision;Goedkope stroom 1 jaar vast;Vast;Vaste vergoeding ();70,75472;master_vast_2026.csv;
2026;jan;Woning;Gas;Afname;ENGIE (handelsnaam van Electrabel) ;Easy ;Vast;Enkelvoudige meter dagtarief (c/kWh);4,471;master_vast_2026.csv;
2026;jan;Woning;Gas;Afname;ENGIE (handelsnaam van Electrabel) ;Easy ;Vast;Vaste vergoeding ();51,89;master_vast_2026.csv;
2026;jan;Woning;Gas;Afname;ENGIE (handelsnaam van Electrabel) ;Empower;Vast;Enkelvoudige meter dagtarief (c/kWh);4,471;master_vast_2026.csv;
2026;jan;Woning;Gas;Afname;ENGIE (handelsnaam van Electrabel) ;Empower;Vast;Vaste vergoeding ();51,89;master_vast_2026.csv;
2026;jan;Woning;Gas;Afname;Fluvius als sociale leverancier;Standaardtarief netbeheerder;Vast;Tweevoudige meter dagtarief (c/kWh);4,699;master_vast_2026.csv;
2026;jan;Woning;Gas;Afname;Fluvius als sociale leverancier;Standaardtarief netbeheerder;Vast;Vaste vergoeding ();0;master_vast_2026.csv;
2026;jan;Woning;Gas;Afname;Luminus;BasicFix Online;Vast;Enkelvoudige meter dagtarief (c/kWh);4,77074;master_vast_2026.csv;
2026;jan;Woning;Gas;Afname;Luminus;BasicFix Online;Vast;Vaste vergoeding ();18,86792;master_vast_2026.csv;
2026;jan;Woning;Gas;Afname;Luminus;Comfy;Vast;Enkelvoudige meter dagtarief (c/kWh);5,16679;master_vast_2026.csv;
2026;jan;Woning;Gas;Afname;Luminus;Comfy;Vast;Vaste vergoeding ();47,16981;master_vast_2026.csv;
2026;jan;Woning;Gas;Afname;Luminus;Comfy+;Vast;Enkelvoudige meter dagtarief (c/kWh);5,56679;master_vast_2026.csv;
2026;jan;Woning;Gas;Afname;Luminus;Comfy+;Vast;Vaste vergoeding ();47,16981;master_vast_2026.csv;
2026;jan;Woning;Gas;Afname;Luminus;MaxxFix;Vast;Enkelvoudige meter dagtarief (c/kWh);4,83834;master_vast_2026.csv;
2026;jan;Woning;Gas;Afname;Luminus;MaxxFix;Vast;Vaste vergoeding ();47,16981;master_vast_2026.csv;
2026;jan;Woning;Gas;Afname;Mega (handelsnaam van Power Online);COSY FIXED;Vast;Enkelvoudige meter dagtarief (c/kWh);4,231;master_vast_2026.csv;
2026;jan;Woning;Gas;Afname;Mega (handelsnaam van Power Online);COSY FIXED;Vast;Vaste vergoeding ();135;master_vast_2026.csv;
2026;jan;Woning;Gas;Afname;Mega (handelsnaam van Power Online);ONLINE FIXED;Vast;Enkelvoudige meter dagtarief (c/kWh);4,031;master_vast_2026.csv;
2026;jan;Woning;Gas;Afname;Mega (handelsnaam van Power Online);ONLINE FIXED;Vast;Vaste vergoeding ();55;master_vast_2026.csv;
2026;jan;Woning;Gas;Afname;Mega (handelsnaam van Power Online);PREPAID FIXED;Vast;Enkelvoudige meter dagtarief (c/kWh);3,431;master_vast_2026.csv;
2026;jan;Woning;Gas;Afname;Mega (handelsnaam van Power Online);PREPAID FIXED;Vast;Vaste vergoeding ();45;master_vast_2026.csv;
2026;jan;Woning;Gas;Afname;Mega (handelsnaam van Power Online);SMART FIXED;Vast;Enkelvoudige meter dagtarief (c/kWh);4,263;master_vast_2026.csv;
2026;jan;Woning;Gas;Afname;Mega (handelsnaam van Power Online);SMART FIXED;Vast;Vaste vergoeding ();105;master_vast_2026.csv;
2026;jan;Woning;Gas;Afname;Mega (handelsnaam van Power Online);Speciale aanbieding Testaankoop Fixed 2025;Vast;Enkelvoudige meter dagtarief (c/kWh);3,631;master_vast_2026.csv;
2026;jan;Woning;Gas;Afname;Mega (handelsnaam van Power Online);Speciale aanbieding Testaankoop Fixed 2025;Vast;Vaste vergoeding ();40;master_vast_2026.csv;
2026;jan;Woning;Gas;Afname;Mogelijk bij elke energieleverancier ;Sociaal tarief;Vast;Enkelvoudige meter dagtarief (c/kWh);3,282;master_vast_2026.csv;
2026;jan;Woning;Gas;Afname;Mogelijk bij elke energieleverancier ;Sociaal tarief;Vast;Vaste vergoeding ();0;master_vast_2026.csv;
2026;jan;Woning;Gas;Afname;OCTA+ ENERGIE;Eco Fixed;Vast;Enkelvoudige meter dagtarief (c/kWh);4,43644;master_vast_2026.csv;
2026;jan;Woning;Gas;Afname;OCTA+ ENERGIE;Eco Fixed;Vast;Vaste vergoeding ();122,64;master_vast_2026.csv;
2026;jan;Woning;Gas;Afname;OCTA+ ENERGIE;Fixed;Vast;Enkelvoudige meter dagtarief (c/kWh);3,67232;master_vast_2026.csv;
2026;jan;Woning;Gas;Afname;OCTA+ ENERGIE;Fixed;Vast;Vaste vergoeding ();61,32;master_vast_2026.csv;
2026;jan;Woning;Gas;Afname;TotalEnergies;myComfort Vast;Vast;Enkelvoudige meter dagtarief (c/kWh);4,08;master_vast_2026.csv;
2026;jan;Woning;Gas;Afname;TotalEnergies;myComfort Vast;Vast;Vaste vergoeding ();84,90566;master_vast_2026.csv;
2026;jan;Woning;Gas;Afname;TotalEnergies;myEssential Vast;Vast;Enkelvoudige meter dagtarief (c/kWh);3,98;master_vast_2026.csv;
2026;jan;Woning;Gas;Afname;TotalEnergies;myEssential Vast;Vast;Vaste vergoeding ();33,01886;master_vast_2026.csv;
2026;feb;Onderneming;Elektriciteit;Afname;Bolt;Bolt Vast;Vast;Enkelvoudige meter dagtarief (c/kWh);13,579;master_vast_2026.csv;
2026;feb;Onderneming;Elektriciteit;Afname;Bolt;Bolt Vast;Vast;Kosten groene stroom (c/kWh);1,10302;master_vast_2026.csv;
2026;feb;Onderneming;Elektriciteit;Afname;Bolt;Bolt Vast;Vast;Kosten WKK (c/kWh);0,36414;master_vast_2026.csv;
2026;feb;Onderneming;Elektriciteit;Afname;Bolt;Bolt Vast;Vast;Tweevoudige meter dagtarief (c/kWh);13,579;master_vast_2026.csv;
2026;feb;Onderneming;Elektriciteit;Afname;Bolt;Bolt Vast;Vast;Tweevoudige meter nachttarief (c/kWh);13,579;master_vast_2026.csv;
2026;feb;Onderneming;Elektriciteit;Afname;Bolt;Bolt Vast;Vast;Uitsluitend nachtmeter (c/kWh);13,579;master_vast_2026.csv;
2026;feb;Onderneming;Elektriciteit;Afname;Bolt;Bolt Vast;Vast;Vaste vergoeding ();167,88;master_vast_2026.csv;
2026;feb;Onderneming;Elektriciteit;Afname;Bolt;Plenty Vast;Vast;Enkelvoudige meter dagtarief (c/kWh);13,579;master_vast_2026.csv;
2026;feb;Onderneming;Elektriciteit;Afname;Bolt;Plenty Vast;Vast;Kosten groene stroom (c/kWh);1,10302;master_vast_2026.csv;
2026;feb;Onderneming;Elektriciteit;Afname;Bolt;Plenty Vast;Vast;Kosten WKK (c/kWh);0,36414;master_vast_2026.csv;
2026;feb;Onderneming;Elektriciteit;Afname;Bolt;Plenty Vast;Vast;Tweevoudige meter dagtarief (c/kWh);13,579;master_vast_2026.csv;
2026;feb;Onderneming;Elektriciteit;Afname;Bolt;Plenty Vast;Vast;Tweevoudige meter nachttarief (c/kWh);13,579;master_vast_2026.csv;
2026;feb;Onderneming;Elektriciteit;Afname;Bolt;Plenty Vast;Vast;Uitsluitend nachtmeter (c/kWh);13,579;master_vast_2026.csv;
2026;feb;Onderneming;Elektriciteit;Afname;Bolt;Plenty Vast;Vast;Vaste vergoeding ();119,88;master_vast_2026.csv;
2026;feb;Onderneming;Elektriciteit;Afname;Elegant;Zeker & Vast;Vast;Enkelvoudige meter dagtarief (c/kWh);14,205;master_vast_2026.csv;
2026;feb;Onderneming;Elektriciteit;Afname;Elegant;Zeker & Vast;Vast;Kosten groene stroom (c/kWh);1,1;master_vast_2026.csv;
2026;feb;Onderneming;Elektriciteit;Afname;Elegant;Zeker & Vast;Vast;Kosten WKK (c/kWh);0,392;master_vast_2026.csv;
2026;feb;Onderneming;Elektriciteit;Afname;Elegant;Zeker & Vast;Vast;Tweevoudige meter dagtarief (c/kWh);16,336;master_vast_2026.csv;
2026;feb;Onderneming;Elektriciteit;Afname;Elegant;Zeker & Vast;Vast;Tweevoudige meter nachttarief (c/kWh);12,074;master_vast_2026.csv;
2026;feb;Onderneming;Elektriciteit;Afname;Elegant;Zeker & Vast;Vast;Uitsluitend nachtmeter (c/kWh);12,074;master_vast_2026.csv;
2026;feb;Onderneming;Elektriciteit;Afname;Elegant;Zeker & Vast;Vast;Vaste vergoeding ();99,17355;master_vast_2026.csv;
2026;feb;Onderneming;Elektriciteit;Afname;Eneco Belgium;Eneco Zon & Wind Vast;Vast;Enkelvoudige meter dagtarief (c/kWh);12,814;master_vast_2026.csv;
2026;feb;Onderneming;Elektriciteit;Afname;Eneco Belgium;Eneco Zon & Wind Vast;Vast;Kosten groene stroom (c/kWh);1,097;master_vast_2026.csv;
2026;feb;Onderneming;Elektriciteit;Afname;Eneco Belgium;Eneco Zon & Wind Vast;Vast;Kosten WKK (c/kWh);0,341;master_vast_2026.csv;
2026;feb;Onderneming;Elektriciteit;Afname;Eneco Belgium;Eneco Zon & Wind Vast;Vast;Tweevoudige meter dagtarief (c/kWh);14,294;master_vast_2026.csv;
2026;feb;Onderneming;Elektriciteit;Afname;Eneco Belgium;Eneco Zon & Wind Vast;Vast;Tweevoudige meter nachttarief (c/kWh);11,538;master_vast_2026.csv;
2026;feb;Onderneming;Elektriciteit;Afname;Eneco Belgium;Eneco Zon & Wind Vast;Vast;Uitsluitend nachtmeter (c/kWh);11,538;master_vast_2026.csv;
2026;feb;Onderneming;Elektriciteit;Afname;Eneco Belgium;Eneco Zon & Wind Vast;Vast;Vaste vergoeding ();95;master_vast_2026.csv;
2026;feb;Onderneming;Elektriciteit;Afname;Energie.be;Elektriciteit vast professioneel online;Vast;Enkelvoudige meter dagtarief (c/kWh);14,52;master_vast_2026.csv;
2026;feb;Onderneming;Elektriciteit;Afname;Energie.be;Elektriciteit vast professioneel online;Vast;Kosten groene stroom (c/kWh);1,103;master_vast_2026.csv;
2026;feb;Onderneming;Elektriciteit;Afname;Energie.be;Elektriciteit vast professioneel online;Vast;Kosten WKK (c/kWh);0,364;master_vast_2026.csv;
2026;feb;Onderneming;Elektriciteit;Afname;Energie.be;Elektriciteit vast professioneel online;Vast;Tweevoudige meter dagtarief (c/kWh);14,52;master_vast_2026.csv;
2026;feb;Onderneming;Elektriciteit;Afname;Energie.be;Elektriciteit vast professioneel online;Vast;Tweevoudige meter nachttarief (c/kWh);14,52;master_vast_2026.csv;
2026;feb;Onderneming;Elektriciteit;Afname;Energie.be;Elektriciteit vast professioneel online;Vast;Uitsluitend nachtmeter (c/kWh);14,52;master_vast_2026.csv;
2026;feb;Onderneming;Elektriciteit;Afname;Energie.be;Elektriciteit vast professioneel online;Vast;Vaste vergoeding ();60;master_vast_2026.csv;
2026;feb;Onderneming;Elektriciteit;Afname;ENGIE (handelsnaam van Electrabel) ;Easy pro;Vast;Enkelvoudige meter dagtarief (c/kWh);13,46;master_vast_2026.csv;
2026;feb;Onderneming;Elektriciteit;Afname;ENGIE (handelsnaam van Electrabel) ;Easy pro;Vast;Kosten groene stroom (c/kWh);1,1;master_vast_2026.csv;
2026;feb;Onderneming;Elektriciteit;Afname;ENGIE (handelsnaam van Electrabel) ;Easy pro;Vast;Kosten WKK (c/kWh);0,392;master_vast_2026.csv;
2026;feb;Onderneming;Elektriciteit;Afname;ENGIE (handelsnaam van Electrabel) ;Easy pro;Vast;Tweevoudige meter dagtarief (c/kWh);14,708;master_vast_2026.csv;
2026;feb;Onderneming;Elektriciteit;Afname;ENGIE (handelsnaam van Electrabel) ;Easy pro;Vast;Tweevoudige meter nachttarief (c/kWh);12,114;master_vast_2026.csv;
2026;feb;Onderneming;Elektriciteit;Afname;ENGIE (handelsnaam van Electrabel) ;Easy pro;Vast;Uitsluitend nachtmeter (c/kWh);12,114;master_vast_2026.csv;
2026;feb;Onderneming;Elektriciteit;Afname;ENGIE (handelsnaam van Electrabel) ;Easy pro;Vast;Vaste vergoeding ();65;master_vast_2026.csv;
2026;feb;Onderneming;Elektriciteit;Afname;ENGIE (handelsnaam van Electrabel) ;Empower Pro;Vast;Enkelvoudige meter dagtarief (c/kWh);12,337;master_vast_2026.csv;
2026;feb;Onderneming;Elektriciteit;Afname;ENGIE (handelsnaam van Electrabel) ;Empower Pro;Vast;Kosten groene stroom (c/kWh);1,1;master_vast_2026.csv;
2026;feb;Onderneming;Elektriciteit;Afname;ENGIE (handelsnaam van Electrabel) ;Empower Pro;Vast;Kosten WKK (c/kWh);0,392;master_vast_2026.csv;
2026;feb;Onderneming;Elektriciteit;Afname;ENGIE (handelsnaam van Electrabel) ;Empower Pro;Vast;Tweevoudige meter dagtarief (c/kWh);13,728;master_vast_2026.csv;
2026;feb;Onderneming;Elektriciteit;Afname;ENGIE (handelsnaam van Electrabel) ;Empower Pro;Vast;Tweevoudige meter nachttarief (c/kWh);10,435;master_vast_2026.csv;
2026;feb;Onderneming;Elektriciteit;Afname;ENGIE (handelsnaam van Electrabel) ;Empower Pro;Vast;Uitsluitend nachtmeter (c/kWh);12,114;master_vast_2026.csv;
2026;feb;Onderneming;Elektriciteit;Afname;ENGIE (handelsnaam van Electrabel) ;Empower Pro;Vast;Vaste vergoeding ();95;master_vast_2026.csv;
2026;feb;Onderneming;Elektriciteit;Afname;Luminus;BasicFix Pro Online;Vast;Enkelvoudige meter dagtarief (c/kWh);13,53921;master_vast_2026.csv;
2026;feb;Onderneming;Elektriciteit;Afname;Luminus;BasicFix Pro Online;Vast;Kosten groene stroom (c/kWh);1,10302;master_vast_2026.csv;
2026;feb;Onderneming;Elektriciteit;Afname;Luminus;BasicFix Pro Online;Vast;Kosten WKK (c/kWh);0,36414;master_vast_2026.csv;
2026;feb;Onderneming;Elektriciteit;Afname;Luminus;BasicFix Pro Online;Vast;Tweevoudige meter dagtarief (c/kWh);14,97342;master_vast_2026.csv;
2026;feb;Onderneming;Elektriciteit;Afname;Luminus;BasicFix Pro Online;Vast;Tweevoudige meter nachttarief (c/kWh);12,06151;master_vast_2026.csv;
2026;feb;Onderneming;Elektriciteit;Afname;Luminus;BasicFix Pro Online;Vast;Uitsluitend nachtmeter (c/kWh);12,06151;master_vast_2026.csv;
2026;feb;Onderneming;Elektriciteit;Afname;Luminus;BasicFix Pro Online;Vast;Vaste vergoeding ();25;master_vast_2026.csv;
2026;feb;Onderneming;Elektriciteit;Afname;Luminus;Comfy Pro;Vast;Enkelvoudige meter dagtarief (c/kWh);14,61352;master_vast_2026.csv;
2026;feb;Onderneming;Elektriciteit;Afname;Luminus;Comfy Pro;Vast;Kosten groene stroom (c/kWh);1,10302;master_vast_2026.csv;
2026;feb;Onderneming;Elektriciteit;Afname;Luminus;Comfy Pro;Vast;Kosten WKK (c/kWh);0,36414;master_vast_2026.csv;
2026;feb;Onderneming;Elektriciteit;Afname;Luminus;Comfy Pro;Vast;Tweevoudige meter dagtarief (c/kWh);15,99724;master_vast_2026.csv;
2026;feb;Onderneming;Elektriciteit;Afname;Luminus;Comfy Pro;Vast;Tweevoudige meter nachttarief (c/kWh);13,0921;master_vast_2026.csv;
2026;feb;Onderneming;Elektriciteit;Afname;Luminus;Comfy Pro;Vast;Uitsluitend nachtmeter (c/kWh);13,0921;master_vast_2026.csv;
2026;feb;Onderneming;Elektriciteit;Afname;Luminus;Comfy Pro;Vast;Vaste vergoeding ();65;master_vast_2026.csv;
2026;feb;Onderneming;Elektriciteit;Afname;Luminus;Comfy Pro+;Vast;Enkelvoudige meter dagtarief (c/kWh);16,22952;master_vast_2026.csv;
2026;feb;Onderneming;Elektriciteit;Afname;Luminus;Comfy Pro+;Vast;Kosten groene stroom (c/kWh);1,10302;master_vast_2026.csv;
2026;feb;Onderneming;Elektriciteit;Afname;Luminus;Comfy Pro+;Vast;Kosten WKK (c/kWh);0,36414;master_vast_2026.csv;
2026;feb;Onderneming;Elektriciteit;Afname;Luminus;Comfy Pro+;Vast;Tweevoudige meter dagtarief (c/kWh);17,74252;master_vast_2026.csv;
2026;feb;Onderneming;Elektriciteit;Afname;Luminus;Comfy Pro+;Vast;Tweevoudige meter nachttarief (c/kWh);14,5465;master_vast_2026.csv;
2026;feb;Onderneming;Elektriciteit;Afname;Luminus;Comfy Pro+;Vast;Uitsluitend nachtmeter (c/kWh);14,5465;master_vast_2026.csv;
2026;feb;Onderneming;Elektriciteit;Afname;Luminus;Comfy Pro+;Vast;Vaste vergoeding ();65;master_vast_2026.csv;
2026;feb;Onderneming;Elektriciteit;Afname;Luminus;MaxxFix Pro;Vast;Enkelvoudige meter dagtarief (c/kWh);13,82474;master_vast_2026.csv;
2026;feb;Onderneming;Elektriciteit;Afname;Luminus;MaxxFix Pro;Vast;Kosten groene stroom (c/kWh);1,10302;master_vast_2026.csv;
2026;feb;Onderneming;Elektriciteit;Afname;Luminus;MaxxFix Pro;Vast;Kosten WKK (c/kWh);0,36414;master_vast_2026.csv;
2026;feb;Onderneming;Elektriciteit;Afname;Luminus;MaxxFix Pro;Vast;Tweevoudige meter dagtarief (c/kWh);15,18901;master_vast_2026.csv;
2026;feb;Onderneming;Elektriciteit;Afname;Luminus;MaxxFix Pro;Vast;Tweevoudige meter nachttarief (c/kWh);12,3546;master_vast_2026.csv;
2026;feb;Onderneming;Elektriciteit;Afname;Luminus;MaxxFix Pro;Vast;Uitsluitend nachtmeter (c/kWh);12,3546;master_vast_2026.csv;
2026;feb;Onderneming;Elektriciteit;Afname;Luminus;MaxxFix Pro;Vast;Vaste vergoeding ();65;master_vast_2026.csv;
2026;feb;Onderneming;Elektriciteit;Afname;Mega (handelsnaam van Power Online);COSY GREEN FIXED;Vast;Enkelvoudige meter dagtarief (c/kWh);14,371;master_vast_2026.csv;
2026;feb;Onderneming;Elektriciteit;Afname;Mega (handelsnaam van Power Online);COSY GREEN FIXED;Vast;Kosten groene stroom (c/kWh);1,11793;master_vast_2026.csv;
2026;feb;Onderneming;Elektriciteit;Afname;Mega (handelsnaam van Power Online);COSY GREEN FIXED;Vast;Kosten WKK (c/kWh);0,3489;master_vast_2026.csv;
2026;feb;Onderneming;Elektriciteit;Afname;Mega (handelsnaam van Power Online);COSY GREEN FIXED;Vast;Tweevoudige meter dagtarief (c/kWh);15,59;master_vast_2026.csv;
2026;feb;Onderneming;Elektriciteit;Afname;Mega (handelsnaam van Power Online);COSY GREEN FIXED;Vast;Tweevoudige meter nachttarief (c/kWh);13,314;master_vast_2026.csv;
2026;feb;Onderneming;Elektriciteit;Afname;Mega (handelsnaam van Power Online);COSY GREEN FIXED;Vast;Uitsluitend nachtmeter (c/kWh);13,314;master_vast_2026.csv;
2026;feb;Onderneming;Elektriciteit;Afname;Mega (handelsnaam van Power Online);COSY GREEN FIXED;Vast;Vaste vergoeding ();135;master_vast_2026.csv;
2026;feb;Onderneming;Elektriciteit;Afname;Mega (handelsnaam van Power Online);OFFPEAK GREEN FIXED;Vast;Enkelvoudige meter dagtarief (c/kWh);13,121;master_vast_2026.csv;
2026;feb;Onderneming;Elektriciteit;Afname;Mega (handelsnaam van Power Online);OFFPEAK GREEN FIXED;Vast;Kosten groene stroom (c/kWh);1,11793;master_vast_2026.csv;
2026;feb;Onderneming;Elektriciteit;Afname;Mega (handelsnaam van Power Online);OFFPEAK GREEN FIXED;Vast;Kosten WKK (c/kWh);0,3489;master_vast_2026.csv;
2026;feb;Onderneming;Elektriciteit;Afname;Mega (handelsnaam van Power Online);OFFPEAK GREEN FIXED;Vast;Tweevoudige meter dagtarief (c/kWh);15,34;master_vast_2026.csv;
2026;feb;Onderneming;Elektriciteit;Afname;Mega (handelsnaam van Power Online);OFFPEAK GREEN FIXED;Vast;Tweevoudige meter nachttarief (c/kWh);11,064;master_vast_2026.csv;
2026;feb;Onderneming;Elektriciteit;Afname;Mega (handelsnaam van Power Online);OFFPEAK GREEN FIXED;Vast;Uitsluitend nachtmeter (c/kWh);11,064;master_vast_2026.csv;
2026;feb;Onderneming;Elektriciteit;Afname;Mega (handelsnaam van Power Online);OFFPEAK GREEN FIXED;Vast;Vaste vergoeding ();70;master_vast_2026.csv;
2026;feb;Onderneming;Elektriciteit;Afname;Mega (handelsnaam van Power Online);ONLINE FIXED;Vast;Enkelvoudige meter dagtarief (c/kWh);13,921;master_vast_2026.csv;
2026;feb;Onderneming;Elektriciteit;Afname;Mega (handelsnaam van Power Online);ONLINE FIXED;Vast;Kosten groene stroom (c/kWh);1,11793;master_vast_2026.csv;
2026;feb;Onderneming;Elektriciteit;Afname;Mega (handelsnaam van Power Online);ONLINE FIXED;Vast;Kosten WKK (c/kWh);0,3489;master_vast_2026.csv;
2026;feb;Onderneming;Elektriciteit;Afname;Mega (handelsnaam van Power Online);ONLINE FIXED;Vast;Tweevoudige meter dagtarief (c/kWh);15,14;master_vast_2026.csv;
2026;feb;Onderneming;Elektriciteit;Afname;Mega (handelsnaam van Power Online);ONLINE FIXED;Vast;Tweevoudige meter nachttarief (c/kWh);12,864;master_vast_2026.csv;
2026;feb;Onderneming;Elektriciteit;Afname;Mega (handelsnaam van Power Online);ONLINE FIXED;Vast;Uitsluitend nachtmeter (c/kWh);12,864;master_vast_2026.csv;
2026;feb;Onderneming;Elektriciteit;Afname;Mega (handelsnaam van Power Online);ONLINE FIXED;Vast;Vaste vergoeding ();55;master_vast_2026.csv;
2026;feb;Onderneming;Elektriciteit;Afname;Mega (handelsnaam van Power Online);PREPAID FIXED;Vast;Enkelvoudige meter dagtarief (c/kWh);12,021;master_vast_2026.csv;
2026;feb;Onderneming;Elektriciteit;Afname;Mega (handelsnaam van Power Online);PREPAID FIXED;Vast;Kosten groene stroom (c/kWh);1,11793;master_vast_2026.csv;
2026;feb;Onderneming;Elektriciteit;Afname;Mega (handelsnaam van Power Online);PREPAID FIXED;Vast;Kosten WKK (c/kWh);0,3489;master_vast_2026.csv;
2026;feb;Onderneming;Elektriciteit;Afname;Mega (handelsnaam van Power Online);PREPAID FIXED;Vast;Tweevoudige meter dagtarief (c/kWh);13,24;master_vast_2026.csv;
2026;feb;Onderneming;Elektriciteit;Afname;Mega (handelsnaam van Power Online);PREPAID FIXED;Vast;Tweevoudige meter nachttarief (c/kWh);10,964;master_vast_2026.csv;
2026;feb;Onderneming;Elektriciteit;Afname;Mega (handelsnaam van Power Online);PREPAID FIXED;Vast;Uitsluitend nachtmeter (c/kWh);10,964;master_vast_2026.csv;
2026;feb;Onderneming;Elektriciteit;Afname;Mega (handelsnaam van Power Online);PREPAID FIXED;Vast;Vaste vergoeding ();45;master_vast_2026.csv;
2026;feb;Onderneming;Elektriciteit;Afname;Mega (handelsnaam van Power Online);SMART GREEN FIXED;Vast;Enkelvoudige meter dagtarief (c/kWh);14,497;master_vast_2026.csv;
2026;feb;Onderneming;Elektriciteit;Afname;Mega (handelsnaam van Power Online);SMART GREEN FIXED;Vast;Kosten groene stroom (c/kWh);1,11793;master_vast_2026.csv;
2026;feb;Onderneming;Elektriciteit;Afname;Mega (handelsnaam van Power Online);SMART GREEN FIXED;Vast;Kosten WKK (c/kWh);0,3489;master_vast_2026.csv;
2026;feb;Onderneming;Elektriciteit;Afname;Mega (handelsnaam van Power Online);SMART GREEN FIXED;Vast;Tweevoudige meter dagtarief (c/kWh);15,692;master_vast_2026.csv;
2026;feb;Onderneming;Elektriciteit;Afname;Mega (handelsnaam van Power Online);SMART GREEN FIXED;Vast;Tweevoudige meter nachttarief (c/kWh);13,46;master_vast_2026.csv;
2026;feb;Onderneming;Elektriciteit;Afname;Mega (handelsnaam van Power Online);SMART GREEN FIXED;Vast;Uitsluitend nachtmeter (c/kWh);13,46;master_vast_2026.csv;
2026;feb;Onderneming;Elektriciteit;Afname;Mega (handelsnaam van Power Online);SMART GREEN FIXED;Vast;Vaste vergoeding ();105;master_vast_2026.csv;
2026;feb;Onderneming;Elektriciteit;Afname;Mega (handelsnaam van Power Online);Speciale aanbieding Testaankoop Fixed 2025;Vast;Enkelvoudige meter dagtarief (c/kWh);12,921;master_vast_2026.csv;
2026;feb;Onderneming;Elektriciteit;Afname;Mega (handelsnaam van Power Online);Speciale aanbieding Testaankoop Fixed 2025;Vast;Kosten groene stroom (c/kWh);1,11793;master_vast_2026.csv;
2026;feb;Onderneming;Elektriciteit;Afname;Mega (handelsnaam van Power Online);Speciale aanbieding Testaankoop Fixed 2025;Vast;Kosten WKK (c/kWh);0,3489;master_vast_2026.csv;
2026;feb;Onderneming;Elektriciteit;Afname;Mega (handelsnaam van Power Online);Speciale aanbieding Testaankoop Fixed 2025;Vast;Tweevoudige meter dagtarief (c/kWh);14,14;master_vast_2026.csv;
2026;feb;Onderneming;Elektriciteit;Afname;Mega (handelsnaam van Power Online);Speciale aanbieding Testaankoop Fixed 2025;Vast;Tweevoudige meter nachttarief (c/kWh);11,864;master_vast_2026.csv;
2026;feb;Onderneming;Elektriciteit;Afname;Mega (handelsnaam van Power Online);Speciale aanbieding Testaankoop Fixed 2025;Vast;Uitsluitend nachtmeter (c/kWh);11,864;master_vast_2026.csv;
2026;feb;Onderneming;Elektriciteit;Afname;Mega (handelsnaam van Power Online);Speciale aanbieding Testaankoop Fixed 2025;Vast;Vaste vergoeding ();40;master_vast_2026.csv;
2026;feb;Onderneming;Elektriciteit;Afname;Mega (handelsnaam van Power Online);Zen 3 Jaar Vast;Vast;Enkelvoudige meter dagtarief (c/kWh);14,098;master_vast_2026.csv;
2026;feb;Onderneming;Elektriciteit;Afname;Mega (handelsnaam van Power Online);Zen 3 Jaar Vast;Vast;Kosten groene stroom (c/kWh);1,11793;master_vast_2026.csv;
2026;feb;Onderneming;Elektriciteit;Afname;Mega (handelsnaam van Power Online);Zen 3 Jaar Vast;Vast;Kosten WKK (c/kWh);0,3489;master_vast_2026.csv;
2026;feb;Onderneming;Elektriciteit;Afname;Mega (handelsnaam van Power Online);Zen 3 Jaar Vast;Vast;Tweevoudige meter dagtarief (c/kWh);15,278;master_vast_2026.csv;
2026;feb;Onderneming;Elektriciteit;Afname;Mega (handelsnaam van Power Online);Zen 3 Jaar Vast;Vast;Tweevoudige meter nachttarief (c/kWh);13,075;master_vast_2026.csv;
2026;feb;Onderneming;Elektriciteit;Afname;Mega (handelsnaam van Power Online);Zen 3 Jaar Vast;Vast;Uitsluitend nachtmeter (c/kWh);13,075;master_vast_2026.csv;
2026;feb;Onderneming;Elektriciteit;Afname;Mega (handelsnaam van Power Online);Zen 3 Jaar Vast;Vast;Vaste vergoeding ();65;master_vast_2026.csv;
2026;feb;Onderneming;Elektriciteit;Afname;TotalEnergies;proComfort Vast;Vast;Enkelvoudige meter dagtarief (c/kWh);13,06863;master_vast_2026.csv;
2026;feb;Onderneming;Elektriciteit;Afname;TotalEnergies;proComfort Vast;Vast;Kosten groene stroom (c/kWh);1,0904;master_vast_2026.csv;
2026;feb;Onderneming;Elektriciteit;Afname;TotalEnergies;proComfort Vast;Vast;Kosten WKK (c/kWh);0,329;master_vast_2026.csv;
2026;feb;Onderneming;Elektriciteit;Afname;TotalEnergies;proComfort Vast;Vast;Tweevoudige meter dagtarief (c/kWh);14,01471;master_vast_2026.csv;
2026;feb;Onderneming;Elektriciteit;Afname;TotalEnergies;proComfort Vast;Vast;Tweevoudige meter nachttarief (c/kWh);12,22603;master_vast_2026.csv;
2026;feb;Onderneming;Elektriciteit;Afname;TotalEnergies;proComfort Vast;Vast;Uitsluitend nachtmeter (c/kWh);12,06887;master_vast_2026.csv;
2026;feb;Onderneming;Elektriciteit;Afname;TotalEnergies;proComfort Vast;Vast;Vaste vergoeding ();90;master_vast_2026.csv;
2026;feb;Onderneming;Elektriciteit;Afname;TotalEnergies;proEssential Vast;Vast;Enkelvoudige meter dagtarief (c/kWh);12,66942;master_vast_2026.csv;
2026;feb;Onderneming;Elektriciteit;Afname;TotalEnergies;proEssential Vast;Vast;Kosten groene stroom (c/kWh);1,0904;master_vast_2026.csv;
2026;feb;Onderneming;Elektriciteit;Afname;TotalEnergies;proEssential Vast;Vast;Kosten WKK (c/kWh);0,329;master_vast_2026.csv;
2026;feb;Onderneming;Elektriciteit;Afname;TotalEnergies;proEssential Vast;Vast;Tweevoudige meter dagtarief (c/kWh);13,6155;master_vast_2026.csv;
2026;feb;Onderneming;Elektriciteit;Afname;TotalEnergies;proEssential Vast;Vast;Tweevoudige meter nachttarief (c/kWh);11,82683;master_vast_2026.csv;
2026;feb;Onderneming;Elektriciteit;Afname;TotalEnergies;proEssential Vast;Vast;Uitsluitend nachtmeter (c/kWh);11,66967;master_vast_2026.csv;
2026;feb;Onderneming;Elektriciteit;Afname;TotalEnergies;proEssential Vast;Vast;Vaste vergoeding ();35;master_vast_2026.csv;
2026;feb;Onderneming;Elektriciteit;Afname;Trevion;Trevion Groene Energie Vast;Vast;Enkelvoudige meter dagtarief (c/kWh);13,7759;master_vast_2026.csv;
2026;feb;Onderneming;Elektriciteit;Afname;Trevion;Trevion Groene Energie Vast;Vast;Kosten groene stroom (c/kWh);1,1;master_vast_2026.csv;
2026;feb;Onderneming;Elektriciteit;Afname;Trevion;Trevion Groene Energie Vast;Vast;Kosten WKK (c/kWh);0,42;master_vast_2026.csv;
2026;feb;Onderneming;Elektriciteit;Afname;Trevion;Trevion Groene Energie Vast;Vast;Tweevoudige meter dagtarief (c/kWh);15,3158;master_vast_2026.csv;
2026;feb;Onderneming;Elektriciteit;Afname;Trevion;Trevion Groene Energie Vast;Vast;Tweevoudige meter nachttarief (c/kWh);12,3703;master_vast_2026.csv;
2026;feb;Onderneming;Elektriciteit;Afname;Trevion;Trevion Groene Energie Vast;Vast;Uitsluitend nachtmeter (c/kWh);12,3703;master_vast_2026.csv;
2026;feb;Onderneming;Elektriciteit;Afname;Trevion;Trevion Groene Energie Vast;Vast;Vaste vergoeding ();49;master_vast_2026.csv;
2026;feb;Onderneming;Elektriciteit;Injectie;Ecopower;Ecopower terugleververgoeding;Vast;Enkelvoudige meter dagtarief (c/kWh);2;master_vast_2026.csv;
2026;feb;Onderneming;Elektriciteit;Injectie;Ecopower;Ecopower terugleververgoeding;Vast;Tweevoudige meter dagtarief (c/kWh);2;master_vast_2026.csv;
2026;feb;Onderneming;Elektriciteit;Injectie;Ecopower;Ecopower terugleververgoeding;Vast;Tweevoudige meter nachttarief (c/kWh);2;master_vast_2026.csv;
2026;feb;Onderneming;Elektriciteit;Injectie;Ecopower;Ecopower terugleververgoeding;Vast;Vaste vergoeding ();0;master_vast_2026.csv;
2026;feb;Onderneming;Elektriciteit;Injectie;ENGIE (handelsnaam van Electrabel) ;Easy pro;Vast;Enkelvoudige meter dagtarief (c/kWh);1,73;master_vast_2026.csv;
2026;feb;Onderneming;Elektriciteit;Injectie;ENGIE (handelsnaam van Electrabel) ;Easy pro;Vast;Tweevoudige meter dagtarief (c/kWh);1,73;master_vast_2026.csv;
2026;feb;Onderneming;Elektriciteit;Injectie;ENGIE (handelsnaam van Electrabel) ;Easy pro;Vast;Tweevoudige meter nachttarief (c/kWh);1,73;master_vast_2026.csv;
2026;feb;Onderneming;Elektriciteit;Injectie;ENGIE (handelsnaam van Electrabel) ;Easy pro;Vast;Vaste vergoeding ();0;master_vast_2026.csv;
2026;feb;Onderneming;Elektriciteit;Injectie;ENGIE (handelsnaam van Electrabel) ;Empower Pro;Vast;Enkelvoudige meter dagtarief (c/kWh);1,73;master_vast_2026.csv;
2026;feb;Onderneming;Elektriciteit;Injectie;ENGIE (handelsnaam van Electrabel) ;Empower Pro;Vast;Tweevoudige meter dagtarief (c/kWh);1,73;master_vast_2026.csv;
2026;feb;Onderneming;Elektriciteit;Injectie;ENGIE (handelsnaam van Electrabel) ;Empower Pro;Vast;Tweevoudige meter nachttarief (c/kWh);1,73;master_vast_2026.csv;
2026;feb;Onderneming;Elektriciteit;Injectie;ENGIE (handelsnaam van Electrabel) ;Empower Pro;Vast;Vaste vergoeding ();0;master_vast_2026.csv;
2026;feb;Onderneming;Elektriciteit;Injectie;Mega (handelsnaam van Power Online);COSY GREEN FIXED;Vast;Enkelvoudige meter dagtarief (c/kWh);1,799;master_vast_2026.csv;
2026;feb;Onderneming;Elektriciteit;Injectie;Mega (handelsnaam van Power Online);COSY GREEN FIXED;Vast;Tweevoudige meter dagtarief (c/kWh);1,799;master_vast_2026.csv;
2026;feb;Onderneming;Elektriciteit;Injectie;Mega (handelsnaam van Power Online);COSY GREEN FIXED;Vast;Tweevoudige meter nachttarief (c/kWh);1,799;master_vast_2026.csv;
2026;feb;Onderneming;Elektriciteit;Injectie;Mega (handelsnaam van Power Online);COSY GREEN FIXED;Vast;Vaste vergoeding ();0;master_vast_2026.csv;
2026;feb;Onderneming;Elektriciteit;Injectie;Mega (handelsnaam van Power Online);OFFPEAK GREEN FIXED;Vast;Enkelvoudige meter dagtarief (c/kWh);1,799;master_vast_2026.csv;
2026;feb;Onderneming;Elektriciteit;Injectie;Mega (handelsnaam van Power Online);OFFPEAK GREEN FIXED;Vast;Tweevoudige meter dagtarief (c/kWh);1,799;master_vast_2026.csv;
2026;feb;Onderneming;Elektriciteit;Injectie;Mega (handelsnaam van Power Online);OFFPEAK GREEN FIXED;Vast;Tweevoudige meter nachttarief (c/kWh);1,799;master_vast_2026.csv;
2026;feb;Onderneming;Elektriciteit;Injectie;Mega (handelsnaam van Power Online);OFFPEAK GREEN FIXED;Vast;Vaste vergoeding ();0;master_vast_2026.csv;
2026;feb;Onderneming;Elektriciteit;Injectie;Mega (handelsnaam van Power Online);ONLINE FIXED;Vast;Enkelvoudige meter dagtarief (c/kWh);1,799;master_vast_2026.csv;
2026;feb;Onderneming;Elektriciteit;Injectie;Mega (handelsnaam van Power Online);ONLINE FIXED;Vast;Tweevoudige meter dagtarief (c/kWh);1,799;master_vast_2026.csv;
2026;feb;Onderneming;Elektriciteit;Injectie;Mega (handelsnaam van Power Online);ONLINE FIXED;Vast;Tweevoudige meter nachttarief (c/kWh);1,799;master_vast_2026.csv;
2026;feb;Onderneming;Elektriciteit;Injectie;Mega (handelsnaam van Power Online);ONLINE FIXED;Vast;Vaste vergoeding ();0;master_vast_2026.csv;
2026;feb;Onderneming;Elektriciteit;Injectie;Mega (handelsnaam van Power Online);PREPAID FIXED;Vast;Enkelvoudige meter dagtarief (c/kWh);2,7;master_vast_2026.csv;
2026;feb;Onderneming;Elektriciteit;Injectie;Mega (handelsnaam van Power Online);PREPAID FIXED;Vast;Tweevoudige meter dagtarief (c/kWh);2,7;master_vast_2026.csv;
2026;feb;Onderneming;Elektriciteit;Injectie;Mega (handelsnaam van Power Online);PREPAID FIXED;Vast;Tweevoudige meter nachttarief (c/kWh);2,7;master_vast_2026.csv;
2026;feb;Onderneming;Elektriciteit;Injectie;Mega (handelsnaam van Power Online);PREPAID FIXED;Vast;Vaste vergoeding ();0;master_vast_2026.csv;
2026;feb;Onderneming;Elektriciteit;Injectie;Mega (handelsnaam van Power Online);SMART GREEN FIXED;Vast;Enkelvoudige meter dagtarief (c/kWh);1,283;master_vast_2026.csv;
2026;feb;Onderneming;Elektriciteit;Injectie;Mega (handelsnaam van Power Online);SMART GREEN FIXED;Vast;Tweevoudige meter dagtarief (c/kWh);1,283;master_vast_2026.csv;
2026;feb;Onderneming;Elektriciteit;Injectie;Mega (handelsnaam van Power Online);SMART GREEN FIXED;Vast;Tweevoudige meter nachttarief (c/kWh);1,283;master_vast_2026.csv;
2026;feb;Onderneming;Elektriciteit;Injectie;Mega (handelsnaam van Power Online);SMART GREEN FIXED;Vast;Vaste vergoeding ();0;master_vast_2026.csv;
2026;feb;Onderneming;Elektriciteit;Injectie;Mega (handelsnaam van Power Online);Speciale aanbieding Testaankoop Fixed 2025;Vast;Enkelvoudige meter dagtarief (c/kWh);2,7;master_vast_2026.csv;
2026;feb;Onderneming;Elektriciteit;Injectie;Mega (handelsnaam van Power Online);Speciale aanbieding Testaankoop Fixed 2025;Vast;Tweevoudige meter dagtarief (c/kWh);2,7;master_vast_2026.csv;
2026;feb;Onderneming;Elektriciteit;Injectie;Mega (handelsnaam van Power Online);Speciale aanbieding Testaankoop Fixed 2025;Vast;Tweevoudige meter nachttarief (c/kWh);2,7;master_vast_2026.csv;
2026;feb;Onderneming;Elektriciteit;Injectie;Mega (handelsnaam van Power Online);Speciale aanbieding Testaankoop Fixed 2025;Vast;Vaste vergoeding ();0;master_vast_2026.csv;
2026;feb;Onderneming;Elektriciteit;Injectie;Mega (handelsnaam van Power Online);Zen 3 Jaar Vast;Vast;Enkelvoudige meter dagtarief (c/kWh);0,808;master_vast_2026.csv;
2026;feb;Onderneming;Elektriciteit;Injectie;Mega (handelsnaam van Power Online);Zen 3 Jaar Vast;Vast;Tweevoudige meter dagtarief (c/kWh);0,808;master_vast_2026.csv;
2026;feb;Onderneming;Elektriciteit;Injectie;Mega (handelsnaam van Power Online);Zen 3 Jaar Vast;Vast;Tweevoudige meter nachttarief (c/kWh);0,808;master_vast_2026.csv;
2026;feb;Onderneming;Elektriciteit;Injectie;Mega (handelsnaam van Power Online);Zen 3 Jaar Vast;Vast;Vaste vergoeding ();0;master_vast_2026.csv;
2026;feb;Onderneming;Elektriciteit;Injectie;Trevion;Trevion Groene Energie Vast Teruglevering;Vast;Enkelvoudige meter dagtarief (c/kWh);3,2905;master_vast_2026.csv;
2026;feb;Onderneming;Elektriciteit;Injectie;Trevion;Trevion Groene Energie Vast Teruglevering;Vast;Tweevoudige meter dagtarief (c/kWh);3,653;master_vast_2026.csv;
2026;feb;Onderneming;Elektriciteit;Injectie;Trevion;Trevion Groene Energie Vast Teruglevering;Vast;Tweevoudige meter nachttarief (c/kWh);2,384;master_vast_2026.csv;
2026;feb;Onderneming;Elektriciteit;Injectie;Trevion;Trevion Groene Energie Vast Teruglevering;Vast;Vaste vergoeding ();0;master_vast_2026.csv;
2026;feb;Onderneming;Elektriciteit;Injectie;Wase Wind;Vast-dynamisch;Vast;Enkelvoudige meter dagtarief (c/kWh);2;master_vast_2026.csv;
2026;feb;Onderneming;Elektriciteit;Injectie;Wase Wind;Vast-dynamisch;Vast;Tweevoudige meter dagtarief (c/kWh);2;master_vast_2026.csv;
2026;feb;Onderneming;Elektriciteit;Injectie;Wase Wind;Vast-dynamisch;Vast;Tweevoudige meter nachttarief (c/kWh);2;master_vast_2026.csv;
2026;feb;Onderneming;Elektriciteit;Injectie;Wase Wind;Vast-dynamisch;Vast;Vaste vergoeding ();0;master_vast_2026.csv;
2026;feb;Onderneming;Elektriciteit;Injectie;Wase Wind;Vast-variabel;Vast;Enkelvoudige meter dagtarief (c/kWh);2;master_vast_2026.csv;
2026;feb;Onderneming;Elektriciteit;Injectie;Wase Wind;Vast-variabel;Vast;Tweevoudige meter dagtarief (c/kWh);2;master_vast_2026.csv;
2026;feb;Onderneming;Elektriciteit;Injectie;Wase Wind;Vast-variabel;Vast;Tweevoudige meter nachttarief (c/kWh);2;master_vast_2026.csv;
2026;feb;Onderneming;Elektriciteit;Injectie;Wase Wind;Vast-variabel;Vast;Vaste vergoeding ();0;master_vast_2026.csv;
2026;feb;Onderneming;Gas;Afname;Bolt;Bolt Vast;Vast;Enkelvoudige meter dagtarief (c/kWh);4,237;master_vast_2026.csv;
2026;feb;Onderneming;Gas;Afname;Bolt;Bolt Vast;Vast;Vaste vergoeding ();167,88;master_vast_2026.csv;
2026;feb;Onderneming;Gas;Afname;Bolt;Plenty Vast;Vast;Enkelvoudige meter dagtarief (c/kWh);4,237;master_vast_2026.csv;
2026;feb;Onderneming;Gas;Afname;Bolt;Plenty Vast;Vast;Vaste vergoeding ();119,88;master_vast_2026.csv;
2026;feb;Onderneming;Gas;Afname;Elegant;Zeker & Vast;Vast;Enkelvoudige meter dagtarief (c/kWh);4,676;master_vast_2026.csv;
2026;feb;Onderneming;Gas;Afname;Elegant;Zeker & Vast;Vast;Vaste vergoeding ();99,17355;master_vast_2026.csv;
2026;feb;Onderneming;Gas;Afname;Eneco Belgium;Eneco Aardgas Vast;Vast;Enkelvoudige meter dagtarief (c/kWh);4,364;master_vast_2026.csv;
2026;feb;Onderneming;Gas;Afname;Eneco Belgium;Eneco Aardgas Vast;Vast;Vaste vergoeding ();95;master_vast_2026.csv;
2026;feb;Onderneming;Gas;Afname;Energie.be;Gas vast professioneel online;Vast;Enkelvoudige meter dagtarief (c/kWh);4,57;master_vast_2026.csv;
2026;feb;Onderneming;Gas;Afname;Energie.be;Gas vast professioneel online;Vast;Vaste vergoeding ();60;master_vast_2026.csv;
2026;feb;Onderneming;Gas;Afname;ENGIE (handelsnaam van Electrabel) ;Easy pro;Vast;Enkelvoudige meter dagtarief (c/kWh);4,585;master_vast_2026.csv;
2026;feb;Onderneming;Gas;Afname;ENGIE (handelsnaam van Electrabel) ;Easy pro;Vast;Vaste vergoeding ();55;master_vast_2026.csv;
2026;feb;Onderneming;Gas;Afname;ENGIE (handelsnaam van Electrabel) ;Empower Pro;Vast;Enkelvoudige meter dagtarief (c/kWh);4,585;master_vast_2026.csv;
2026;feb;Onderneming;Gas;Afname;ENGIE (handelsnaam van Electrabel) ;Empower Pro;Vast;Vaste vergoeding ();55;master_vast_2026.csv;
2026;feb;Onderneming;Gas;Afname;Luminus;BasicFix Pro Online;Vast;Enkelvoudige meter dagtarief (c/kWh);4,63184;master_vast_2026.csv;
2026;feb;Onderneming;Gas;Afname;Luminus;BasicFix Pro Online;Vast;Vaste vergoeding ();20;master_vast_2026.csv;
2026;feb;Onderneming;Gas;Afname;Luminus;Comfy Pro;Vast;Enkelvoudige meter dagtarief (c/kWh);5,19643;master_vast_2026.csv;
2026;feb;Onderneming;Gas;Afname;Luminus;Comfy Pro;Vast;Vaste vergoeding ();50;master_vast_2026.csv;
2026;feb;Onderneming;Gas;Afname;Luminus;Comfy Pro+;Vast;Enkelvoudige meter dagtarief (c/kWh);5,57143;master_vast_2026.csv;
2026;feb;Onderneming;Gas;Afname;Luminus;Comfy Pro+;Vast;Vaste vergoeding ();50;master_vast_2026.csv;
2026;feb;Onderneming;Gas;Afname;Luminus;MaxxFix Pro;Vast;Enkelvoudige meter dagtarief (c/kWh);5,04485;master_vast_2026.csv;
2026;feb;Onderneming;Gas;Afname;Luminus;MaxxFix Pro;Vast;Vaste vergoeding ();50;master_vast_2026.csv;
2026;feb;Onderneming;Gas;Afname;Mega (handelsnaam van Power Online);COSY FIXED;Vast;Enkelvoudige meter dagtarief (c/kWh);4,592;master_vast_2026.csv;
2026;feb;Onderneming;Gas;Afname;Mega (handelsnaam van Power Online);COSY FIXED;Vast;Vaste vergoeding ();135;master_vast_2026.csv;
2026;feb;Onderneming;Gas;Afname;Mega (handelsnaam van Power Online);OFFPEAK FIXED;Vast;Enkelvoudige meter dagtarief (c/kWh);4,092;master_vast_2026.csv;
2026;feb;Onderneming;Gas;Afname;Mega (handelsnaam van Power Online);OFFPEAK FIXED;Vast;Vaste vergoeding ();70;master_vast_2026.csv;
2026;feb;Onderneming;Gas;Afname;Mega (handelsnaam van Power Online);ONLINE FIXED;Vast;Enkelvoudige meter dagtarief (c/kWh);4,392;master_vast_2026.csv;
2026;feb;Onderneming;Gas;Afname;Mega (handelsnaam van Power Online);ONLINE FIXED;Vast;Vaste vergoeding ();55;master_vast_2026.csv;
2026;feb;Onderneming;Gas;Afname;Mega (handelsnaam van Power Online);PREPAID FIXED;Vast;Enkelvoudige meter dagtarief (c/kWh);3,792;master_vast_2026.csv;
2026;feb;Onderneming;Gas;Afname;Mega (handelsnaam van Power Online);PREPAID FIXED;Vast;Vaste vergoeding ();45;master_vast_2026.csv;
2026;feb;Onderneming;Gas;Afname;Mega (handelsnaam van Power Online);SMART FIXED;Vast;Enkelvoudige meter dagtarief (c/kWh);4,592;master_vast_2026.csv;
2026;feb;Onderneming;Gas;Afname;Mega (handelsnaam van Power Online);SMART FIXED;Vast;Vaste vergoeding ();105;master_vast_2026.csv;
2026;feb;Onderneming;Gas;Afname;Mega (handelsnaam van Power Online);Speciale aanbieding Testaankoop Fixed 2025;Vast;Enkelvoudige meter dagtarief (c/kWh);3,992;master_vast_2026.csv;
2026;feb;Onderneming;Gas;Afname;Mega (handelsnaam van Power Online);Speciale aanbieding Testaankoop Fixed 2025;Vast;Vaste vergoeding ();40;master_vast_2026.csv;
2026;feb;Onderneming;Gas;Afname;TotalEnergies;proComfort Vast;Vast;Enkelvoudige meter dagtarief (c/kWh);4,61;master_vast_2026.csv;
2026;feb;Onderneming;Gas;Afname;TotalEnergies;proComfort Vast;Vast;Vaste vergoeding ();90;master_vast_2026.csv;
2026;feb;Onderneming;Gas;Afname;TotalEnergies;proEssential Vast;Vast;Enkelvoudige meter dagtarief (c/kWh);4,61;master_vast_2026.csv;
2026;feb;Onderneming;Gas;Afname;TotalEnergies;proEssential Vast;Vast;Vaste vergoeding ();35;master_vast_2026.csv;
2026;feb;Woning;Elektriciteit;Afname;Bolt;Bolt Vast;Vast;Enkelvoudige meter dagtarief (c/kWh);13,379;master_vast_2026.csv;
2026;feb;Woning;Elektriciteit;Afname;Bolt;Bolt Vast;Vast;Kosten groene stroom (c/kWh);1,10302;master_vast_2026.csv;
2026;feb;Woning;Elektriciteit;Afname;Bolt;Bolt Vast;Vast;Kosten WKK (c/kWh);0,36414;master_vast_2026.csv;
2026;feb;Woning;Elektriciteit;Afname;Bolt;Bolt Vast;Vast;Tweevoudige meter dagtarief (c/kWh);13,379;master_vast_2026.csv;
2026;feb;Woning;Elektriciteit;Afname;Bolt;Bolt Vast;Vast;Tweevoudige meter nachttarief (c/kWh);13,379;master_vast_2026.csv;
2026;feb;Woning;Elektriciteit;Afname;Bolt;Bolt Vast;Vast;Uitsluitend nachtmeter (c/kWh);13,379;master_vast_2026.csv;
2026;feb;Woning;Elektriciteit;Afname;Bolt;Bolt Vast;Vast;Vaste vergoeding ();124,4151;master_vast_2026.csv;
2026;feb;Woning;Elektriciteit;Afname;Bolt;Plenty Vast;Vast;Enkelvoudige meter dagtarief (c/kWh);13,379;master_vast_2026.csv;
2026;feb;Woning;Elektriciteit;Afname;Bolt;Plenty Vast;Vast;Kosten groene stroom (c/kWh);1,10302;master_vast_2026.csv;
2026;feb;Woning;Elektriciteit;Afname;Bolt;Plenty Vast;Vast;Kosten WKK (c/kWh);0,36414;master_vast_2026.csv;
2026;feb;Woning;Elektriciteit;Afname;Bolt;Plenty Vast;Vast;Tweevoudige meter dagtarief (c/kWh);13,379;master_vast_2026.csv;
2026;feb;Woning;Elektriciteit;Afname;Bolt;Plenty Vast;Vast;Tweevoudige meter nachttarief (c/kWh);13,379;master_vast_2026.csv;
2026;feb;Woning;Elektriciteit;Afname;Bolt;Plenty Vast;Vast;Uitsluitend nachtmeter (c/kWh);13,379;master_vast_2026.csv;
2026;feb;Woning;Elektriciteit;Afname;Bolt;Plenty Vast;Vast;Vaste vergoeding ();67,81;master_vast_2026.csv;
2026;feb;Woning;Elektriciteit;Afname;Elegant;Zeker & Vast;Vast;Enkelvoudige meter dagtarief (c/kWh);14,205;master_vast_2026.csv;
2026;feb;Woning;Elektriciteit;Afname;Elegant;Zeker & Vast;Vast;Kosten groene stroom (c/kWh);1,1;master_vast_2026.csv;
2026;feb;Woning;Elektriciteit;Afname;Elegant;Zeker & Vast;Vast;Kosten WKK (c/kWh);0,392;master_vast_2026.csv;
2026;feb;Woning;Elektriciteit;Afname;Elegant;Zeker & Vast;Vast;Tweevoudige meter dagtarief (c/kWh);16,336;master_vast_2026.csv;
2026;feb;Woning;Elektriciteit;Afname;Elegant;Zeker & Vast;Vast;Tweevoudige meter nachttarief (c/kWh);12,074;master_vast_2026.csv;
2026;feb;Woning;Elektriciteit;Afname;Elegant;Zeker & Vast;Vast;Uitsluitend nachtmeter (c/kWh);12,074;master_vast_2026.csv;
2026;feb;Woning;Elektriciteit;Afname;Elegant;Zeker & Vast;Vast;Vaste vergoeding ();113,20755;master_vast_2026.csv;
2026;feb;Woning;Elektriciteit;Afname;Eneco Belgium;Eneco Zon & Wind Vast;Vast;Enkelvoudige meter dagtarief (c/kWh);13,742;master_vast_2026.csv;
2026;feb;Woning;Elektriciteit;Afname;Eneco Belgium;Eneco Zon & Wind Vast;Vast;Kosten groene stroom (c/kWh);1,097;master_vast_2026.csv;
2026;feb;Woning;Elektriciteit;Afname;Eneco Belgium;Eneco Zon & Wind Vast;Vast;Kosten WKK (c/kWh);0,341;master_vast_2026.csv;
2026;feb;Woning;Elektriciteit;Afname;Eneco Belgium;Eneco Zon & Wind Vast;Vast;Tweevoudige meter dagtarief (c/kWh);15,222;master_vast_2026.csv;
2026;feb;Woning;Elektriciteit;Afname;Eneco Belgium;Eneco Zon & Wind Vast;Vast;Tweevoudige meter nachttarief (c/kWh);12,466;master_vast_2026.csv;
2026;feb;Woning;Elektriciteit;Afname;Eneco Belgium;Eneco Zon & Wind Vast;Vast;Uitsluitend nachtmeter (c/kWh);12,466;master_vast_2026.csv;
2026;feb;Woning;Elektriciteit;Afname;Eneco Belgium;Eneco Zon & Wind Vast;Vast;Vaste vergoeding ();61,321;master_vast_2026.csv;
2026;feb;Woning;Elektriciteit;Afname;Energie.be;Elektriciteit vast online;Vast;Enkelvoudige meter dagtarief (c/kWh);13,72;master_vast_2026.csv;
2026;feb;Woning;Elektriciteit;Afname;Energie.be;Elektriciteit vast online;Vast;Kosten groene stroom (c/kWh);1,103;master_vast_2026.csv;
2026;feb;Woning;Elektriciteit;Afname;Energie.be;Elektriciteit vast online;Vast;Kosten WKK (c/kWh);0,364;master_vast_2026.csv;
2026;feb;Woning;Elektriciteit;Afname;Energie.be;Elektriciteit vast online;Vast;Tweevoudige meter dagtarief (c/kWh);13,72;master_vast_2026.csv;
2026;feb;Woning;Elektriciteit;Afname;Energie.be;Elektriciteit vast online;Vast;Tweevoudige meter nachttarief (c/kWh);13,72;master_vast_2026.csv;
2026;feb;Woning;Elektriciteit;Afname;Energie.be;Elektriciteit vast online;Vast;Uitsluitend nachtmeter (c/kWh);13,72;master_vast_2026.csv;
2026;feb;Woning;Elektriciteit;Afname;Energie.be;Elektriciteit vast online;Vast;Vaste vergoeding ();33,02;master_vast_2026.csv;
2026;feb;Woning;Elektriciteit;Afname;EnergyVision;Goedkope Stroom 3 jaar vast ;Vast;Enkelvoudige meter dagtarief (c/kWh);12,8;master_vast_2026.csv;
2026;feb;Woning;Elektriciteit;Afname;EnergyVision;Goedkope Stroom 3 jaar vast ;Vast;Kosten groene stroom (c/kWh);1,1;master_vast_2026.csv;
2026;feb;Woning;Elektriciteit;Afname;EnergyVision;Goedkope Stroom 3 jaar vast ;Vast;Kosten WKK (c/kWh);0,366;master_vast_2026.csv;
2026;feb;Woning;Elektriciteit;Afname;EnergyVision;Goedkope Stroom 3 jaar vast ;Vast;Tweevoudige meter dagtarief (c/kWh);12,8;master_vast_2026.csv;
2026;feb;Woning;Elektriciteit;Afname;EnergyVision;Goedkope Stroom 3 jaar vast ;Vast;Tweevoudige meter nachttarief (c/kWh);12,8;master_vast_2026.csv;
2026;feb;Woning;Elektriciteit;Afname;EnergyVision;Goedkope Stroom 3 jaar vast ;Vast;Uitsluitend nachtmeter (c/kWh);12,8;master_vast_2026.csv;
2026;feb;Woning;Elektriciteit;Afname;EnergyVision;Goedkope Stroom 3 jaar vast ;Vast;Vaste vergoeding ();70,75472;master_vast_2026.csv;
2026;feb;Woning;Elektriciteit;Afname;ENGIE (handelsnaam van Electrabel) ;Easy ;Vast;Enkelvoudige meter dagtarief (c/kWh);14,013;master_vast_2026.csv;
2026;feb;Woning;Elektriciteit;Afname;ENGIE (handelsnaam van Electrabel) ;Easy ;Vast;Kosten groene stroom (c/kWh);1,1;master_vast_2026.csv;
2026;feb;Woning;Elektriciteit;Afname;ENGIE (handelsnaam van Electrabel) ;Easy ;Vast;Kosten WKK (c/kWh);0,392;master_vast_2026.csv;
2026;feb;Woning;Elektriciteit;Afname;ENGIE (handelsnaam van Electrabel) ;Easy ;Vast;Tweevoudige meter dagtarief (c/kWh);15,337;master_vast_2026.csv;
2026;feb;Woning;Elektriciteit;Afname;ENGIE (handelsnaam van Electrabel) ;Easy ;Vast;Tweevoudige meter nachttarief (c/kWh);12,406;master_vast_2026.csv;
2026;feb;Woning;Elektriciteit;Afname;ENGIE (handelsnaam van Electrabel) ;Easy ;Vast;Uitsluitend nachtmeter (c/kWh);12,406;master_vast_2026.csv;
2026;feb;Woning;Elektriciteit;Afname;ENGIE (handelsnaam van Electrabel) ;Easy ;Vast;Vaste vergoeding ();65,09;master_vast_2026.csv;
2026;feb;Woning;Elektriciteit;Afname;ENGIE (handelsnaam van Electrabel) ;Empower;Vast;Enkelvoudige meter dagtarief (c/kWh);13,194;master_vast_2026.csv;
2026;feb;Woning;Elektriciteit;Afname;ENGIE (handelsnaam van Electrabel) ;Empower;Vast;Kosten groene stroom (c/kWh);1,1;master_vast_2026.csv;
2026;feb;Woning;Elektriciteit;Afname;ENGIE (handelsnaam van Electrabel) ;Empower;Vast;Kosten WKK (c/kWh);0,392;master_vast_2026.csv;
2026;feb;Woning;Elektriciteit;Afname;ENGIE (handelsnaam van Electrabel) ;Empower;Vast;Tweevoudige meter dagtarief (c/kWh);15,036;master_vast_2026.csv;
2026;feb;Woning;Elektriciteit;Afname;ENGIE (handelsnaam van Electrabel) ;Empower;Vast;Tweevoudige meter nachttarief (c/kWh);10,553;master_vast_2026.csv;
2026;feb;Woning;Elektriciteit;Afname;ENGIE (handelsnaam van Electrabel) ;Empower;Vast;Uitsluitend nachtmeter (c/kWh);12,406;master_vast_2026.csv;
2026;feb;Woning;Elektriciteit;Afname;ENGIE (handelsnaam van Electrabel) ;Empower;Vast;Vaste vergoeding ();80,19;master_vast_2026.csv;
2026;feb;Woning;Elektriciteit;Afname;Fluvius als sociale leverancier;Standaardtarief netbeheerder;Vast;Kosten groene stroom (c/kWh);0;master_vast_2026.csv;
2026;feb;Woning;Elektriciteit;Afname;Fluvius als sociale leverancier;Standaardtarief netbeheerder;Vast;Kosten WKK (c/kWh);0;master_vast_2026.csv;
2026;feb;Woning;Elektriciteit;Afname;Fluvius als sociale leverancier;Standaardtarief netbeheerder;Vast;Tweevoudige meter dagtarief (c/kWh);18,925;master_vast_2026.csv;
2026;feb;Woning;Elektriciteit;Afname;Fluvius als sociale leverancier;Standaardtarief netbeheerder;Vast;Uitsluitend nachtmeter (c/kWh);13,068;master_vast_2026.csv;
2026;feb;Woning;Elektriciteit;Afname;Fluvius als sociale leverancier;Standaardtarief netbeheerder;Vast;Vaste vergoeding ();0;master_vast_2026.csv;
2026;feb;Woning;Elektriciteit;Afname;Luminus;BasicFix Online;Vast;Enkelvoudige meter dagtarief (c/kWh);14,20143;master_vast_2026.csv;
2026;feb;Woning;Elektriciteit;Afname;Luminus;BasicFix Online;Vast;Kosten groene stroom (c/kWh);1,10302;master_vast_2026.csv;
2026;feb;Woning;Elektriciteit;Afname;Luminus;BasicFix Online;Vast;Kosten WKK (c/kWh);0,36414;master_vast_2026.csv;
2026;feb;Woning;Elektriciteit;Afname;Luminus;BasicFix Online;Vast;Tweevoudige meter dagtarief (c/kWh);15,95264;master_vast_2026.csv;
2026;feb;Woning;Elektriciteit;Afname;Luminus;BasicFix Online;Vast;Tweevoudige meter nachttarief (c/kWh);12,66073;master_vast_2026.csv;
2026;feb;Woning;Elektriciteit;Afname;Luminus;BasicFix Online;Vast;Uitsluitend nachtmeter (c/kWh);12,66073;master_vast_2026.csv;
2026;feb;Woning;Elektriciteit;Afname;Luminus;BasicFix Online;Vast;Vaste vergoeding ();23,58491;master_vast_2026.csv;
2026;feb;Woning;Elektriciteit;Afname;Luminus;Comfy;Vast;Enkelvoudige meter dagtarief (c/kWh);15,98067;master_vast_2026.csv;
2026;feb;Woning;Elektriciteit;Afname;Luminus;Comfy;Vast;Kosten groene stroom (c/kWh);1,10302;master_vast_2026.csv;
2026;feb;Woning;Elektriciteit;Afname;Luminus;Comfy;Vast;Kosten WKK (c/kWh);0,36414;master_vast_2026.csv;
2026;feb;Woning;Elektriciteit;Afname;Luminus;Comfy;Vast;Tweevoudige meter dagtarief (c/kWh);17,00804;master_vast_2026.csv;
2026;feb;Woning;Elektriciteit;Afname;Luminus;Comfy;Vast;Tweevoudige meter nachttarief (c/kWh);14,25249;master_vast_2026.csv;
2026;feb;Woning;Elektriciteit;Afname;Luminus;Comfy;Vast;Uitsluitend nachtmeter (c/kWh);14,25249;master_vast_2026.csv;
2026;feb;Woning;Elektriciteit;Afname;Luminus;Comfy;Vast;Vaste vergoeding ();61,32075;master_vast_2026.csv;
2026;feb;Woning;Elektriciteit;Afname;Luminus;Comfy+;Vast;Enkelvoudige meter dagtarief (c/kWh);17,69067;master_vast_2026.csv;
2026;feb;Woning;Elektriciteit;Afname;Luminus;Comfy+;Vast;Kosten groene stroom (c/kWh);1,10302;master_vast_2026.csv;
2026;feb;Woning;Elektriciteit;Afname;Luminus;Comfy+;Vast;Kosten WKK (c/kWh);0,36414;master_vast_2026.csv;
2026;feb;Woning;Elektriciteit;Afname;Luminus;Comfy+;Vast;Tweevoudige meter dagtarief (c/kWh);18,69085;master_vast_2026.csv;
2026;feb;Woning;Elektriciteit;Afname;Luminus;Comfy+;Vast;Tweevoudige meter nachttarief (c/kWh);15,83354;master_vast_2026.csv;
2026;feb;Woning;Elektriciteit;Afname;Luminus;Comfy+;Vast;Uitsluitend nachtmeter (c/kWh);15,83354;master_vast_2026.csv;
2026;feb;Woning;Elektriciteit;Afname;Luminus;Comfy+;Vast;Vaste vergoeding ();61,32075;master_vast_2026.csv;
2026;feb;Woning;Elektriciteit;Afname;Luminus;MaxxFix;Vast;Enkelvoudige meter dagtarief (c/kWh);14,48691;master_vast_2026.csv;
2026;feb;Woning;Elektriciteit;Afname;Luminus;MaxxFix;Vast;Kosten groene stroom (c/kWh);1,10302;master_vast_2026.csv;
2026;feb;Woning;Elektriciteit;Afname;Luminus;MaxxFix;Vast;Kosten WKK (c/kWh);0,36414;master_vast_2026.csv;
2026;feb;Woning;Elektriciteit;Afname;Luminus;MaxxFix;Vast;Tweevoudige meter dagtarief (c/kWh);15,49034;master_vast_2026.csv;
2026;feb;Woning;Elektriciteit;Afname;Luminus;MaxxFix;Vast;Tweevoudige meter nachttarief (c/kWh);12,81076;master_vast_2026.csv;
2026;feb;Woning;Elektriciteit;Afname;Luminus;MaxxFix;Vast;Uitsluitend nachtmeter (c/kWh);12,81076;master_vast_2026.csv;
2026;feb;Woning;Elektriciteit;Afname;Luminus;MaxxFix;Vast;Vaste vergoeding ();61,32075;master_vast_2026.csv;
2026;feb;Woning;Elektriciteit;Afname;Mega (handelsnaam van Power Online);COSY GREEN FIXED;Vast;Enkelvoudige meter dagtarief (c/kWh);14,871;master_vast_2026.csv;
2026;feb;Woning;Elektriciteit;Afname;Mega (handelsnaam van Power Online);COSY GREEN FIXED;Vast;Kosten groene stroom (c/kWh);1,11793;master_vast_2026.csv;
2026;feb;Woning;Elektriciteit;Afname;Mega (handelsnaam van Power Online);COSY GREEN FIXED;Vast;Kosten WKK (c/kWh);0,3489;master_vast_2026.csv;
2026;feb;Woning;Elektriciteit;Afname;Mega (handelsnaam van Power Online);COSY GREEN FIXED;Vast;Tweevoudige meter dagtarief (c/kWh);16,09;master_vast_2026.csv;
2026;feb;Woning;Elektriciteit;Afname;Mega (handelsnaam van Power Online);COSY GREEN FIXED;Vast;Tweevoudige meter nachttarief (c/kWh);13,814;master_vast_2026.csv;
2026;feb;Woning;Elektriciteit;Afname;Mega (handelsnaam van Power Online);COSY GREEN FIXED;Vast;Uitsluitend nachtmeter (c/kWh);13,814;master_vast_2026.csv;
2026;feb;Woning;Elektriciteit;Afname;Mega (handelsnaam van Power Online);COSY GREEN FIXED;Vast;Vaste vergoeding ();135;master_vast_2026.csv;
2026;feb;Woning;Elektriciteit;Afname;Mega (handelsnaam van Power Online);OFFPEAK GREEN FIXED;Vast;Enkelvoudige meter dagtarief (c/kWh);13,121;master_vast_2026.csv;
2026;feb;Woning;Elektriciteit;Afname;Mega (handelsnaam van Power Online);OFFPEAK GREEN FIXED;Vast;Kosten groene stroom (c/kWh);1,11793;master_vast_2026.csv;
2026;feb;Woning;Elektriciteit;Afname;Mega (handelsnaam van Power Online);OFFPEAK GREEN FIXED;Vast;Kosten WKK (c/kWh);0,3489;master_vast_2026.csv;
2026;feb;Woning;Elektriciteit;Afname;Mega (handelsnaam van Power Online);OFFPEAK GREEN FIXED;Vast;Tweevoudige meter dagtarief (c/kWh);15,34;master_vast_2026.csv;
2026;feb;Woning;Elektriciteit;Afname;Mega (handelsnaam van Power Online);OFFPEAK GREEN FIXED;Vast;Tweevoudige meter nachttarief (c/kWh);11,064;master_vast_2026.csv;
2026;feb;Woning;Elektriciteit;Afname;Mega (handelsnaam van Power Online);OFFPEAK GREEN FIXED;Vast;Uitsluitend nachtmeter (c/kWh);11,064;master_vast_2026.csv;
2026;feb;Woning;Elektriciteit;Afname;Mega (handelsnaam van Power Online);OFFPEAK GREEN FIXED;Vast;Vaste vergoeding ();70;master_vast_2026.csv;
2026;feb;Woning;Elektriciteit;Afname;Mega (handelsnaam van Power Online);ONLINE FIXED;Vast;Enkelvoudige meter dagtarief (c/kWh);13,921;master_vast_2026.csv;
2026;feb;Woning;Elektriciteit;Afname;Mega (handelsnaam van Power Online);ONLINE FIXED;Vast;Kosten groene stroom (c/kWh);1,11793;master_vast_2026.csv;
2026;feb;Woning;Elektriciteit;Afname;Mega (handelsnaam van Power Online);ONLINE FIXED;Vast;Kosten WKK (c/kWh);0,3489;master_vast_2026.csv;
2026;feb;Woning;Elektriciteit;Afname;Mega (handelsnaam van Power Online);ONLINE FIXED;Vast;Tweevoudige meter dagtarief (c/kWh);15,14;master_vast_2026.csv;
2026;feb;Woning;Elektriciteit;Afname;Mega (handelsnaam van Power Online);ONLINE FIXED;Vast;Tweevoudige meter nachttarief (c/kWh);12,864;master_vast_2026.csv;
2026;feb;Woning;Elektriciteit;Afname;Mega (handelsnaam van Power Online);ONLINE FIXED;Vast;Uitsluitend nachtmeter (c/kWh);12,864;master_vast_2026.csv;
2026;feb;Woning;Elektriciteit;Afname;Mega (handelsnaam van Power Online);ONLINE FIXED;Vast;Vaste vergoeding ();55;master_vast_2026.csv;
2026;feb;Woning;Elektriciteit;Afname;Mega (handelsnaam van Power Online);PREPAID FIXED;Vast;Enkelvoudige meter dagtarief (c/kWh);12,021;master_vast_2026.csv;
2026;feb;Woning;Elektriciteit;Afname;Mega (handelsnaam van Power Online);PREPAID FIXED;Vast;Kosten groene stroom (c/kWh);1,11793;master_vast_2026.csv;
2026;feb;Woning;Elektriciteit;Afname;Mega (handelsnaam van Power Online);PREPAID FIXED;Vast;Kosten WKK (c/kWh);0,3489;master_vast_2026.csv;
2026;feb;Woning;Elektriciteit;Afname;Mega (handelsnaam van Power Online);PREPAID FIXED;Vast;Tweevoudige meter dagtarief (c/kWh);13,24;master_vast_2026.csv;
2026;feb;Woning;Elektriciteit;Afname;Mega (handelsnaam van Power Online);PREPAID FIXED;Vast;Tweevoudige meter nachttarief (c/kWh);10,964;master_vast_2026.csv;
2026;feb;Woning;Elektriciteit;Afname;Mega (handelsnaam van Power Online);PREPAID FIXED;Vast;Uitsluitend nachtmeter (c/kWh);10,964;master_vast_2026.csv;
2026;feb;Woning;Elektriciteit;Afname;Mega (handelsnaam van Power Online);PREPAID FIXED;Vast;Vaste vergoeding ();45;master_vast_2026.csv;
2026;feb;Woning;Elektriciteit;Afname;Mega (handelsnaam van Power Online);SMART GREEN FIXED;Vast;Enkelvoudige meter dagtarief (c/kWh);14,997;master_vast_2026.csv;
2026;feb;Woning;Elektriciteit;Afname;Mega (handelsnaam van Power Online);SMART GREEN FIXED;Vast;Kosten groene stroom (c/kWh);1,11793;master_vast_2026.csv;
2026;feb;Woning;Elektriciteit;Afname;Mega (handelsnaam van Power Online);SMART GREEN FIXED;Vast;Kosten WKK (c/kWh);0,3489;master_vast_2026.csv;
2026;feb;Woning;Elektriciteit;Afname;Mega (handelsnaam van Power Online);SMART GREEN FIXED;Vast;Tweevoudige meter dagtarief (c/kWh);16,192;master_vast_2026.csv;
2026;feb;Woning;Elektriciteit;Afname;Mega (handelsnaam van Power Online);SMART GREEN FIXED;Vast;Tweevoudige meter nachttarief (c/kWh);13,96;master_vast_2026.csv;
2026;feb;Woning;Elektriciteit;Afname;Mega (handelsnaam van Power Online);SMART GREEN FIXED;Vast;Uitsluitend nachtmeter (c/kWh);13,96;master_vast_2026.csv;
2026;feb;Woning;Elektriciteit;Afname;Mega (handelsnaam van Power Online);SMART GREEN FIXED;Vast;Vaste vergoeding ();105;master_vast_2026.csv;
2026;feb;Woning;Elektriciteit;Afname;Mega (handelsnaam van Power Online);Speciale aanbieding Testaankoop Fixed 2025;Vast;Enkelvoudige meter dagtarief (c/kWh);12,921;master_vast_2026.csv;
2026;feb;Woning;Elektriciteit;Afname;Mega (handelsnaam van Power Online);Speciale aanbieding Testaankoop Fixed 2025;Vast;Kosten groene stroom (c/kWh);1,11793;master_vast_2026.csv;
2026;feb;Woning;Elektriciteit;Afname;Mega (handelsnaam van Power Online);Speciale aanbieding Testaankoop Fixed 2025;Vast;Kosten WKK (c/kWh);0,3489;master_vast_2026.csv;
2026;feb;Woning;Elektriciteit;Afname;Mega (handelsnaam van Power Online);Speciale aanbieding Testaankoop Fixed 2025;Vast;Tweevoudige meter dagtarief (c/kWh);14,14;master_vast_2026.csv;
2026;feb;Woning;Elektriciteit;Afname;Mega (handelsnaam van Power Online);Speciale aanbieding Testaankoop Fixed 2025;Vast;Tweevoudige meter nachttarief (c/kWh);11,864;master_vast_2026.csv;
2026;feb;Woning;Elektriciteit;Afname;Mega (handelsnaam van Power Online);Speciale aanbieding Testaankoop Fixed 2025;Vast;Uitsluitend nachtmeter (c/kWh);11,864;master_vast_2026.csv;
2026;feb;Woning;Elektriciteit;Afname;Mega (handelsnaam van Power Online);Speciale aanbieding Testaankoop Fixed 2025;Vast;Vaste vergoeding ();40;master_vast_2026.csv;
2026;feb;Woning;Elektriciteit;Afname;Mega (handelsnaam van Power Online);Zen 3 Jaar Vast;Vast;Enkelvoudige meter dagtarief (c/kWh);14,598;master_vast_2026.csv;
2026;feb;Woning;Elektriciteit;Afname;Mega (handelsnaam van Power Online);Zen 3 Jaar Vast;Vast;Kosten groene stroom (c/kWh);1,11793;master_vast_2026.csv;
2026;feb;Woning;Elektriciteit;Afname;Mega (handelsnaam van Power Online);Zen 3 Jaar Vast;Vast;Kosten WKK (c/kWh);0,3489;master_vast_2026.csv;
2026;feb;Woning;Elektriciteit;Afname;Mega (handelsnaam van Power Online);Zen 3 Jaar Vast;Vast;Tweevoudige meter dagtarief (c/kWh);15,778;master_vast_2026.csv;
2026;feb;Woning;Elektriciteit;Afname;Mega (handelsnaam van Power Online);Zen 3 Jaar Vast;Vast;Tweevoudige meter nachttarief (c/kWh);13,575;master_vast_2026.csv;
2026;feb;Woning;Elektriciteit;Afname;Mega (handelsnaam van Power Online);Zen 3 Jaar Vast;Vast;Uitsluitend nachtmeter (c/kWh);13,575;master_vast_2026.csv;
2026;feb;Woning;Elektriciteit;Afname;Mega (handelsnaam van Power Online);Zen 3 Jaar Vast;Vast;Vaste vergoeding ();65;master_vast_2026.csv;
2026;feb;Woning;Elektriciteit;Afname;Mogelijk bij elke energieleverancier ;Sociaal tarief;Vast;bijdrage op de energie;0;master_vast_2026.csv;
2026;feb;Woning;Elektriciteit;Afname;Mogelijk bij elke energieleverancier ;Sociaal tarief;Vast;Enkelvoudige meter dagtarief (c/kWh);12,134;master_vast_2026.csv;
2026;feb;Woning;Elektriciteit;Afname;Mogelijk bij elke energieleverancier ;Sociaal tarief;Vast;Kosten groene stroom (c/kWh);0;master_vast_2026.csv;
2026;feb;Woning;Elektriciteit;Afname;Mogelijk bij elke energieleverancier ;Sociaal tarief;Vast;Kosten WKK (c/kWh);0;master_vast_2026.csv;
2026;feb;Woning;Elektriciteit;Afname;Mogelijk bij elke energieleverancier ;Sociaal tarief;Vast;Tweevoudige meter dagtarief (c/kWh);12,134;master_vast_2026.csv;
2026;feb;Woning;Elektriciteit;Afname;Mogelijk bij elke energieleverancier ;Sociaal tarief;Vast;Tweevoudige meter nachttarief (c/kWh);10,285;master_vast_2026.csv;
2026;feb;Woning;Elektriciteit;Afname;Mogelijk bij elke energieleverancier ;Sociaal tarief;Vast;Uitsluitend nachtmeter (c/kWh);9,835;master_vast_2026.csv;
2026;feb;Woning;Elektriciteit;Afname;Mogelijk bij elke energieleverancier ;Sociaal tarief;Vast;Vaste vergoeding ();0;master_vast_2026.csv;
2026;feb;Woning;Elektriciteit;Afname;OCTA+ ENERGIE;Eco Fixed;Vast;Enkelvoudige meter dagtarief (c/kWh);14,22021;master_vast_2026.csv;
2026;feb;Woning;Elektriciteit;Afname;OCTA+ ENERGIE;Eco Fixed;Vast;Kosten groene stroom (c/kWh);1,1;master_vast_2026.csv;
2026;feb;Woning;Elektriciteit;Afname;OCTA+ ENERGIE;Eco Fixed;Vast;Kosten WKK (c/kWh);0,406;master_vast_2026.csv;
2026;feb;Woning;Elektriciteit;Afname;OCTA+ ENERGIE;Eco Fixed;Vast;Tweevoudige meter dagtarief (c/kWh);15,53983;master_vast_2026.csv;
2026;feb;Woning;Elektriciteit;Afname;OCTA+ ENERGIE;Eco Fixed;Vast;Tweevoudige meter nachttarief (c/kWh);13,04621;master_vast_2026.csv;
2026;feb;Woning;Elektriciteit;Afname;OCTA+ ENERGIE;Eco Fixed;Vast;Uitsluitend nachtmeter (c/kWh);13,43754;master_vast_2026.csv;
2026;feb;Woning;Elektriciteit;Afname;OCTA+ ENERGIE;Eco Fixed;Vast;Vaste vergoeding ();122,64;master_vast_2026.csv;
2026;feb;Woning;Elektriciteit;Afname;OCTA+ ENERGIE;Fixed;Vast;Enkelvoudige meter dagtarief (c/kWh);11,92021;master_vast_2026.csv;
2026;feb;Woning;Elektriciteit;Afname;OCTA+ ENERGIE;Fixed;Vast;Kosten groene stroom (c/kWh);1,1;master_vast_2026.csv;
2026;feb;Woning;Elektriciteit;Afname;OCTA+ ENERGIE;Fixed;Vast;Kosten WKK (c/kWh);0,406;master_vast_2026.csv;
2026;feb;Woning;Elektriciteit;Afname;OCTA+ ENERGIE;Fixed;Vast;Tweevoudige meter dagtarief (c/kWh);13,23983;master_vast_2026.csv;
2026;feb;Woning;Elektriciteit;Afname;OCTA+ ENERGIE;Fixed;Vast;Tweevoudige meter nachttarief (c/kWh);10,74621;master_vast_2026.csv;
2026;feb;Woning;Elektriciteit;Afname;OCTA+ ENERGIE;Fixed;Vast;Uitsluitend nachtmeter (c/kWh);11,13754;master_vast_2026.csv;
2026;feb;Woning;Elektriciteit;Afname;OCTA+ ENERGIE;Fixed;Vast;Vaste vergoeding ();61,32;master_vast_2026.csv;
2026;feb;Woning;Elektriciteit;Afname;TotalEnergies;myComfort Vast;Vast;Enkelvoudige meter dagtarief (c/kWh);13,63596;master_vast_2026.csv;
2026;feb;Woning;Elektriciteit;Afname;TotalEnergies;myComfort Vast;Vast;Kosten groene stroom (c/kWh);1,078;master_vast_2026.csv;
2026;feb;Woning;Elektriciteit;Afname;TotalEnergies;myComfort Vast;Vast;Kosten WKK (c/kWh);0,3255;master_vast_2026.csv;
2026;feb;Woning;Elektriciteit;Afname;TotalEnergies;myComfort Vast;Vast;Tweevoudige meter dagtarief (c/kWh);14,63781;master_vast_2026.csv;
2026;feb;Woning;Elektriciteit;Afname;TotalEnergies;myComfort Vast;Vast;Tweevoudige meter nachttarief (c/kWh);12,76685;master_vast_2026.csv;
2026;feb;Woning;Elektriciteit;Afname;TotalEnergies;myComfort Vast;Vast;Uitsluitend nachtmeter (c/kWh);12,59049;master_vast_2026.csv;
2026;feb;Woning;Elektriciteit;Afname;TotalEnergies;myComfort Vast;Vast;Vaste vergoeding ();84,90566;master_vast_2026.csv;
2026;feb;Woning;Elektriciteit;Afname;TotalEnergies;myEssential Vast;Vast;Enkelvoudige meter dagtarief (c/kWh);13,03682;master_vast_2026.csv;
2026;feb;Woning;Elektriciteit;Afname;TotalEnergies;myEssential Vast;Vast;Kosten groene stroom (c/kWh);1,078;master_vast_2026.csv;
2026;feb;Woning;Elektriciteit;Afname;TotalEnergies;myEssential Vast;Vast;Kosten WKK (c/kWh);0,3255;master_vast_2026.csv;
2026;feb;Woning;Elektriciteit;Afname;TotalEnergies;myEssential Vast;Vast;Tweevoudige meter dagtarief (c/kWh);14,03924;master_vast_2026.csv;
2026;feb;Woning;Elektriciteit;Afname;TotalEnergies;myEssential Vast;Vast;Tweevoudige meter nachttarief (c/kWh);12,16723;master_vast_2026.csv;
2026;feb;Woning;Elektriciteit;Afname;TotalEnergies;myEssential Vast;Vast;Uitsluitend nachtmeter (c/kWh);11,9906;master_vast_2026.csv;
2026;feb;Woning;Elektriciteit;Afname;TotalEnergies;myEssential Vast;Vast;Vaste vergoeding ();33,01886;master_vast_2026.csv;
2026;feb;Woning;Elektriciteit;Afname;Trevion;Trevion Groene Energie Vast;Vast;Enkelvoudige meter dagtarief (c/kWh);13,7759;master_vast_2026.csv;
2026;feb;Woning;Elektriciteit;Afname;Trevion;Trevion Groene Energie Vast;Vast;Kosten groene stroom (c/kWh);1,1;master_vast_2026.csv;
2026;feb;Woning;Elektriciteit;Afname;Trevion;Trevion Groene Energie Vast;Vast;Kosten WKK (c/kWh);0,42;master_vast_2026.csv;
2026;feb;Woning;Elektriciteit;Afname;Trevion;Trevion Groene Energie Vast;Vast;Tweevoudige meter dagtarief (c/kWh);15,3158;master_vast_2026.csv;
2026;feb;Woning;Elektriciteit;Afname;Trevion;Trevion Groene Energie Vast;Vast;Tweevoudige meter nachttarief (c/kWh);12,3703;master_vast_2026.csv;
2026;feb;Woning;Elektriciteit;Afname;Trevion;Trevion Groene Energie Vast;Vast;Uitsluitend nachtmeter (c/kWh);12,3703;master_vast_2026.csv;
2026;feb;Woning;Elektriciteit;Afname;Trevion;Trevion Groene Energie Vast;Vast;Vaste vergoeding ();36,7925;master_vast_2026.csv;
2026;feb;Woning;Elektriciteit;Injectie;Ecopower;Ecopower terugleververgoeding;Vast;Enkelvoudige meter dagtarief (c/kWh);2;master_vast_2026.csv;
2026;feb;Woning;Elektriciteit;Injectie;Ecopower;Ecopower terugleververgoeding;Vast;Tweevoudige meter dagtarief (c/kWh);2;master_vast_2026.csv;
2026;feb;Woning;Elektriciteit;Injectie;Ecopower;Ecopower terugleververgoeding;Vast;Tweevoudige meter nachttarief (c/kWh);2;master_vast_2026.csv;
2026;feb;Woning;Elektriciteit;Injectie;Ecopower;Ecopower terugleververgoeding;Vast;Vaste vergoeding ();0;master_vast_2026.csv;
2026;feb;Woning;Elektriciteit;Injectie;ENGIE (handelsnaam van Electrabel) ;Easy ;Vast;Enkelvoudige meter dagtarief (c/kWh);1,732;master_vast_2026.csv;
2026;feb;Woning;Elektriciteit;Injectie;ENGIE (handelsnaam van Electrabel) ;Easy ;Vast;Tweevoudige meter dagtarief (c/kWh);1,732;master_vast_2026.csv;
2026;feb;Woning;Elektriciteit;Injectie;ENGIE (handelsnaam van Electrabel) ;Easy ;Vast;Tweevoudige meter nachttarief (c/kWh);1,732;master_vast_2026.csv;
2026;feb;Woning;Elektriciteit;Injectie;ENGIE (handelsnaam van Electrabel) ;Easy ;Vast;Vaste vergoeding ();0;master_vast_2026.csv;
2026;feb;Woning;Elektriciteit;Injectie;ENGIE (handelsnaam van Electrabel) ;Empower;Vast;Enkelvoudige meter dagtarief (c/kWh);1,732;master_vast_2026.csv;
2026;feb;Woning;Elektriciteit;Injectie;ENGIE (handelsnaam van Electrabel) ;Empower;Vast;Tweevoudige meter dagtarief (c/kWh);1,732;master_vast_2026.csv;
2026;feb;Woning;Elektriciteit;Injectie;ENGIE (handelsnaam van Electrabel) ;Empower;Vast;Tweevoudige meter nachttarief (c/kWh);1,732;master_vast_2026.csv;
2026;feb;Woning;Elektriciteit;Injectie;ENGIE (handelsnaam van Electrabel) ;Empower;Vast;Vaste vergoeding ();0;master_vast_2026.csv;
2026;feb;Woning;Elektriciteit;Injectie;Mega (handelsnaam van Power Online);COSY GREEN FIXED;Vast;Enkelvoudige meter dagtarief (c/kWh);1,799;master_vast_2026.csv;
2026;feb;Woning;Elektriciteit;Injectie;Mega (handelsnaam van Power Online);COSY GREEN FIXED;Vast;Tweevoudige meter dagtarief (c/kWh);1,799;master_vast_2026.csv;
2026;feb;Woning;Elektriciteit;Injectie;Mega (handelsnaam van Power Online);COSY GREEN FIXED;Vast;Tweevoudige meter nachttarief (c/kWh);1,799;master_vast_2026.csv;
2026;feb;Woning;Elektriciteit;Injectie;Mega (handelsnaam van Power Online);COSY GREEN FIXED;Vast;Vaste vergoeding ();0;master_vast_2026.csv;
2026;feb;Woning;Elektriciteit;Injectie;Mega (handelsnaam van Power Online);OFFPEAK GREEN FIXED;Vast;Enkelvoudige meter dagtarief (c/kWh);1,799;master_vast_2026.csv;
2026;feb;Woning;Elektriciteit;Injectie;Mega (handelsnaam van Power Online);OFFPEAK GREEN FIXED;Vast;Tweevoudige meter dagtarief (c/kWh);1,799;master_vast_2026.csv;
2026;feb;Woning;Elektriciteit;Injectie;Mega (handelsnaam van Power Online);OFFPEAK GREEN FIXED;Vast;Tweevoudige meter nachttarief (c/kWh);1,799;master_vast_2026.csv;
2026;feb;Woning;Elektriciteit;Injectie;Mega (handelsnaam van Power Online);OFFPEAK GREEN FIXED;Vast;Vaste vergoeding ();0;master_vast_2026.csv;
2026;feb;Woning;Elektriciteit;Injectie;Mega (handelsnaam van Power Online);ONLINE FIXED;Vast;Enkelvoudige meter dagtarief (c/kWh);1,799;master_vast_2026.csv;
2026;feb;Woning;Elektriciteit;Injectie;Mega (handelsnaam van Power Online);ONLINE FIXED;Vast;Tweevoudige meter dagtarief (c/kWh);1,799;master_vast_2026.csv;
2026;feb;Woning;Elektriciteit;Injectie;Mega (handelsnaam van Power Online);ONLINE FIXED;Vast;Tweevoudige meter nachttarief (c/kWh);1,799;master_vast_2026.csv;
2026;feb;Woning;Elektriciteit;Injectie;Mega (handelsnaam van Power Online);ONLINE FIXED;Vast;Vaste vergoeding ();0;master_vast_2026.csv;
2026;feb;Woning;Elektriciteit;Injectie;Mega (handelsnaam van Power Online);PREPAID FIXED;Vast;Enkelvoudige meter dagtarief (c/kWh);2,7;master_vast_2026.csv;
2026;feb;Woning;Elektriciteit;Injectie;Mega (handelsnaam van Power Online);PREPAID FIXED;Vast;Tweevoudige meter dagtarief (c/kWh);2,7;master_vast_2026.csv;
2026;feb;Woning;Elektriciteit;Injectie;Mega (handelsnaam van Power Online);PREPAID FIXED;Vast;Tweevoudige meter nachttarief (c/kWh);2,7;master_vast_2026.csv;
2026;feb;Woning;Elektriciteit;Injectie;Mega (handelsnaam van Power Online);PREPAID FIXED;Vast;Vaste vergoeding ();0;master_vast_2026.csv;
2026;feb;Woning;Elektriciteit;Injectie;Mega (handelsnaam van Power Online);SMART GREEN FIXED;Vast;Enkelvoudige meter dagtarief (c/kWh);1,283;master_vast_2026.csv;
2026;feb;Woning;Elektriciteit;Injectie;Mega (handelsnaam van Power Online);SMART GREEN FIXED;Vast;Tweevoudige meter dagtarief (c/kWh);1,283;master_vast_2026.csv;
2026;feb;Woning;Elektriciteit;Injectie;Mega (handelsnaam van Power Online);SMART GREEN FIXED;Vast;Tweevoudige meter nachttarief (c/kWh);1,283;master_vast_2026.csv;
2026;feb;Woning;Elektriciteit;Injectie;Mega (handelsnaam van Power Online);SMART GREEN FIXED;Vast;Vaste vergoeding ();0;master_vast_2026.csv;
2026;feb;Woning;Elektriciteit;Injectie;Mega (handelsnaam van Power Online);Speciale aanbieding Testaankoop Fixed 2025;Vast;Enkelvoudige meter dagtarief (c/kWh);2,7;master_vast_2026.csv;
2026;feb;Woning;Elektriciteit;Injectie;Mega (handelsnaam van Power Online);Speciale aanbieding Testaankoop Fixed 2025;Vast;Tweevoudige meter dagtarief (c/kWh);2,7;master_vast_2026.csv;
2026;feb;Woning;Elektriciteit;Injectie;Mega (handelsnaam van Power Online);Speciale aanbieding Testaankoop Fixed 2025;Vast;Tweevoudige meter nachttarief (c/kWh);2,7;master_vast_2026.csv;
2026;feb;Woning;Elektriciteit;Injectie;Mega (handelsnaam van Power Online);Speciale aanbieding Testaankoop Fixed 2025;Vast;Vaste vergoeding ();0;master_vast_2026.csv;
2026;feb;Woning;Elektriciteit;Injectie;Mega (handelsnaam van Power Online);Zen 3 Jaar Vast;Vast;Enkelvoudige meter dagtarief (c/kWh);0,808;master_vast_2026.csv;
2026;feb;Woning;Elektriciteit;Injectie;Mega (handelsnaam van Power Online);Zen 3 Jaar Vast;Vast;Tweevoudige meter dagtarief (c/kWh);0,808;master_vast_2026.csv;
2026;feb;Woning;Elektriciteit;Injectie;Mega (handelsnaam van Power Online);Zen 3 Jaar Vast;Vast;Tweevoudige meter nachttarief (c/kWh);0,808;master_vast_2026.csv;
2026;feb;Woning;Elektriciteit;Injectie;Mega (handelsnaam van Power Online);Zen 3 Jaar Vast;Vast;Vaste vergoeding ();0;master_vast_2026.csv;
2026;feb;Woning;Elektriciteit;Injectie;Trevion;Trevion Groene Energie Vast Teruglevering;Vast;Enkelvoudige meter dagtarief (c/kWh);3,2905;master_vast_2026.csv;
2026;feb;Woning;Elektriciteit;Injectie;Trevion;Trevion Groene Energie Vast Teruglevering;Vast;Tweevoudige meter dagtarief (c/kWh);3,653;master_vast_2026.csv;
2026;feb;Woning;Elektriciteit;Injectie;Trevion;Trevion Groene Energie Vast Teruglevering;Vast;Tweevoudige meter nachttarief (c/kWh);2,384;master_vast_2026.csv;
2026;feb;Woning;Elektriciteit;Injectie;Trevion;Trevion Groene Energie Vast Teruglevering;Vast;Vaste vergoeding ();0;master_vast_2026.csv;
2026;feb;Woning;Elektriciteit;Injectie;Wase Wind;Vast-dynamisch;Vast;Enkelvoudige meter dagtarief (c/kWh);2;master_vast_2026.csv;
2026;feb;Woning;Elektriciteit;Injectie;Wase Wind;Vast-dynamisch;Vast;Tweevoudige meter dagtarief (c/kWh);2;master_vast_2026.csv;
2026;feb;Woning;Elektriciteit;Injectie;Wase Wind;Vast-dynamisch;Vast;Tweevoudige meter nachttarief (c/kWh);2;master_vast_2026.csv;
2026;feb;Woning;Elektriciteit;Injectie;Wase Wind;Vast-dynamisch;Vast;Vaste vergoeding ();0;master_vast_2026.csv;
2026;feb;Woning;Elektriciteit;Injectie;Wase Wind;Vast-variabel;Vast;Enkelvoudige meter dagtarief (c/kWh);2;master_vast_2026.csv;
2026;feb;Woning;Elektriciteit;Injectie;Wase Wind;Vast-variabel;Vast;Tweevoudige meter dagtarief (c/kWh);2;master_vast_2026.csv;
2026;feb;Woning;Elektriciteit;Injectie;Wase Wind;Vast-variabel;Vast;Tweevoudige meter nachttarief (c/kWh);2;master_vast_2026.csv;
2026;feb;Woning;Elektriciteit;Injectie;Wase Wind;Vast-variabel;Vast;Vaste vergoeding ();0;master_vast_2026.csv;
2026;feb;Woning;Gas;Afname;Bolt;Bolt Vast;Vast;Enkelvoudige meter dagtarief (c/kWh);4,237;master_vast_2026.csv;
2026;feb;Woning;Gas;Afname;Bolt;Bolt Vast;Vast;Vaste vergoeding ();124,4151;master_vast_2026.csv;
2026;feb;Woning;Gas;Afname;Bolt;Plenty Vast;Vast;Enkelvoudige meter dagtarief (c/kWh);4,237;master_vast_2026.csv;
2026;feb;Woning;Gas;Afname;Bolt;Plenty Vast;Vast;Vaste vergoeding ();67,81;master_vast_2026.csv;
2026;feb;Woning;Gas;Afname;Elegant;Zeker & Vast;Vast;Enkelvoudige meter dagtarief (c/kWh);4,676;master_vast_2026.csv;
2026;feb;Woning;Gas;Afname;Elegant;Zeker & Vast;Vast;Vaste vergoeding ();113,20755;master_vast_2026.csv;
2026;feb;Woning;Gas;Afname;Eneco Belgium;Eneco Aardgas Vast;Vast;Enkelvoudige meter dagtarief (c/kWh);4,41;master_vast_2026.csv;
2026;feb;Woning;Gas;Afname;Eneco Belgium;Eneco Aardgas Vast;Vast;Vaste vergoeding ();61,321;master_vast_2026.csv;
2026;feb;Woning;Gas;Afname;Energie.be;Gas vast online;Vast;Enkelvoudige meter dagtarief (c/kWh);4,33;master_vast_2026.csv;
2026;feb;Woning;Gas;Afname;Energie.be;Gas vast online;Vast;Vaste vergoeding ();33,02;master_vast_2026.csv;
2026;feb;Woning;Gas;Afname;EnergyVision;Goedkope stroom 1 jaar vast;Vast;Enkelvoudige meter dagtarief (c/kWh);4,1;master_vast_2026.csv;
2026;feb;Woning;Gas;Afname;EnergyVision;Goedkope stroom 1 jaar vast;Vast;Vaste vergoeding ();70,75472;master_vast_2026.csv;
2026;feb;Woning;Gas;Afname;ENGIE (handelsnaam van Electrabel) ;Easy ;Vast;Enkelvoudige meter dagtarief (c/kWh);4,585;master_vast_2026.csv;
2026;feb;Woning;Gas;Afname;ENGIE (handelsnaam van Electrabel) ;Easy ;Vast;Vaste vergoeding ();51,89;master_vast_2026.csv;
2026;feb;Woning;Gas;Afname;ENGIE (handelsnaam van Electrabel) ;Empower;Vast;Enkelvoudige meter dagtarief (c/kWh);4,585;master_vast_2026.csv;
2026;feb;Woning;Gas;Afname;ENGIE (handelsnaam van Electrabel) ;Empower;Vast;Vaste vergoeding ();51,89;master_vast_2026.csv;
2026;feb;Woning;Gas;Afname;Fluvius als sociale leverancier;Standaardtarief netbeheerder;Vast;Tweevoudige meter dagtarief (c/kWh);4,699;master_vast_2026.csv;
2026;feb;Woning;Gas;Afname;Fluvius als sociale leverancier;Standaardtarief netbeheerder;Vast;Vaste vergoeding ();0;master_vast_2026.csv;
2026;feb;Woning;Gas;Afname;Luminus;BasicFix Online;Vast;Enkelvoudige meter dagtarief (c/kWh);4,92131;master_vast_2026.csv;
2026;feb;Woning;Gas;Afname;Luminus;BasicFix Online;Vast;Vaste vergoeding ();18,86792;master_vast_2026.csv;
2026;feb;Woning;Gas;Afname;Luminus;Comfy;Vast;Enkelvoudige meter dagtarief (c/kWh);5,40499;master_vast_2026.csv;
2026;feb;Woning;Gas;Afname;Luminus;Comfy;Vast;Vaste vergoeding ();47,16981;master_vast_2026.csv;
2026;feb;Woning;Gas;Afname;Luminus;Comfy+;Vast;Enkelvoudige meter dagtarief (c/kWh);5,80499;master_vast_2026.csv;
2026;feb;Woning;Gas;Afname;Luminus;Comfy+;Vast;Vaste vergoeding ();47,16981;master_vast_2026.csv;
2026;feb;Woning;Gas;Afname;Luminus;MaxxFix;Vast;Enkelvoudige meter dagtarief (c/kWh);4,98891;master_vast_2026.csv;
2026;feb;Woning;Gas;Afname;Luminus;MaxxFix;Vast;Vaste vergoeding ();47,16981;master_vast_2026.csv;
2026;feb;Woning;Gas;Afname;Mega (handelsnaam van Power Online);COSY FIXED;Vast;Enkelvoudige meter dagtarief (c/kWh);4,592;master_vast_2026.csv;
2026;feb;Woning;Gas;Afname;Mega (handelsnaam van Power Online);COSY FIXED;Vast;Vaste vergoeding ();135;master_vast_2026.csv;
2026;feb;Woning;Gas;Afname;Mega (handelsnaam van Power Online);OFFPEAK FIXED;Vast;Enkelvoudige meter dagtarief (c/kWh);4,092;master_vast_2026.csv;
2026;feb;Woning;Gas;Afname;Mega (handelsnaam van Power Online);OFFPEAK FIXED;Vast;Vaste vergoeding ();70;master_vast_2026.csv;
2026;feb;Woning;Gas;Afname;Mega (handelsnaam van Power Online);ONLINE FIXED;Vast;Enkelvoudige meter dagtarief (c/kWh);4,392;master_vast_2026.csv;
2026;feb;Woning;Gas;Afname;Mega (handelsnaam van Power Online);ONLINE FIXED;Vast;Vaste vergoeding ();55;master_vast_2026.csv;
2026;feb;Woning;Gas;Afname;Mega (handelsnaam van Power Online);PREPAID FIXED;Vast;Enkelvoudige meter dagtarief (c/kWh);3,792;master_vast_2026.csv;
2026;feb;Woning;Gas;Afname;Mega (handelsnaam van Power Online);PREPAID FIXED;Vast;Vaste vergoeding ();45;master_vast_2026.csv;
2026;feb;Woning;Gas;Afname;Mega (handelsnaam van Power Online);SMART FIXED;Vast;Enkelvoudige meter dagtarief (c/kWh);4,592;master_vast_2026.csv;
2026;feb;Woning;Gas;Afname;Mega (handelsnaam van Power Online);SMART FIXED;Vast;Vaste vergoeding ();105;master_vast_2026.csv;
2026;feb;Woning;Gas;Afname;Mega (handelsnaam van Power Online);Speciale aanbieding Testaankoop Fixed 2025;Vast;Enkelvoudige meter dagtarief (c/kWh);3,992;master_vast_2026.csv;
2026;feb;Woning;Gas;Afname;Mega (handelsnaam van Power Online);Speciale aanbieding Testaankoop Fixed 2025;Vast;Vaste vergoeding ();40;master_vast_2026.csv;
2026;feb;Woning;Gas;Afname;Mogelijk bij elke energieleverancier ;Sociaal tarief;Vast;Enkelvoudige meter dagtarief (c/kWh);3,282;master_vast_2026.csv;
2026;feb;Woning;Gas;Afname;Mogelijk bij elke energieleverancier ;Sociaal tarief;Vast;Vaste vergoeding ();0;master_vast_2026.csv;
2026;feb;Woning;Gas;Afname;OCTA+ ENERGIE;Eco Fixed;Vast;Enkelvoudige meter dagtarief (c/kWh);5,04735;master_vast_2026.csv;
2026;feb;Woning;Gas;Afname;OCTA+ ENERGIE;Eco Fixed;Vast;Vaste vergoeding ();122,64;master_vast_2026.csv;
2026;feb;Woning;Gas;Afname;OCTA+ ENERGIE;Fixed;Vast;Enkelvoudige meter dagtarief (c/kWh);4,23232;master_vast_2026.csv;
2026;feb;Woning;Gas;Afname;OCTA+ ENERGIE;Fixed;Vast;Vaste vergoeding ();61,32;master_vast_2026.csv;
2026;feb;Woning;Gas;Afname;TotalEnergies;myComfort Vast;Vast;Enkelvoudige meter dagtarief (c/kWh);4,57;master_vast_2026.csv;
2026;feb;Woning;Gas;Afname;TotalEnergies;myComfort Vast;Vast;Vaste vergoeding ();84,90566;master_vast_2026.csv;
2026;feb;Woning;Gas;Afname;TotalEnergies;myEssential Vast;Vast;Enkelvoudige meter dagtarief (c/kWh);4,47;master_vast_2026.csv;
2026;feb;Woning;Gas;Afname;TotalEnergies;myEssential Vast;Vast;Vaste vergoeding ();33,01886;master_vast_2026.csv;
2026;mrt;Onderneming;Elektriciteit;Afname;Bolt;Bolt Vast;Vast;Enkelvoudige meter dagtarief (c/kWh);14,93;master_vast_2026.csv;
2026;mrt;Onderneming;Elektriciteit;Afname;Bolt;Bolt Vast;Vast;Kosten groene stroom (c/kWh);1,1;master_vast_2026.csv;
2026;mrt;Onderneming;Elektriciteit;Afname;Bolt;Bolt Vast;Vast;Kosten WKK (c/kWh);0,36;master_vast_2026.csv;
2026;mrt;Onderneming;Elektriciteit;Afname;Bolt;Bolt Vast;Vast;Tweevoudige meter dagtarief (c/kWh);14,93;master_vast_2026.csv;
2026;mrt;Onderneming;Elektriciteit;Afname;Bolt;Bolt Vast;Vast;Tweevoudige meter nachttarief (c/kWh);14,93;master_vast_2026.csv;
2026;mrt;Onderneming;Elektriciteit;Afname;Bolt;Bolt Vast;Vast;Uitsluitend nachtmeter (c/kWh);14,93;master_vast_2026.csv;
2026;mrt;Onderneming;Elektriciteit;Afname;Bolt;Bolt Vast;Vast;Vaste vergoeding ();167,88;master_vast_2026.csv;
2026;mrt;Onderneming;Elektriciteit;Afname;Bolt;Plenty Vast;Vast;Enkelvoudige meter dagtarief (c/kWh);14,93;master_vast_2026.csv;
2026;mrt;Onderneming;Elektriciteit;Afname;Bolt;Plenty Vast;Vast;Kosten groene stroom (c/kWh);1,1;master_vast_2026.csv;
2026;mrt;Onderneming;Elektriciteit;Afname;Bolt;Plenty Vast;Vast;Kosten WKK (c/kWh);0,36;master_vast_2026.csv;
2026;mrt;Onderneming;Elektriciteit;Afname;Bolt;Plenty Vast;Vast;Tweevoudige meter dagtarief (c/kWh);14,93;master_vast_2026.csv;
2026;mrt;Onderneming;Elektriciteit;Afname;Bolt;Plenty Vast;Vast;Tweevoudige meter nachttarief (c/kWh);14,93;master_vast_2026.csv;
2026;mrt;Onderneming;Elektriciteit;Afname;Bolt;Plenty Vast;Vast;Uitsluitend nachtmeter (c/kWh);14,93;master_vast_2026.csv;
2026;mrt;Onderneming;Elektriciteit;Afname;Bolt;Plenty Vast;Vast;Vaste vergoeding ();119,88;master_vast_2026.csv;
2026;mrt;Onderneming;Elektriciteit;Afname;Eneco Belgium;Eneco Zon & Wind Vast;Vast;Enkelvoudige meter dagtarief (c/kWh);12,06;master_vast_2026.csv;
2026;mrt;Onderneming;Elektriciteit;Afname;Eneco Belgium;Eneco Zon & Wind Vast;Vast;Kosten groene stroom (c/kWh);1,1;master_vast_2026.csv;
2026;mrt;Onderneming;Elektriciteit;Afname;Eneco Belgium;Eneco Zon & Wind Vast;Vast;Kosten WKK (c/kWh);0,34;master_vast_2026.csv;
2026;mrt;Onderneming;Elektriciteit;Afname;Eneco Belgium;Eneco Zon & Wind Vast;Vast;Tweevoudige meter dagtarief (c/kWh);13,49;master_vast_2026.csv;
2026;mrt;Onderneming;Elektriciteit;Afname;Eneco Belgium;Eneco Zon & Wind Vast;Vast;Tweevoudige meter nachttarief (c/kWh);10,82;master_vast_2026.csv;
2026;mrt;Onderneming;Elektriciteit;Afname;Eneco Belgium;Eneco Zon & Wind Vast;Vast;Uitsluitend nachtmeter (c/kWh);10,82;master_vast_2026.csv;
2026;mrt;Onderneming;Elektriciteit;Afname;Eneco Belgium;Eneco Zon & Wind Vast;Vast;Vaste vergoeding ();95;master_vast_2026.csv;
2026;mrt;Onderneming;Elektriciteit;Afname;Energie.be;Elektriciteit vast professioneel online;Vast;Enkelvoudige meter dagtarief (c/kWh);13,3;master_vast_2026.csv;
2026;mrt;Onderneming;Elektriciteit;Afname;Energie.be;Elektriciteit vast professioneel online;Vast;Kosten groene stroom (c/kWh);1,1;master_vast_2026.csv;
2026;mrt;Onderneming;Elektriciteit;Afname;Energie.be;Elektriciteit vast professioneel online;Vast;Kosten WKK (c/kWh);0,36;master_vast_2026.csv;
2026;mrt;Onderneming;Elektriciteit;Afname;Energie.be;Elektriciteit vast professioneel online;Vast;Tweevoudige meter dagtarief (c/kWh);13,3;master_vast_2026.csv;
2026;mrt;Onderneming;Elektriciteit;Afname;Energie.be;Elektriciteit vast professioneel online;Vast;Tweevoudige meter nachttarief (c/kWh);13,3;master_vast_2026.csv;
2026;mrt;Onderneming;Elektriciteit;Afname;Energie.be;Elektriciteit vast professioneel online;Vast;Uitsluitend nachtmeter (c/kWh);13,3;master_vast_2026.csv;
2026;mrt;Onderneming;Elektriciteit;Afname;Energie.be;Elektriciteit vast professioneel online;Vast;Vaste vergoeding ();60;master_vast_2026.csv;
2026;mrt;Onderneming;Elektriciteit;Afname;ENGIE (handelsnaam van Electrabel) ;Easy pro;Vast;Enkelvoudige meter dagtarief (c/kWh);13,42;master_vast_2026.csv;
2026;mrt;Onderneming;Elektriciteit;Afname;ENGIE (handelsnaam van Electrabel) ;Easy pro;Vast;Kosten groene stroom (c/kWh);1,1;master_vast_2026.csv;
2026;mrt;Onderneming;Elektriciteit;Afname;ENGIE (handelsnaam van Electrabel) ;Easy pro;Vast;Kosten WKK (c/kWh);0,39;master_vast_2026.csv;
2026;mrt;Onderneming;Elektriciteit;Afname;ENGIE (handelsnaam van Electrabel) ;Easy pro;Vast;Tweevoudige meter dagtarief (c/kWh);14,65;master_vast_2026.csv;
2026;mrt;Onderneming;Elektriciteit;Afname;ENGIE (handelsnaam van Electrabel) ;Easy pro;Vast;Tweevoudige meter nachttarief (c/kWh);12,09;master_vast_2026.csv;
2026;mrt;Onderneming;Elektriciteit;Afname;ENGIE (handelsnaam van Electrabel) ;Easy pro;Vast;Uitsluitend nachtmeter (c/kWh);12,09;master_vast_2026.csv;
2026;mrt;Onderneming;Elektriciteit;Afname;ENGIE (handelsnaam van Electrabel) ;Easy pro;Vast;Vaste vergoeding ();65;master_vast_2026.csv;
2026;mrt;Onderneming;Elektriciteit;Afname;ENGIE (handelsnaam van Electrabel) ;Empower Pro;Vast;Enkelvoudige meter dagtarief (c/kWh);12,28;master_vast_2026.csv;
2026;mrt;Onderneming;Elektriciteit;Afname;ENGIE (handelsnaam van Electrabel) ;Empower Pro;Vast;Kosten groene stroom (c/kWh);1,1;master_vast_2026.csv;
2026;mrt;Onderneming;Elektriciteit;Afname;ENGIE (handelsnaam van Electrabel) ;Empower Pro;Vast;Kosten WKK (c/kWh);0,39;master_vast_2026.csv;
2026;mrt;Onderneming;Elektriciteit;Afname;ENGIE (handelsnaam van Electrabel) ;Empower Pro;Vast;Tweevoudige meter dagtarief (c/kWh);13,66;master_vast_2026.csv;
2026;mrt;Onderneming;Elektriciteit;Afname;ENGIE (handelsnaam van Electrabel) ;Empower Pro;Vast;Tweevoudige meter nachttarief (c/kWh);10,4;master_vast_2026.csv;
2026;mrt;Onderneming;Elektriciteit;Afname;ENGIE (handelsnaam van Electrabel) ;Empower Pro;Vast;Uitsluitend nachtmeter (c/kWh);12,09;master_vast_2026.csv;
2026;mrt;Onderneming;Elektriciteit;Afname;ENGIE (handelsnaam van Electrabel) ;Empower Pro;Vast;Vaste vergoeding ();95;master_vast_2026.csv;
2026;mrt;Onderneming;Elektriciteit;Afname;Luminus;BasicFix Pro Online;Vast;Enkelvoudige meter dagtarief (c/kWh);12,85;master_vast_2026.csv;
2026;mrt;Onderneming;Elektriciteit;Afname;Luminus;BasicFix Pro Online;Vast;Kosten groene stroom (c/kWh);1,1;master_vast_2026.csv;
2026;mrt;Onderneming;Elektriciteit;Afname;Luminus;BasicFix Pro Online;Vast;Kosten WKK (c/kWh);0,36;master_vast_2026.csv;
2026;mrt;Onderneming;Elektriciteit;Afname;Luminus;BasicFix Pro Online;Vast;Tweevoudige meter dagtarief (c/kWh);14,19;master_vast_2026.csv;
2026;mrt;Onderneming;Elektriciteit;Afname;Luminus;BasicFix Pro Online;Vast;Tweevoudige meter nachttarief (c/kWh);11,48;master_vast_2026.csv;
2026;mrt;Onderneming;Elektriciteit;Afname;Luminus;BasicFix Pro Online;Vast;Uitsluitend nachtmeter (c/kWh);11,48;master_vast_2026.csv;
2026;mrt;Onderneming;Elektriciteit;Afname;Luminus;BasicFix Pro Online;Vast;Vaste vergoeding ();25;master_vast_2026.csv;
2026;mrt;Onderneming;Elektriciteit;Afname;Luminus;Comfy Pro;Vast;Enkelvoudige meter dagtarief (c/kWh);13,96;master_vast_2026.csv;
2026;mrt;Onderneming;Elektriciteit;Afname;Luminus;Comfy Pro;Vast;Kosten groene stroom (c/kWh);1,1;master_vast_2026.csv;
2026;mrt;Onderneming;Elektriciteit;Afname;Luminus;Comfy Pro;Vast;Kosten WKK (c/kWh);0,36;master_vast_2026.csv;
2026;mrt;Onderneming;Elektriciteit;Afname;Luminus;Comfy Pro;Vast;Tweevoudige meter dagtarief (c/kWh);15,24;master_vast_2026.csv;
2026;mrt;Onderneming;Elektriciteit;Afname;Luminus;Comfy Pro;Vast;Tweevoudige meter nachttarief (c/kWh);12,6;master_vast_2026.csv;
2026;mrt;Onderneming;Elektriciteit;Afname;Luminus;Comfy Pro;Vast;Uitsluitend nachtmeter (c/kWh);12,6;master_vast_2026.csv;
2026;mrt;Onderneming;Elektriciteit;Afname;Luminus;Comfy Pro;Vast;Vaste vergoeding ();65;master_vast_2026.csv;
2026;mrt;Onderneming;Elektriciteit;Afname;Luminus;Comfy Pro+;Vast;Enkelvoudige meter dagtarief (c/kWh);15,58;master_vast_2026.csv;
2026;mrt;Onderneming;Elektriciteit;Afname;Luminus;Comfy Pro+;Vast;Kosten groene stroom (c/kWh);1,1;master_vast_2026.csv;
2026;mrt;Onderneming;Elektriciteit;Afname;Luminus;Comfy Pro+;Vast;Kosten WKK (c/kWh);0,36;master_vast_2026.csv;
2026;mrt;Onderneming;Elektriciteit;Afname;Luminus;Comfy Pro+;Vast;Tweevoudige meter dagtarief (c/kWh);16,99;master_vast_2026.csv;
2026;mrt;Onderneming;Elektriciteit;Afname;Luminus;Comfy Pro+;Vast;Tweevoudige meter nachttarief (c/kWh);14,05;master_vast_2026.csv;
2026;mrt;Onderneming;Elektriciteit;Afname;Luminus;Comfy Pro+;Vast;Uitsluitend nachtmeter (c/kWh);14,05;master_vast_2026.csv;
2026;mrt;Onderneming;Elektriciteit;Afname;Luminus;Comfy Pro+;Vast;Vaste vergoeding ();65;master_vast_2026.csv;
2026;mrt;Onderneming;Elektriciteit;Afname;Luminus;MaxxFix Pro;Vast;Enkelvoudige meter dagtarief (c/kWh);13,14;master_vast_2026.csv;
2026;mrt;Onderneming;Elektriciteit;Afname;Luminus;MaxxFix Pro;Vast;Kosten groene stroom (c/kWh);1,1;master_vast_2026.csv;
2026;mrt;Onderneming;Elektriciteit;Afname;Luminus;MaxxFix Pro;Vast;Kosten WKK (c/kWh);0,36;master_vast_2026.csv;
2026;mrt;Onderneming;Elektriciteit;Afname;Luminus;MaxxFix Pro;Vast;Tweevoudige meter dagtarief (c/kWh);14,4;master_vast_2026.csv;
2026;mrt;Onderneming;Elektriciteit;Afname;Luminus;MaxxFix Pro;Vast;Tweevoudige meter nachttarief (c/kWh);11,77;master_vast_2026.csv;
2026;mrt;Onderneming;Elektriciteit;Afname;Luminus;MaxxFix Pro;Vast;Uitsluitend nachtmeter (c/kWh);11,77;master_vast_2026.csv;
2026;mrt;Onderneming;Elektriciteit;Afname;Luminus;MaxxFix Pro;Vast;Vaste vergoeding ();65;master_vast_2026.csv;
2026;mrt;Onderneming;Elektriciteit;Afname;Mega (handelsnaam van Power Online);COSY GREEN FIXED;Vast;Enkelvoudige meter dagtarief (c/kWh);15,73;master_vast_2026.csv;
2026;mrt;Onderneming;Elektriciteit;Afname;Mega (handelsnaam van Power Online);COSY GREEN FIXED;Vast;Kosten groene stroom (c/kWh);1,12;master_vast_2026.csv;
2026;mrt;Onderneming;Elektriciteit;Afname;Mega (handelsnaam van Power Online);COSY GREEN FIXED;Vast;Kosten WKK (c/kWh);0,35;master_vast_2026.csv;
2026;mrt;Onderneming;Elektriciteit;Afname;Mega (handelsnaam van Power Online);COSY GREEN FIXED;Vast;Tweevoudige meter dagtarief (c/kWh);16,9;master_vast_2026.csv;
2026;mrt;Onderneming;Elektriciteit;Afname;Mega (handelsnaam van Power Online);COSY GREEN FIXED;Vast;Tweevoudige meter nachttarief (c/kWh);14,73;master_vast_2026.csv;
2026;mrt;Onderneming;Elektriciteit;Afname;Mega (handelsnaam van Power Online);COSY GREEN FIXED;Vast;Uitsluitend nachtmeter (c/kWh);14,73;master_vast_2026.csv;
2026;mrt;Onderneming;Elektriciteit;Afname;Mega (handelsnaam van Power Online);COSY GREEN FIXED;Vast;Vaste vergoeding ();135;master_vast_2026.csv;
2026;mrt;Onderneming;Elektriciteit;Afname;Mega (handelsnaam van Power Online);OFFPEAK GREEN FIXED;Vast;Enkelvoudige meter dagtarief (c/kWh);14,48;master_vast_2026.csv;
2026;mrt;Onderneming;Elektriciteit;Afname;Mega (handelsnaam van Power Online);OFFPEAK GREEN FIXED;Vast;Kosten groene stroom (c/kWh);1,12;master_vast_2026.csv;
2026;mrt;Onderneming;Elektriciteit;Afname;Mega (handelsnaam van Power Online);OFFPEAK GREEN FIXED;Vast;Kosten WKK (c/kWh);0,35;master_vast_2026.csv;
2026;mrt;Onderneming;Elektriciteit;Afname;Mega (handelsnaam van Power Online);OFFPEAK GREEN FIXED;Vast;Tweevoudige meter dagtarief (c/kWh);16,65;master_vast_2026.csv;
2026;mrt;Onderneming;Elektriciteit;Afname;Mega (handelsnaam van Power Online);OFFPEAK GREEN FIXED;Vast;Tweevoudige meter nachttarief (c/kWh);12,48;master_vast_2026.csv;
2026;mrt;Onderneming;Elektriciteit;Afname;Mega (handelsnaam van Power Online);OFFPEAK GREEN FIXED;Vast;Uitsluitend nachtmeter (c/kWh);12,48;master_vast_2026.csv;
2026;mrt;Onderneming;Elektriciteit;Afname;Mega (handelsnaam van Power Online);OFFPEAK GREEN FIXED;Vast;Vaste vergoeding ();70;master_vast_2026.csv;
2026;mrt;Onderneming;Elektriciteit;Afname;Mega (handelsnaam van Power Online);ONLINE FIXED;Vast;Enkelvoudige meter dagtarief (c/kWh);15,28;master_vast_2026.csv;
2026;mrt;Onderneming;Elektriciteit;Afname;Mega (handelsnaam van Power Online);ONLINE FIXED;Vast;Kosten groene stroom (c/kWh);1,12;master_vast_2026.csv;
2026;mrt;Onderneming;Elektriciteit;Afname;Mega (handelsnaam van Power Online);ONLINE FIXED;Vast;Kosten WKK (c/kWh);0,35;master_vast_2026.csv;
2026;mrt;Onderneming;Elektriciteit;Afname;Mega (handelsnaam van Power Online);ONLINE FIXED;Vast;Tweevoudige meter dagtarief (c/kWh);16,45;master_vast_2026.csv;
2026;mrt;Onderneming;Elektriciteit;Afname;Mega (handelsnaam van Power Online);ONLINE FIXED;Vast;Tweevoudige meter nachttarief (c/kWh);14,28;master_vast_2026.csv;
2026;mrt;Onderneming;Elektriciteit;Afname;Mega (handelsnaam van Power Online);ONLINE FIXED;Vast;Uitsluitend nachtmeter (c/kWh);12,28;master_vast_2026.csv;
2026;mrt;Onderneming;Elektriciteit;Afname;Mega (handelsnaam van Power Online);ONLINE FIXED;Vast;Vaste vergoeding ();55;master_vast_2026.csv;
2026;mrt;Onderneming;Elektriciteit;Afname;Mega (handelsnaam van Power Online);PREPAID FIXED;Vast;Enkelvoudige meter dagtarief (c/kWh);13,38;master_vast_2026.csv;
2026;mrt;Onderneming;Elektriciteit;Afname;Mega (handelsnaam van Power Online);PREPAID FIXED;Vast;Kosten groene stroom (c/kWh);1,12;master_vast_2026.csv;
2026;mrt;Onderneming;Elektriciteit;Afname;Mega (handelsnaam van Power Online);PREPAID FIXED;Vast;Kosten WKK (c/kWh);0,35;master_vast_2026.csv;
2026;mrt;Onderneming;Elektriciteit;Afname;Mega (handelsnaam van Power Online);PREPAID FIXED;Vast;Tweevoudige meter dagtarief (c/kWh);14,55;master_vast_2026.csv;
2026;mrt;Onderneming;Elektriciteit;Afname;Mega (handelsnaam van Power Online);PREPAID FIXED;Vast;Tweevoudige meter nachttarief (c/kWh);12,38;master_vast_2026.csv;
2026;mrt;Onderneming;Elektriciteit;Afname;Mega (handelsnaam van Power Online);PREPAID FIXED;Vast;Uitsluitend nachtmeter (c/kWh);12,38;master_vast_2026.csv;
2026;mrt;Onderneming;Elektriciteit;Afname;Mega (handelsnaam van Power Online);PREPAID FIXED;Vast;Vaste vergoeding ();45;master_vast_2026.csv;
2026;mrt;Onderneming;Elektriciteit;Afname;Mega (handelsnaam van Power Online);SMART GREEN FIXED;Vast;Enkelvoudige meter dagtarief (c/kWh);15,22;master_vast_2026.csv;
2026;mrt;Onderneming;Elektriciteit;Afname;Mega (handelsnaam van Power Online);SMART GREEN FIXED;Vast;Kosten groene stroom (c/kWh);1,12;master_vast_2026.csv;
2026;mrt;Onderneming;Elektriciteit;Afname;Mega (handelsnaam van Power Online);SMART GREEN FIXED;Vast;Kosten WKK (c/kWh);0,35;master_vast_2026.csv;
2026;mrt;Onderneming;Elektriciteit;Afname;Mega (handelsnaam van Power Online);SMART GREEN FIXED;Vast;Tweevoudige meter dagtarief (c/kWh);16,31;master_vast_2026.csv;
2026;mrt;Onderneming;Elektriciteit;Afname;Mega (handelsnaam van Power Online);SMART GREEN FIXED;Vast;Tweevoudige meter nachttarief (c/kWh);14,29;master_vast_2026.csv;
2026;mrt;Onderneming;Elektriciteit;Afname;Mega (handelsnaam van Power Online);SMART GREEN FIXED;Vast;Uitsluitend nachtmeter (c/kWh);14,29;master_vast_2026.csv;
2026;mrt;Onderneming;Elektriciteit;Afname;Mega (handelsnaam van Power Online);SMART GREEN FIXED;Vast;Vaste vergoeding ();105;master_vast_2026.csv;
2026;mrt;Onderneming;Elektriciteit;Afname;Mega (handelsnaam van Power Online);Speciale aanbieding Testaankoop Fixed 2025;Vast;Enkelvoudige meter dagtarief (c/kWh);14,28;master_vast_2026.csv;
2026;mrt;Onderneming;Elektriciteit;Afname;Mega (handelsnaam van Power Online);Speciale aanbieding Testaankoop Fixed 2025;Vast;Kosten groene stroom (c/kWh);1,12;master_vast_2026.csv;
2026;mrt;Onderneming;Elektriciteit;Afname;Mega (handelsnaam van Power Online);Speciale aanbieding Testaankoop Fixed 2025;Vast;Kosten WKK (c/kWh);0,35;master_vast_2026.csv;
2026;mrt;Onderneming;Elektriciteit;Afname;Mega (handelsnaam van Power Online);Speciale aanbieding Testaankoop Fixed 2025;Vast;Tweevoudige meter dagtarief (c/kWh);15,45;master_vast_2026.csv;
2026;mrt;Onderneming;Elektriciteit;Afname;Mega (handelsnaam van Power Online);Speciale aanbieding Testaankoop Fixed 2025;Vast;Tweevoudige meter nachttarief (c/kWh);13,28;master_vast_2026.csv;
2026;mrt;Onderneming;Elektriciteit;Afname;Mega (handelsnaam van Power Online);Speciale aanbieding Testaankoop Fixed 2025;Vast;Uitsluitend nachtmeter (c/kWh);13,28;master_vast_2026.csv;
2026;mrt;Onderneming;Elektriciteit;Afname;Mega (handelsnaam van Power Online);Speciale aanbieding Testaankoop Fixed 2025;Vast;Vaste vergoeding ();40;master_vast_2026.csv;
2026;mrt;Onderneming;Elektriciteit;Afname;Mega (handelsnaam van Power Online);Zen 3 Jaar Vast;Vast;Enkelvoudige meter dagtarief (c/kWh);14,62;master_vast_2026.csv;
2026;mrt;Onderneming;Elektriciteit;Afname;Mega (handelsnaam van Power Online);Zen 3 Jaar Vast;Vast;Kosten groene stroom (c/kWh);1,12;master_vast_2026.csv;
2026;mrt;Onderneming;Elektriciteit;Afname;Mega (handelsnaam van Power Online);Zen 3 Jaar Vast;Vast;Kosten WKK (c/kWh);0,35;master_vast_2026.csv;
2026;mrt;Onderneming;Elektriciteit;Afname;Mega (handelsnaam van Power Online);Zen 3 Jaar Vast;Vast;Tweevoudige meter dagtarief (c/kWh);15,71;master_vast_2026.csv;
2026;mrt;Onderneming;Elektriciteit;Afname;Mega (handelsnaam van Power Online);Zen 3 Jaar Vast;Vast;Tweevoudige meter nachttarief (c/kWh);13,69;master_vast_2026.csv;
2026;mrt;Onderneming;Elektriciteit;Afname;Mega (handelsnaam van Power Online);Zen 3 Jaar Vast;Vast;Uitsluitend nachtmeter (c/kWh);13,69;master_vast_2026.csv;
2026;mrt;Onderneming;Elektriciteit;Afname;Mega (handelsnaam van Power Online);Zen 3 Jaar Vast;Vast;Vaste vergoeding ();65;master_vast_2026.csv;
2026;mrt;Onderneming;Elektriciteit;Afname;TotalEnergies;proComfort Vast;Vast;Enkelvoudige meter dagtarief (c/kWh);12,29;master_vast_2026.csv;
2026;mrt;Onderneming;Elektriciteit;Afname;TotalEnergies;proComfort Vast;Vast;Kosten groene stroom (c/kWh);1,07;master_vast_2026.csv;
2026;mrt;Onderneming;Elektriciteit;Afname;TotalEnergies;proComfort Vast;Vast;Kosten WKK (c/kWh);0,32;master_vast_2026.csv;
2026;mrt;Onderneming;Elektriciteit;Afname;TotalEnergies;proComfort Vast;Vast;Tweevoudige meter dagtarief (c/kWh);13,3;master_vast_2026.csv;
2026;mrt;Onderneming;Elektriciteit;Afname;TotalEnergies;proComfort Vast;Vast;Tweevoudige meter nachttarief (c/kWh);11,38;master_vast_2026.csv;
2026;mrt;Onderneming;Elektriciteit;Afname;TotalEnergies;proComfort Vast;Vast;Uitsluitend nachtmeter (c/kWh);11,25;master_vast_2026.csv;
2026;mrt;Onderneming;Elektriciteit;Afname;TotalEnergies;proComfort Vast;Vast;Vaste vergoeding ();90;master_vast_2026.csv;
2026;mrt;Onderneming;Elektriciteit;Afname;TotalEnergies;proEssential Vast;Vast;Enkelvoudige meter dagtarief (c/kWh);11,84;master_vast_2026.csv;
2026;mrt;Onderneming;Elektriciteit;Afname;TotalEnergies;proEssential Vast;Vast;Kosten groene stroom (c/kWh);1,07;master_vast_2026.csv;
2026;mrt;Onderneming;Elektriciteit;Afname;TotalEnergies;proEssential Vast;Vast;Kosten WKK (c/kWh);0,32;master_vast_2026.csv;
2026;mrt;Onderneming;Elektriciteit;Afname;TotalEnergies;proEssential Vast;Vast;Tweevoudige meter dagtarief (c/kWh);12,86;master_vast_2026.csv;
2026;mrt;Onderneming;Elektriciteit;Afname;TotalEnergies;proEssential Vast;Vast;Tweevoudige meter nachttarief (c/kWh);10,94;master_vast_2026.csv;
2026;mrt;Onderneming;Elektriciteit;Afname;TotalEnergies;proEssential Vast;Vast;Uitsluitend nachtmeter (c/kWh);10,8;master_vast_2026.csv;
2026;mrt;Onderneming;Elektriciteit;Afname;TotalEnergies;proEssential Vast;Vast;Vaste vergoeding ();35;master_vast_2026.csv;
2026;mrt;Onderneming;Elektriciteit;Afname;Trevion;Trevion Groene Energie Vast;Vast;Enkelvoudige meter dagtarief (c/kWh);12,78;master_vast_2026.csv;
2026;mrt;Onderneming;Elektriciteit;Afname;Trevion;Trevion Groene Energie Vast;Vast;Kosten groene stroom (c/kWh);1,1;master_vast_2026.csv;
2026;mrt;Onderneming;Elektriciteit;Afname;Trevion;Trevion Groene Energie Vast;Vast;Kosten WKK (c/kWh);0,42;master_vast_2026.csv;
2026;mrt;Onderneming;Elektriciteit;Afname;Trevion;Trevion Groene Energie Vast;Vast;Tweevoudige meter dagtarief (c/kWh);14,15;master_vast_2026.csv;
2026;mrt;Onderneming;Elektriciteit;Afname;Trevion;Trevion Groene Energie Vast;Vast;Tweevoudige meter nachttarief (c/kWh);11,53;master_vast_2026.csv;
2026;mrt;Onderneming;Elektriciteit;Afname;Trevion;Trevion Groene Energie Vast;Vast;Uitsluitend nachtmeter (c/kWh);11,53;master_vast_2026.csv;
2026;mrt;Onderneming;Elektriciteit;Afname;Trevion;Trevion Groene Energie Vast;Vast;Vaste vergoeding ();49;master_vast_2026.csv;
2026;mrt;Onderneming;Elektriciteit;Teruglevering;Ecopower;Ecopower terugleververgoeding;Vast;Enkelvoudige meter dagtarief (c/kWh);2;master_vast_2026.csv;
2026;mrt;Onderneming;Elektriciteit;Teruglevering;Ecopower;Ecopower terugleververgoeding;Vast;Tweevoudige meter dagtarief (c/kWh);2;master_vast_2026.csv;
2026;mrt;Onderneming;Elektriciteit;Teruglevering;Ecopower;Ecopower terugleververgoeding;Vast;Tweevoudige meter nachttarief (c/kWh);2;master_vast_2026.csv;
2026;mrt;Onderneming;Elektriciteit;Teruglevering;Ecopower;Ecopower terugleververgoeding;Vast;Vaste vergoeding ();0;master_vast_2026.csv;
2026;mrt;Onderneming;Elektriciteit;Teruglevering;ENGIE (handelsnaam van Electrabel) ;Easy pro;Vast;Enkelvoudige meter dagtarief (c/kWh);1,72;master_vast_2026.csv;
2026;mrt;Onderneming;Elektriciteit;Teruglevering;ENGIE (handelsnaam van Electrabel) ;Easy pro;Vast;Tweevoudige meter dagtarief (c/kWh);1,72;master_vast_2026.csv;
2026;mrt;Onderneming;Elektriciteit;Teruglevering;ENGIE (handelsnaam van Electrabel) ;Easy pro;Vast;Tweevoudige meter nachttarief (c/kWh);1,72;master_vast_2026.csv;
2026;mrt;Onderneming;Elektriciteit;Teruglevering;ENGIE (handelsnaam van Electrabel) ;Easy pro;Vast;Vaste vergoeding ();0;master_vast_2026.csv;
2026;mrt;Onderneming;Elektriciteit;Teruglevering;ENGIE (handelsnaam van Electrabel) ;Empower Pro;Vast;Enkelvoudige meter dagtarief (c/kWh);1,72;master_vast_2026.csv;
2026;mrt;Onderneming;Elektriciteit;Teruglevering;ENGIE (handelsnaam van Electrabel) ;Empower Pro;Vast;Tweevoudige meter dagtarief (c/kWh);1,72;master_vast_2026.csv;
2026;mrt;Onderneming;Elektriciteit;Teruglevering;ENGIE (handelsnaam van Electrabel) ;Empower Pro;Vast;Tweevoudige meter nachttarief (c/kWh);1,72;master_vast_2026.csv;
2026;mrt;Onderneming;Elektriciteit;Teruglevering;ENGIE (handelsnaam van Electrabel) ;Empower Pro;Vast;Vaste vergoeding ();0;master_vast_2026.csv;
2026;mrt;Onderneming;Elektriciteit;Teruglevering;Mega (handelsnaam van Power Online);COSY GREEN FIXED;Vast;Enkelvoudige meter dagtarief (c/kWh);2,29;master_vast_2026.csv;
2026;mrt;Onderneming;Elektriciteit;Teruglevering;Mega (handelsnaam van Power Online);COSY GREEN FIXED;Vast;Tweevoudige meter dagtarief (c/kWh);2,29;master_vast_2026.csv;
2026;mrt;Onderneming;Elektriciteit;Teruglevering;Mega (handelsnaam van Power Online);COSY GREEN FIXED;Vast;Tweevoudige meter nachttarief (c/kWh);2,29;master_vast_2026.csv;
2026;mrt;Onderneming;Elektriciteit;Teruglevering;Mega (handelsnaam van Power Online);COSY GREEN FIXED;Vast;Vaste vergoeding ();0;master_vast_2026.csv;
2026;mrt;Onderneming;Elektriciteit;Teruglevering;Mega (handelsnaam van Power Online);OFFPEAK GREEN FIXED;Vast;Enkelvoudige meter dagtarief (c/kWh);2,29;master_vast_2026.csv;
2026;mrt;Onderneming;Elektriciteit;Teruglevering;Mega (handelsnaam van Power Online);OFFPEAK GREEN FIXED;Vast;Tweevoudige meter dagtarief (c/kWh);2,29;master_vast_2026.csv;
2026;mrt;Onderneming;Elektriciteit;Teruglevering;Mega (handelsnaam van Power Online);OFFPEAK GREEN FIXED;Vast;Tweevoudige meter nachttarief (c/kWh);2,29;master_vast_2026.csv;
2026;mrt;Onderneming;Elektriciteit;Teruglevering;Mega (handelsnaam van Power Online);OFFPEAK GREEN FIXED;Vast;Vaste vergoeding ();0;master_vast_2026.csv;
2026;mrt;Onderneming;Elektriciteit;Teruglevering;Mega (handelsnaam van Power Online);ONLINE FIXED;Vast;Enkelvoudige meter dagtarief (c/kWh);2,29;master_vast_2026.csv;
2026;mrt;Onderneming;Elektriciteit;Teruglevering;Mega (handelsnaam van Power Online);ONLINE FIXED;Vast;Tweevoudige meter dagtarief (c/kWh);2,29;master_vast_2026.csv;
2026;mrt;Onderneming;Elektriciteit;Teruglevering;Mega (handelsnaam van Power Online);ONLINE FIXED;Vast;Tweevoudige meter nachttarief (c/kWh);2,29;master_vast_2026.csv;
2026;mrt;Onderneming;Elektriciteit;Teruglevering;Mega (handelsnaam van Power Online);ONLINE FIXED;Vast;Vaste vergoeding ();0;master_vast_2026.csv;
2026;mrt;Onderneming;Elektriciteit;Teruglevering;Mega (handelsnaam van Power Online);PREPAID FIXED;Vast;Enkelvoudige meter dagtarief (c/kWh);3,19;master_vast_2026.csv;
2026;mrt;Onderneming;Elektriciteit;Teruglevering;Mega (handelsnaam van Power Online);PREPAID FIXED;Vast;Tweevoudige meter dagtarief (c/kWh);3,19;master_vast_2026.csv;
2026;mrt;Onderneming;Elektriciteit;Teruglevering;Mega (handelsnaam van Power Online);PREPAID FIXED;Vast;Tweevoudige meter nachttarief (c/kWh);3,19;master_vast_2026.csv;
2026;mrt;Onderneming;Elektriciteit;Teruglevering;Mega (handelsnaam van Power Online);PREPAID FIXED;Vast;Vaste vergoeding ();0;master_vast_2026.csv;
2026;mrt;Onderneming;Elektriciteit;Teruglevering;Mega (handelsnaam van Power Online);SMART GREEN FIXED;Vast;Enkelvoudige meter dagtarief (c/kWh);1,51;master_vast_2026.csv;
2026;mrt;Onderneming;Elektriciteit;Teruglevering;Mega (handelsnaam van Power Online);SMART GREEN FIXED;Vast;Tweevoudige meter dagtarief (c/kWh);1,51;master_vast_2026.csv;
2026;mrt;Onderneming;Elektriciteit;Teruglevering;Mega (handelsnaam van Power Online);SMART GREEN FIXED;Vast;Tweevoudige meter nachttarief (c/kWh);1,51;master_vast_2026.csv;
2026;mrt;Onderneming;Elektriciteit;Teruglevering;Mega (handelsnaam van Power Online);SMART GREEN FIXED;Vast;Vaste vergoeding ();0;master_vast_2026.csv;
2026;mrt;Onderneming;Elektriciteit;Teruglevering;Mega (handelsnaam van Power Online);Speciale aanbieding Testaankoop Fixed 2025;Vast;Enkelvoudige meter dagtarief (c/kWh);3,19;master_vast_2026.csv;
2026;mrt;Onderneming;Elektriciteit;Teruglevering;Mega (handelsnaam van Power Online);Speciale aanbieding Testaankoop Fixed 2025;Vast;Tweevoudige meter dagtarief (c/kWh);3,19;master_vast_2026.csv;
2026;mrt;Onderneming;Elektriciteit;Teruglevering;Mega (handelsnaam van Power Online);Speciale aanbieding Testaankoop Fixed 2025;Vast;Tweevoudige meter nachttarief (c/kWh);3,19;master_vast_2026.csv;
2026;mrt;Onderneming;Elektriciteit;Teruglevering;Mega (handelsnaam van Power Online);Speciale aanbieding Testaankoop Fixed 2025;Vast;Vaste vergoeding ();0;master_vast_2026.csv;
2026;mrt;Onderneming;Elektriciteit;Teruglevering;Mega (handelsnaam van Power Online);Zen 3 Jaar Vast;Vast;Enkelvoudige meter dagtarief (c/kWh);0,82;master_vast_2026.csv;
2026;mrt;Onderneming;Elektriciteit;Teruglevering;Mega (handelsnaam van Power Online);Zen 3 Jaar Vast;Vast;Tweevoudige meter dagtarief (c/kWh);0,82;master_vast_2026.csv;
2026;mrt;Onderneming;Elektriciteit;Teruglevering;Mega (handelsnaam van Power Online);Zen 3 Jaar Vast;Vast;Tweevoudige meter nachttarief (c/kWh);0,82;master_vast_2026.csv;
2026;mrt;Onderneming;Elektriciteit;Teruglevering;Mega (handelsnaam van Power Online);Zen 3 Jaar Vast;Vast;Vaste vergoeding ();0;master_vast_2026.csv;
2026;mrt;Onderneming;Elektriciteit;Teruglevering;Trevion;Trevion Groene Energie Vast Teruglevering;Vast;Enkelvoudige meter dagtarief (c/kWh);2,81;master_vast_2026.csv;
2026;mrt;Onderneming;Elektriciteit;Teruglevering;Trevion;Trevion Groene Energie Vast Teruglevering;Vast;Tweevoudige meter dagtarief (c/kWh);3,13;master_vast_2026.csv;
2026;mrt;Onderneming;Elektriciteit;Teruglevering;Trevion;Trevion Groene Energie Vast Teruglevering;Vast;Tweevoudige meter nachttarief (c/kWh);2,01;master_vast_2026.csv;
2026;mrt;Onderneming;Elektriciteit;Teruglevering;Trevion;Trevion Groene Energie Vast Teruglevering;Vast;Vaste vergoeding ();0;master_vast_2026.csv;
2026;mrt;Onderneming;Elektriciteit;Teruglevering;Wase Wind;Vast-dynamisch;Vast;Enkelvoudige meter dagtarief (c/kWh);2;master_vast_2026.csv;
2026;mrt;Onderneming;Elektriciteit;Teruglevering;Wase Wind;Vast-dynamisch;Vast;Tweevoudige meter dagtarief (c/kWh);2;master_vast_2026.csv;
2026;mrt;Onderneming;Elektriciteit;Teruglevering;Wase Wind;Vast-dynamisch;Vast;Tweevoudige meter nachttarief (c/kWh);2;master_vast_2026.csv;
2026;mrt;Onderneming;Elektriciteit;Teruglevering;Wase Wind;Vast-dynamisch;Vast;Vaste vergoeding ();0;master_vast_2026.csv;
2026;mrt;Onderneming;Elektriciteit;Teruglevering;Wase Wind;Vast-variabel;Vast;Enkelvoudige meter dagtarief (c/kWh);2;master_vast_2026.csv;
2026;mrt;Onderneming;Elektriciteit;Teruglevering;Wase Wind;Vast-variabel;Vast;Tweevoudige meter dagtarief (c/kWh);2;master_vast_2026.csv;
2026;mrt;Onderneming;Elektriciteit;Teruglevering;Wase Wind;Vast-variabel;Vast;Tweevoudige meter nachttarief (c/kWh);2;master_vast_2026.csv;
2026;mrt;Onderneming;Elektriciteit;Teruglevering;Wase Wind;Vast-variabel;Vast;Vaste vergoeding ();0;master_vast_2026.csv;
2026;mrt;Onderneming;Gas;Afname;Bolt;Bolt Vast;Vast;Enkelvoudige meter dagtarief (c/kWh);6,06;master_vast_2026.csv;
2026;mrt;Onderneming;Gas;Afname;Bolt;Bolt Vast;Vast;Vaste vergoeding ();167,88;master_vast_2026.csv;
2026;mrt;Onderneming;Gas;Afname;Bolt;Plenty Vast;Vast;Enkelvoudige meter dagtarief (c/kWh);6,06;master_vast_2026.csv;
2026;mrt;Onderneming;Gas;Afname;Bolt;Plenty Vast;Vast;Vaste vergoeding ();119,88;master_vast_2026.csv;
2026;mrt;Onderneming;Gas;Afname;Eneco Belgium;Eneco Aardgas Vast;Vast;Enkelvoudige meter dagtarief (c/kWh);4,47;master_vast_2026.csv;
2026;mrt;Onderneming;Gas;Afname;Eneco Belgium;Eneco Aardgas Vast;Vast;Vaste vergoeding ();95;master_vast_2026.csv;
2026;mrt;Onderneming;Gas;Afname;Energie.be;Gas vast professioneel online;Vast;Enkelvoudige meter dagtarief (c/kWh);4,69;master_vast_2026.csv;
2026;mrt;Onderneming;Gas;Afname;Energie.be;Gas vast professioneel online;Vast;Vaste vergoeding ();60;master_vast_2026.csv;
2026;mrt;Onderneming;Gas;Afname;ENGIE (handelsnaam van Electrabel) ;Easy pro;Vast;Enkelvoudige meter dagtarief (c/kWh);4,93;master_vast_2026.csv;
2026;mrt;Onderneming;Gas;Afname;ENGIE (handelsnaam van Electrabel) ;Easy pro;Vast;Vaste vergoeding ();60;master_vast_2026.csv;
2026;mrt;Onderneming;Gas;Afname;ENGIE (handelsnaam van Electrabel) ;Empower Pro;Vast;Enkelvoudige meter dagtarief (c/kWh);4,93;master_vast_2026.csv;
2026;mrt;Onderneming;Gas;Afname;ENGIE (handelsnaam van Electrabel) ;Empower Pro;Vast;Vaste vergoeding ();60;master_vast_2026.csv;
2026;mrt;Onderneming;Gas;Afname;Luminus;BasicFix Pro Online;Vast;Enkelvoudige meter dagtarief (c/kWh);4,64;master_vast_2026.csv;
2026;mrt;Onderneming;Gas;Afname;Luminus;BasicFix Pro Online;Vast;Vaste vergoeding ();20;master_vast_2026.csv;
2026;mrt;Onderneming;Gas;Afname;Luminus;Comfy Pro;Vast;Enkelvoudige meter dagtarief (c/kWh);5,31;master_vast_2026.csv;
2026;mrt;Onderneming;Gas;Afname;Luminus;Comfy Pro;Vast;Vaste vergoeding ();50;master_vast_2026.csv;
2026;mrt;Onderneming;Gas;Afname;Luminus;Comfy Pro+;Vast;Enkelvoudige meter dagtarief (c/kWh);5,68;master_vast_2026.csv;
2026;mrt;Onderneming;Gas;Afname;Luminus;Comfy Pro+;Vast;Vaste vergoeding ();50;master_vast_2026.csv;
2026;mrt;Onderneming;Gas;Afname;Luminus;MaxxFix Pro;Vast;Enkelvoudige meter dagtarief (c/kWh);5,05;master_vast_2026.csv;
2026;mrt;Onderneming;Gas;Afname;Luminus;MaxxFix Pro;Vast;Vaste vergoeding ();50;master_vast_2026.csv;
2026;mrt;Onderneming;Gas;Afname;Mega (handelsnaam van Power Online);COSY FIXED;Vast;Enkelvoudige meter dagtarief (c/kWh);5,85;master_vast_2026.csv;
2026;mrt;Onderneming;Gas;Afname;Mega (handelsnaam van Power Online);COSY FIXED;Vast;Vaste vergoeding ();135;master_vast_2026.csv;
2026;mrt;Onderneming;Gas;Afname;Mega (handelsnaam van Power Online);OFFPEAK FIXED;Vast;Enkelvoudige meter dagtarief (c/kWh);5,35;master_vast_2026.csv;
2026;mrt;Onderneming;Gas;Afname;Mega (handelsnaam van Power Online);OFFPEAK FIXED;Vast;Vaste vergoeding ();70;master_vast_2026.csv;
2026;mrt;Onderneming;Gas;Afname;Mega (handelsnaam van Power Online);ONLINE FIXED;Vast;Enkelvoudige meter dagtarief (c/kWh);5,65;master_vast_2026.csv;
2026;mrt;Onderneming;Gas;Afname;Mega (handelsnaam van Power Online);ONLINE FIXED;Vast;Vaste vergoeding ();55;master_vast_2026.csv;
2026;mrt;Onderneming;Gas;Afname;Mega (handelsnaam van Power Online);PREPAID FIXED;Vast;Enkelvoudige meter dagtarief (c/kWh);5,05;master_vast_2026.csv;
2026;mrt;Onderneming;Gas;Afname;Mega (handelsnaam van Power Online);PREPAID FIXED;Vast;Vaste vergoeding ();45;master_vast_2026.csv;
2026;mrt;Onderneming;Gas;Afname;Mega (handelsnaam van Power Online);SMART FIXED;Vast;Enkelvoudige meter dagtarief (c/kWh);5,41;master_vast_2026.csv;
2026;mrt;Onderneming;Gas;Afname;Mega (handelsnaam van Power Online);SMART FIXED;Vast;Vaste vergoeding ();105;master_vast_2026.csv;
2026;mrt;Onderneming;Gas;Afname;Mega (handelsnaam van Power Online);Speciale aanbieding Testaankoop Fixed 2025;Vast;Enkelvoudige meter dagtarief (c/kWh);5,25;master_vast_2026.csv;
2026;mrt;Onderneming;Gas;Afname;Mega (handelsnaam van Power Online);Speciale aanbieding Testaankoop Fixed 2025;Vast;Vaste vergoeding ();40;master_vast_2026.csv;
2026;mrt;Onderneming;Gas;Afname;TotalEnergies;proComfort Vast;Vast;Enkelvoudige meter dagtarief (c/kWh);4,53;master_vast_2026.csv;
2026;mrt;Onderneming;Gas;Afname;TotalEnergies;proComfort Vast;Vast;Vaste vergoeding ();90;master_vast_2026.csv;
2026;mrt;Onderneming;Gas;Afname;TotalEnergies;proEssential Vast;Vast;Enkelvoudige meter dagtarief (c/kWh);4,53;master_vast_2026.csv;
2026;mrt;Onderneming;Gas;Afname;TotalEnergies;proEssential Vast;Vast;Vaste vergoeding ();35;master_vast_2026.csv;
2026;mrt;Woning;Elektriciteit;Afname;Bolt;Bolt Vast;Vast;Enkelvoudige meter dagtarief (c/kWh);14,73;master_vast_2026.csv;
2026;mrt;Woning;Elektriciteit;Afname;Bolt;Bolt Vast;Vast;Kosten groene stroom (c/kWh);1,1;master_vast_2026.csv;
2026;mrt;Woning;Elektriciteit;Afname;Bolt;Bolt Vast;Vast;Kosten WKK (c/kWh);0,36;master_vast_2026.csv;
2026;mrt;Woning;Elektriciteit;Afname;Bolt;Bolt Vast;Vast;Tweevoudige meter dagtarief (c/kWh);14,73;master_vast_2026.csv;
2026;mrt;Woning;Elektriciteit;Afname;Bolt;Bolt Vast;Vast;Tweevoudige meter nachttarief (c/kWh);14,73;master_vast_2026.csv;
2026;mrt;Woning;Elektriciteit;Afname;Bolt;Bolt Vast;Vast;Uitsluitend nachtmeter (c/kWh);14,73;master_vast_2026.csv;
2026;mrt;Woning;Elektriciteit;Afname;Bolt;Bolt Vast;Vast;Vaste vergoeding ();124,42;master_vast_2026.csv;
2026;mrt;Woning;Elektriciteit;Afname;Bolt;Plenty Vast;Vast;Enkelvoudige meter dagtarief (c/kWh);14,73;master_vast_2026.csv;
2026;mrt;Woning;Elektriciteit;Afname;Bolt;Plenty Vast;Vast;Kosten groene stroom (c/kWh);1,1;master_vast_2026.csv;
2026;mrt;Woning;Elektriciteit;Afname;Bolt;Plenty Vast;Vast;Kosten WKK (c/kWh);0,36;master_vast_2026.csv;
2026;mrt;Woning;Elektriciteit;Afname;Bolt;Plenty Vast;Vast;Tweevoudige meter dagtarief (c/kWh);14,73;master_vast_2026.csv;
2026;mrt;Woning;Elektriciteit;Afname;Bolt;Plenty Vast;Vast;Tweevoudige meter nachttarief (c/kWh);14,73;master_vast_2026.csv;
2026;mrt;Woning;Elektriciteit;Afname;Bolt;Plenty Vast;Vast;Uitsluitend nachtmeter (c/kWh);14,73;master_vast_2026.csv;
2026;mrt;Woning;Elektriciteit;Afname;Bolt;Plenty Vast;Vast;Vaste vergoeding ();67,81;master_vast_2026.csv;
2026;mrt;Woning;Elektriciteit;Afname;Elegant;Zeker & Vast;Vast;Enkelvoudige meter dagtarief (c/kWh);12,46;master_vast_2026.csv;
2026;mrt;Woning;Elektriciteit;Afname;Elegant;Zeker & Vast;Vast;Kosten groene stroom (c/kWh);1,1;master_vast_2026.csv;
2026;mrt;Woning;Elektriciteit;Afname;Elegant;Zeker & Vast;Vast;Kosten WKK (c/kWh);0,39;master_vast_2026.csv;
2026;mrt;Woning;Elektriciteit;Afname;Elegant;Zeker & Vast;Vast;Tweevoudige meter dagtarief (c/kWh);13,09;master_vast_2026.csv;
2026;mrt;Woning;Elektriciteit;Afname;Elegant;Zeker & Vast;Vast;Tweevoudige meter nachttarief (c/kWh);11,84;master_vast_2026.csv;
2026;mrt;Woning;Elektriciteit;Afname;Elegant;Zeker & Vast;Vast;Uitsluitend nachtmeter (c/kWh);11,84;master_vast_2026.csv;
2026;mrt;Woning;Elektriciteit;Afname;Elegant;Zeker & Vast;Vast;Vaste vergoeding ();113,21;master_vast_2026.csv;
2026;mrt;Woning;Elektriciteit;Afname;Eneco Belgium;Eneco Zon & Wind Vast;Vast;Enkelvoudige meter dagtarief (c/kWh);12,99;master_vast_2026.csv;
2026;mrt;Woning;Elektriciteit;Afname;Eneco Belgium;Eneco Zon & Wind Vast;Vast;Kosten groene stroom (c/kWh);1,1;master_vast_2026.csv;
2026;mrt;Woning;Elektriciteit;Afname;Eneco Belgium;Eneco Zon & Wind Vast;Vast;Kosten WKK (c/kWh);0,34;master_vast_2026.csv;
2026;mrt;Woning;Elektriciteit;Afname;Eneco Belgium;Eneco Zon & Wind Vast;Vast;Tweevoudige meter dagtarief (c/kWh);14,42;master_vast_2026.csv;
2026;mrt;Woning;Elektriciteit;Afname;Eneco Belgium;Eneco Zon & Wind Vast;Vast;Tweevoudige meter nachttarief (c/kWh);11,75;master_vast_2026.csv;
2026;mrt;Woning;Elektriciteit;Afname;Eneco Belgium;Eneco Zon & Wind Vast;Vast;Uitsluitend nachtmeter (c/kWh);11,75;master_vast_2026.csv;
2026;mrt;Woning;Elektriciteit;Afname;Eneco Belgium;Eneco Zon & Wind Vast;Vast;Vaste vergoeding ();61,32;master_vast_2026.csv;
2026;mrt;Woning;Elektriciteit;Afname;Energie.be;Elektriciteit vast online;Vast;Enkelvoudige meter dagtarief (c/kWh);11,99;master_vast_2026.csv;
2026;mrt;Woning;Elektriciteit;Afname;Energie.be;Elektriciteit vast online;Vast;Kosten groene stroom (c/kWh);1,1;master_vast_2026.csv;
2026;mrt;Woning;Elektriciteit;Afname;Energie.be;Elektriciteit vast online;Vast;Kosten WKK (c/kWh);0,36;master_vast_2026.csv;
2026;mrt;Woning;Elektriciteit;Afname;Energie.be;Elektriciteit vast online;Vast;Tweevoudige meter dagtarief (c/kWh);11,99;master_vast_2026.csv;
2026;mrt;Woning;Elektriciteit;Afname;Energie.be;Elektriciteit vast online;Vast;Tweevoudige meter nachttarief (c/kWh);11,99;master_vast_2026.csv;
2026;mrt;Woning;Elektriciteit;Afname;Energie.be;Elektriciteit vast online;Vast;Uitsluitend nachtmeter (c/kWh);11,99;master_vast_2026.csv;
2026;mrt;Woning;Elektriciteit;Afname;Energie.be;Elektriciteit vast online;Vast;Vaste vergoeding ();33,02;master_vast_2026.csv;
2026;mrt;Woning;Elektriciteit;Afname;EnergyVision;Goedkope Stroom 3 jaar vast ;Vast;Enkelvoudige meter dagtarief (c/kWh);12,8;master_vast_2026.csv;
2026;mrt;Woning;Elektriciteit;Afname;EnergyVision;Goedkope Stroom 3 jaar vast ;Vast;Kosten groene stroom (c/kWh);1,1;master_vast_2026.csv;
2026;mrt;Woning;Elektriciteit;Afname;EnergyVision;Goedkope Stroom 3 jaar vast ;Vast;Kosten WKK (c/kWh);0,37;master_vast_2026.csv;
2026;mrt;Woning;Elektriciteit;Afname;EnergyVision;Goedkope Stroom 3 jaar vast ;Vast;Tweevoudige meter dagtarief (c/kWh);12,8;master_vast_2026.csv;
2026;mrt;Woning;Elektriciteit;Afname;EnergyVision;Goedkope Stroom 3 jaar vast ;Vast;Tweevoudige meter nachttarief (c/kWh);12,8;master_vast_2026.csv;
2026;mrt;Woning;Elektriciteit;Afname;EnergyVision;Goedkope Stroom 3 jaar vast ;Vast;Uitsluitend nachtmeter (c/kWh);12,8;master_vast_2026.csv;
2026;mrt;Woning;Elektriciteit;Afname;EnergyVision;Goedkope Stroom 3 jaar vast ;Vast;Vaste vergoeding ();70,75;master_vast_2026.csv;
2026;mrt;Woning;Elektriciteit;Afname;ENGIE (handelsnaam van Electrabel) ;Easy ;Vast;Enkelvoudige meter dagtarief (c/kWh);13,95;master_vast_2026.csv;
2026;mrt;Woning;Elektriciteit;Afname;ENGIE (handelsnaam van Electrabel) ;Easy ;Vast;Kosten groene stroom (c/kWh);1,1;master_vast_2026.csv;
2026;mrt;Woning;Elektriciteit;Afname;ENGIE (handelsnaam van Electrabel) ;Easy ;Vast;Kosten WKK (c/kWh);0,39;master_vast_2026.csv;
2026;mrt;Woning;Elektriciteit;Afname;ENGIE (handelsnaam van Electrabel) ;Easy ;Vast;Tweevoudige meter dagtarief (c/kWh);15,24;master_vast_2026.csv;
2026;mrt;Woning;Elektriciteit;Afname;ENGIE (handelsnaam van Electrabel) ;Easy ;Vast;Tweevoudige meter nachttarief (c/kWh);12,38;master_vast_2026.csv;
2026;mrt;Woning;Elektriciteit;Afname;ENGIE (handelsnaam van Electrabel) ;Easy ;Vast;Uitsluitend nachtmeter (c/kWh);12,38;master_vast_2026.csv;
2026;mrt;Woning;Elektriciteit;Afname;ENGIE (handelsnaam van Electrabel) ;Easy ;Vast;Vaste vergoeding ();65,09;master_vast_2026.csv;
2026;mrt;Woning;Elektriciteit;Afname;ENGIE (handelsnaam van Electrabel) ;Empower;Vast;Enkelvoudige meter dagtarief (c/kWh);13,13;master_vast_2026.csv;
2026;mrt;Woning;Elektriciteit;Afname;ENGIE (handelsnaam van Electrabel) ;Empower;Vast;Kosten groene stroom (c/kWh);1,1;master_vast_2026.csv;
2026;mrt;Woning;Elektriciteit;Afname;ENGIE (handelsnaam van Electrabel) ;Empower;Vast;Kosten WKK (c/kWh);0,39;master_vast_2026.csv;
2026;mrt;Woning;Elektriciteit;Afname;ENGIE (handelsnaam van Electrabel) ;Empower;Vast;Tweevoudige meter dagtarief (c/kWh);14,94;master_vast_2026.csv;
2026;mrt;Woning;Elektriciteit;Afname;ENGIE (handelsnaam van Electrabel) ;Empower;Vast;Tweevoudige meter nachttarief (c/kWh);10,52;master_vast_2026.csv;
2026;mrt;Woning;Elektriciteit;Afname;ENGIE (handelsnaam van Electrabel) ;Empower;Vast;Uitsluitend nachtmeter (c/kWh);12,38;master_vast_2026.csv;
2026;mrt;Woning;Elektriciteit;Afname;ENGIE (handelsnaam van Electrabel) ;Empower;Vast;Vaste vergoeding ();84,91;master_vast_2026.csv;
2026;mrt;Woning;Elektriciteit;Afname;Fluvius als sociale leverancier;Standaardtarief netbeheerder;Vast;Kosten groene stroom (c/kWh);0;master_vast_2026.csv;
2026;mrt;Woning;Elektriciteit;Afname;Fluvius als sociale leverancier;Standaardtarief netbeheerder;Vast;Kosten WKK (c/kWh);0;master_vast_2026.csv;
2026;mrt;Woning;Elektriciteit;Afname;Fluvius als sociale leverancier;Standaardtarief netbeheerder;Vast;Tweevoudige meter dagtarief (c/kWh);18,93;master_vast_2026.csv;
2026;mrt;Woning;Elektriciteit;Afname;Fluvius als sociale leverancier;Standaardtarief netbeheerder;Vast;Tweevoudige meter nachttarief (c/kWh), >2500kWh;13,07;master_vast_2026.csv;
2026;mrt;Woning;Elektriciteit;Afname;Fluvius als sociale leverancier;Standaardtarief netbeheerder;Vast;Tweevoudige meter nachttarief (c/kWh), 0-2500kWh;13,07;master_vast_2026.csv;
2026;mrt;Woning;Elektriciteit;Afname;Fluvius als sociale leverancier;Standaardtarief netbeheerder;Vast;Uitsluitend nachtmeter (c/kWh);13,07;master_vast_2026.csv;
2026;mrt;Woning;Elektriciteit;Afname;Fluvius als sociale leverancier;Standaardtarief netbeheerder;Vast;Vaste vergoeding ();0;master_vast_2026.csv;
2026;mrt;Woning;Elektriciteit;Afname;Luminus;BasicFix Online;Vast;Enkelvoudige meter dagtarief (c/kWh);13,53;master_vast_2026.csv;
2026;mrt;Woning;Elektriciteit;Afname;Luminus;BasicFix Online;Vast;Kosten groene stroom (c/kWh);1,1;master_vast_2026.csv;
2026;mrt;Woning;Elektriciteit;Afname;Luminus;BasicFix Online;Vast;Kosten WKK (c/kWh);0,36;master_vast_2026.csv;
2026;mrt;Woning;Elektriciteit;Afname;Luminus;BasicFix Online;Vast;Tweevoudige meter dagtarief (c/kWh);15,19;master_vast_2026.csv;
2026;mrt;Woning;Elektriciteit;Afname;Luminus;BasicFix Online;Vast;Tweevoudige meter nachttarief (c/kWh);12,09;master_vast_2026.csv;
2026;mrt;Woning;Elektriciteit;Afname;Luminus;BasicFix Online;Vast;Uitsluitend nachtmeter (c/kWh);12,09;master_vast_2026.csv;
2026;mrt;Woning;Elektriciteit;Afname;Luminus;BasicFix Online;Vast;Vaste vergoeding ();23,58;master_vast_2026.csv;
2026;mrt;Woning;Elektriciteit;Afname;Luminus;Comfy;Vast;Enkelvoudige meter dagtarief (c/kWh);15,33;master_vast_2026.csv;
2026;mrt;Woning;Elektriciteit;Afname;Luminus;Comfy;Vast;Kosten groene stroom (c/kWh);1,1;master_vast_2026.csv;
2026;mrt;Woning;Elektriciteit;Afname;Luminus;Comfy;Vast;Kosten WKK (c/kWh);0,36;master_vast_2026.csv;
2026;mrt;Woning;Elektriciteit;Afname;Luminus;Comfy;Vast;Tweevoudige meter dagtarief (c/kWh);16,24;master_vast_2026.csv;
2026;mrt;Woning;Elektriciteit;Afname;Luminus;Comfy;Vast;Tweevoudige meter nachttarief (c/kWh);13,75;master_vast_2026.csv;
2026;mrt;Woning;Elektriciteit;Afname;Luminus;Comfy;Vast;Uitsluitend nachtmeter (c/kWh);13,75;master_vast_2026.csv;
2026;mrt;Woning;Elektriciteit;Afname;Luminus;Comfy;Vast;Vaste vergoeding ();61,32;master_vast_2026.csv;
2026;mrt;Woning;Elektriciteit;Afname;Luminus;Comfy+;Vast;Enkelvoudige meter dagtarief (c/kWh);17,04;master_vast_2026.csv;
2026;mrt;Woning;Elektriciteit;Afname;Luminus;Comfy+;Vast;Kosten groene stroom (c/kWh);1,1;master_vast_2026.csv;
2026;mrt;Woning;Elektriciteit;Afname;Luminus;Comfy+;Vast;Kosten WKK (c/kWh);0,36;master_vast_2026.csv;
2026;mrt;Woning;Elektriciteit;Afname;Luminus;Comfy+;Vast;Tweevoudige meter dagtarief (c/kWh);17,92;master_vast_2026.csv;
2026;mrt;Woning;Elektriciteit;Afname;Luminus;Comfy+;Vast;Tweevoudige meter nachttarief (c/kWh);15,33;master_vast_2026.csv;
2026;mrt;Woning;Elektriciteit;Afname;Luminus;Comfy+;Vast;Uitsluitend nachtmeter (c/kWh);15,33;master_vast_2026.csv;
2026;mrt;Woning;Elektriciteit;Afname;Luminus;Comfy+;Vast;Vaste vergoeding ();61,32;master_vast_2026.csv;
2026;mrt;Woning;Elektriciteit;Afname;Luminus;MaxxFix;Vast;Enkelvoudige meter dagtarief (c/kWh);13,81;master_vast_2026.csv;
2026;mrt;Woning;Elektriciteit;Afname;Luminus;MaxxFix;Vast;Kosten groene stroom (c/kWh);1,1;master_vast_2026.csv;
2026;mrt;Woning;Elektriciteit;Afname;Luminus;MaxxFix;Vast;Kosten WKK (c/kWh);0,36;master_vast_2026.csv;
2026;mrt;Woning;Elektriciteit;Afname;Luminus;MaxxFix;Vast;Tweevoudige meter dagtarief (c/kWh);14,73;master_vast_2026.csv;
2026;mrt;Woning;Elektriciteit;Afname;Luminus;MaxxFix;Vast;Tweevoudige meter nachttarief (c/kWh);12,24;master_vast_2026.csv;
2026;mrt;Woning;Elektriciteit;Afname;Luminus;MaxxFix;Vast;Uitsluitend nachtmeter (c/kWh);12,24;master_vast_2026.csv;
2026;mrt;Woning;Elektriciteit;Afname;Luminus;MaxxFix;Vast;Vaste vergoeding ();61,32;master_vast_2026.csv;
2026;mrt;Woning;Elektriciteit;Afname;Mega (handelsnaam van Power Online);COSY GREEN FIXED;Vast;Enkelvoudige meter dagtarief (c/kWh);16,23;master_vast_2026.csv;
2026;mrt;Woning;Elektriciteit;Afname;Mega (handelsnaam van Power Online);COSY GREEN FIXED;Vast;Kosten groene stroom (c/kWh);1,12;master_vast_2026.csv;
2026;mrt;Woning;Elektriciteit;Afname;Mega (handelsnaam van Power Online);COSY GREEN FIXED;Vast;Kosten WKK (c/kWh);0,35;master_vast_2026.csv;
2026;mrt;Woning;Elektriciteit;Afname;Mega (handelsnaam van Power Online);COSY GREEN FIXED;Vast;Tweevoudige meter dagtarief (c/kWh);17,4;master_vast_2026.csv;
2026;mrt;Woning;Elektriciteit;Afname;Mega (handelsnaam van Power Online);COSY GREEN FIXED;Vast;Tweevoudige meter nachttarief (c/kWh);15,23;master_vast_2026.csv;
2026;mrt;Woning;Elektriciteit;Afname;Mega (handelsnaam van Power Online);COSY GREEN FIXED;Vast;Uitsluitend nachtmeter (c/kWh);15,23;master_vast_2026.csv;
2026;mrt;Woning;Elektriciteit;Afname;Mega (handelsnaam van Power Online);COSY GREEN FIXED;Vast;Vaste vergoeding ();135;master_vast_2026.csv;
2026;mrt;Woning;Elektriciteit;Afname;Mega (handelsnaam van Power Online);OFFPEAK GREEN FIXED;Vast;Enkelvoudige meter dagtarief (c/kWh);14,48;master_vast_2026.csv;
2026;mrt;Woning;Elektriciteit;Afname;Mega (handelsnaam van Power Online);OFFPEAK GREEN FIXED;Vast;Kosten groene stroom (c/kWh);1,12;master_vast_2026.csv;
2026;mrt;Woning;Elektriciteit;Afname;Mega (handelsnaam van Power Online);OFFPEAK GREEN FIXED;Vast;Kosten WKK (c/kWh);0,35;master_vast_2026.csv;
2026;mrt;Woning;Elektriciteit;Afname;Mega (handelsnaam van Power Online);OFFPEAK GREEN FIXED;Vast;Tweevoudige meter dagtarief (c/kWh);16,65;master_vast_2026.csv;
2026;mrt;Woning;Elektriciteit;Afname;Mega (handelsnaam van Power Online);OFFPEAK GREEN FIXED;Vast;Tweevoudige meter nachttarief (c/kWh);12,48;master_vast_2026.csv;
2026;mrt;Woning;Elektriciteit;Afname;Mega (handelsnaam van Power Online);OFFPEAK GREEN FIXED;Vast;Uitsluitend nachtmeter (c/kWh);12,48;master_vast_2026.csv;
2026;mrt;Woning;Elektriciteit;Afname;Mega (handelsnaam van Power Online);OFFPEAK GREEN FIXED;Vast;Vaste vergoeding ();70;master_vast_2026.csv;
2026;mrt;Woning;Elektriciteit;Afname;Mega (handelsnaam van Power Online);ONLINE FIXED;Vast;Enkelvoudige meter dagtarief (c/kWh);15,28;master_vast_2026.csv;
2026;mrt;Woning;Elektriciteit;Afname;Mega (handelsnaam van Power Online);ONLINE FIXED;Vast;Kosten groene stroom (c/kWh);1,12;master_vast_2026.csv;
2026;mrt;Woning;Elektriciteit;Afname;Mega (handelsnaam van Power Online);ONLINE FIXED;Vast;Kosten WKK (c/kWh);0,35;master_vast_2026.csv;
2026;mrt;Woning;Elektriciteit;Afname;Mega (handelsnaam van Power Online);ONLINE FIXED;Vast;Tweevoudige meter dagtarief (c/kWh);16,45;master_vast_2026.csv;
2026;mrt;Woning;Elektriciteit;Afname;Mega (handelsnaam van Power Online);ONLINE FIXED;Vast;Tweevoudige meter nachttarief (c/kWh);14,28;master_vast_2026.csv;
2026;mrt;Woning;Elektriciteit;Afname;Mega (handelsnaam van Power Online);ONLINE FIXED;Vast;Uitsluitend nachtmeter (c/kWh);14,28;master_vast_2026.csv;
2026;mrt;Woning;Elektriciteit;Afname;Mega (handelsnaam van Power Online);ONLINE FIXED;Vast;Vaste vergoeding ();55;master_vast_2026.csv;
2026;mrt;Woning;Elektriciteit;Afname;Mega (handelsnaam van Power Online);PREPAID FIXED;Vast;Enkelvoudige meter dagtarief (c/kWh);13,38;master_vast_2026.csv;
2026;mrt;Woning;Elektriciteit;Afname;Mega (handelsnaam van Power Online);PREPAID FIXED;Vast;Kosten groene stroom (c/kWh);1,12;master_vast_2026.csv;
2026;mrt;Woning;Elektriciteit;Afname;Mega (handelsnaam van Power Online);PREPAID FIXED;Vast;Kosten WKK (c/kWh);0,35;master_vast_2026.csv;
2026;mrt;Woning;Elektriciteit;Afname;Mega (handelsnaam van Power Online);PREPAID FIXED;Vast;Tweevoudige meter dagtarief (c/kWh);14,55;master_vast_2026.csv;
2026;mrt;Woning;Elektriciteit;Afname;Mega (handelsnaam van Power Online);PREPAID FIXED;Vast;Tweevoudige meter nachttarief (c/kWh);12,38;master_vast_2026.csv;
2026;mrt;Woning;Elektriciteit;Afname;Mega (handelsnaam van Power Online);PREPAID FIXED;Vast;Uitsluitend nachtmeter (c/kWh);12,38;master_vast_2026.csv;
2026;mrt;Woning;Elektriciteit;Afname;Mega (handelsnaam van Power Online);PREPAID FIXED;Vast;Vaste vergoeding ();45;master_vast_2026.csv;
2026;mrt;Woning;Elektriciteit;Afname;Mega (handelsnaam van Power Online);SMART GREEN FIXED;Vast;Enkelvoudige meter dagtarief (c/kWh);15,72;master_vast_2026.csv;
2026;mrt;Woning;Elektriciteit;Afname;Mega (handelsnaam van Power Online);SMART GREEN FIXED;Vast;Kosten groene stroom (c/kWh);1,12;master_vast_2026.csv;
2026;mrt;Woning;Elektriciteit;Afname;Mega (handelsnaam van Power Online);SMART GREEN FIXED;Vast;Kosten WKK (c/kWh);0,35;master_vast_2026.csv;
2026;mrt;Woning;Elektriciteit;Afname;Mega (handelsnaam van Power Online);SMART GREEN FIXED;Vast;Tweevoudige meter dagtarief (c/kWh);16,81;master_vast_2026.csv;
2026;mrt;Woning;Elektriciteit;Afname;Mega (handelsnaam van Power Online);SMART GREEN FIXED;Vast;Tweevoudige meter nachttarief (c/kWh);14,79;master_vast_2026.csv;
2026;mrt;Woning;Elektriciteit;Afname;Mega (handelsnaam van Power Online);SMART GREEN FIXED;Vast;Uitsluitend nachtmeter (c/kWh);14,79;master_vast_2026.csv;
2026;mrt;Woning;Elektriciteit;Afname;Mega (handelsnaam van Power Online);SMART GREEN FIXED;Vast;Vaste vergoeding ();105;master_vast_2026.csv;
2026;mrt;Woning;Elektriciteit;Afname;Mega (handelsnaam van Power Online);Speciale aanbieding June;Vast;Enkelvoudige meter dagtarief (c/kWh);15,28;master_vast_2026.csv;
2026;mrt;Woning;Elektriciteit;Afname;Mega (handelsnaam van Power Online);Speciale aanbieding June;Vast;Kosten groene stroom (c/kWh);1,12;master_vast_2026.csv;
2026;mrt;Woning;Elektriciteit;Afname;Mega (handelsnaam van Power Online);Speciale aanbieding June;Vast;Kosten WKK (c/kWh);0,35;master_vast_2026.csv;
2026;mrt;Woning;Elektriciteit;Afname;Mega (handelsnaam van Power Online);Speciale aanbieding June;Vast;Tweevoudige meter dagtarief (c/kWh);16,45;master_vast_2026.csv;
2026;mrt;Woning;Elektriciteit;Afname;Mega (handelsnaam van Power Online);Speciale aanbieding June;Vast;Tweevoudige meter nachttarief (c/kWh);14,28;master_vast_2026.csv;
2026;mrt;Woning;Elektriciteit;Afname;Mega (handelsnaam van Power Online);Speciale aanbieding June;Vast;Uitsluitend nachtmeter (c/kWh);14,28;master_vast_2026.csv;
2026;mrt;Woning;Elektriciteit;Afname;Mega (handelsnaam van Power Online);Speciale aanbieding June;Vast;Vaste vergoeding ();105;master_vast_2026.csv;
2026;mrt;Woning;Elektriciteit;Afname;Mega (handelsnaam van Power Online);Speciale aanbieding JuneS;Vast;Enkelvoudige meter dagtarief (c/kWh);14,28;master_vast_2026.csv;
2026;mrt;Woning;Elektriciteit;Afname;Mega (handelsnaam van Power Online);Speciale aanbieding JuneS;Vast;Kosten groene stroom (c/kWh);1,12;master_vast_2026.csv;
2026;mrt;Woning;Elektriciteit;Afname;Mega (handelsnaam van Power Online);Speciale aanbieding JuneS;Vast;Kosten WKK (c/kWh);0,35;master_vast_2026.csv;
2026;mrt;Woning;Elektriciteit;Afname;Mega (handelsnaam van Power Online);Speciale aanbieding JuneS;Vast;Tweevoudige meter dagtarief (c/kWh);15,45;master_vast_2026.csv;
2026;mrt;Woning;Elektriciteit;Afname;Mega (handelsnaam van Power Online);Speciale aanbieding JuneS;Vast;Tweevoudige meter nachttarief (c/kWh);13,28;master_vast_2026.csv;
2026;mrt;Woning;Elektriciteit;Afname;Mega (handelsnaam van Power Online);Speciale aanbieding JuneS;Vast;Uitsluitend nachtmeter (c/kWh);13,28;master_vast_2026.csv;
2026;mrt;Woning;Elektriciteit;Afname;Mega (handelsnaam van Power Online);Speciale aanbieding JuneS;Vast;Vaste vergoeding ();105;master_vast_2026.csv;
2026;mrt;Woning;Elektriciteit;Afname;Mega (handelsnaam van Power Online);Speciale aanbieding Testaankoop Fixed 2025;Vast;Enkelvoudige meter dagtarief (c/kWh);14,28;master_vast_2026.csv;
2026;mrt;Woning;Elektriciteit;Afname;Mega (handelsnaam van Power Online);Speciale aanbieding Testaankoop Fixed 2025;Vast;Kosten groene stroom (c/kWh);1,12;master_vast_2026.csv;
2026;mrt;Woning;Elektriciteit;Afname;Mega (handelsnaam van Power Online);Speciale aanbieding Testaankoop Fixed 2025;Vast;Kosten WKK (c/kWh);0,35;master_vast_2026.csv;
2026;mrt;Woning;Elektriciteit;Afname;Mega (handelsnaam van Power Online);Speciale aanbieding Testaankoop Fixed 2025;Vast;Tweevoudige meter dagtarief (c/kWh);15,45;master_vast_2026.csv;
2026;mrt;Woning;Elektriciteit;Afname;Mega (handelsnaam van Power Online);Speciale aanbieding Testaankoop Fixed 2025;Vast;Tweevoudige meter nachttarief (c/kWh);13,28;master_vast_2026.csv;
2026;mrt;Woning;Elektriciteit;Afname;Mega (handelsnaam van Power Online);Speciale aanbieding Testaankoop Fixed 2025;Vast;Uitsluitend nachtmeter (c/kWh);13,28;master_vast_2026.csv;
2026;mrt;Woning;Elektriciteit;Afname;Mega (handelsnaam van Power Online);Speciale aanbieding Testaankoop Fixed 2025;Vast;Vaste vergoeding ();40;master_vast_2026.csv;
2026;mrt;Woning;Elektriciteit;Afname;Mega (handelsnaam van Power Online);Zen 3 Jaar Vast;Vast;Enkelvoudige meter dagtarief (c/kWh);15,12;master_vast_2026.csv;
2026;mrt;Woning;Elektriciteit;Afname;Mega (handelsnaam van Power Online);Zen 3 Jaar Vast;Vast;Kosten groene stroom (c/kWh);1,12;master_vast_2026.csv;
2026;mrt;Woning;Elektriciteit;Afname;Mega (handelsnaam van Power Online);Zen 3 Jaar Vast;Vast;Kosten WKK (c/kWh);0,35;master_vast_2026.csv;
2026;mrt;Woning;Elektriciteit;Afname;Mega (handelsnaam van Power Online);Zen 3 Jaar Vast;Vast;Tweevoudige meter dagtarief (c/kWh);16,21;master_vast_2026.csv;
2026;mrt;Woning;Elektriciteit;Afname;Mega (handelsnaam van Power Online);Zen 3 Jaar Vast;Vast;Tweevoudige meter nachttarief (c/kWh);14,19;master_vast_2026.csv;
2026;mrt;Woning;Elektriciteit;Afname;Mega (handelsnaam van Power Online);Zen 3 Jaar Vast;Vast;Uitsluitend nachtmeter (c/kWh);14,19;master_vast_2026.csv;
2026;mrt;Woning;Elektriciteit;Afname;Mega (handelsnaam van Power Online);Zen 3 Jaar Vast;Vast;Vaste vergoeding ();65;master_vast_2026.csv;
2026;mrt;Woning;Elektriciteit;Afname;Mogelijk bij elke energieleverancier ;Sociaal tarief;Vast;Enkelvoudige meter dagtarief (c/kWh);12,13;master_vast_2026.csv;
2026;mrt;Woning;Elektriciteit;Afname;Mogelijk bij elke energieleverancier ;Sociaal tarief;Vast;Kosten groene stroom (c/kWh);0;master_vast_2026.csv;
2026;mrt;Woning;Elektriciteit;Afname;Mogelijk bij elke energieleverancier ;Sociaal tarief;Vast;Kosten WKK (c/kWh);0;master_vast_2026.csv;
2026;mrt;Woning;Elektriciteit;Afname;Mogelijk bij elke energieleverancier ;Sociaal tarief;Vast;Tweevoudige meter dagtarief (c/kWh);12,13;master_vast_2026.csv;
2026;mrt;Woning;Elektriciteit;Afname;Mogelijk bij elke energieleverancier ;Sociaal tarief;Vast;Tweevoudige meter nachttarief (c/kWh);10,29;master_vast_2026.csv;
2026;mrt;Woning;Elektriciteit;Afname;Mogelijk bij elke energieleverancier ;Sociaal tarief;Vast;Uitsluitend nachtmeter (c/kWh);9,84;master_vast_2026.csv;
2026;mrt;Woning;Elektriciteit;Afname;Mogelijk bij elke energieleverancier ;Sociaal tarief;Vast;Vaste vergoeding ();0;master_vast_2026.csv;
2026;mrt;Woning;Elektriciteit;Afname;TotalEnergies;Elektriciteit Vast;Vast;Enkelvoudige meter dagtarief (c/kWh);12,83;master_vast_2026.csv;
2026;mrt;Woning;Elektriciteit;Afname;TotalEnergies;Elektriciteit Vast;Vast;Kosten groene stroom (c/kWh);1,09;master_vast_2026.csv;
2026;mrt;Woning;Elektriciteit;Afname;TotalEnergies;Elektriciteit Vast;Vast;Kosten WKK (c/kWh);0,39;master_vast_2026.csv;
2026;mrt;Woning;Elektriciteit;Afname;TotalEnergies;Elektriciteit Vast;Vast;Tweevoudige meter dagtarief (c/kWh);13,9;master_vast_2026.csv;
2026;mrt;Woning;Elektriciteit;Afname;TotalEnergies;Elektriciteit Vast;Vast;Tweevoudige meter nachttarief (c/kWh);11,9;master_vast_2026.csv;
2026;mrt;Woning;Elektriciteit;Afname;TotalEnergies;Elektriciteit Vast;Vast;Uitsluitend nachtmeter (c/kWh);11,75;master_vast_2026.csv;
2026;mrt;Woning;Elektriciteit;Afname;TotalEnergies;Elektriciteit Vast;Vast;Vaste vergoeding ();94,34;master_vast_2026.csv;
2026;mrt;Woning;Elektriciteit;Afname;TotalEnergies;myComfort Vast;Vast;Enkelvoudige meter dagtarief (c/kWh);12,83;master_vast_2026.csv;
2026;mrt;Woning;Elektriciteit;Afname;TotalEnergies;myComfort Vast;Vast;Kosten groene stroom (c/kWh);1,09;master_vast_2026.csv;
2026;mrt;Woning;Elektriciteit;Afname;TotalEnergies;myComfort Vast;Vast;Kosten WKK (c/kWh);0,39;master_vast_2026.csv;
2026;mrt;Woning;Elektriciteit;Afname;TotalEnergies;myComfort Vast;Vast;Tweevoudige meter dagtarief (c/kWh);13,9;master_vast_2026.csv;
2026;mrt;Woning;Elektriciteit;Afname;TotalEnergies;myComfort Vast;Vast;Tweevoudige meter nachttarief (c/kWh);11,9;master_vast_2026.csv;
2026;mrt;Woning;Elektriciteit;Afname;TotalEnergies;myComfort Vast;Vast;Uitsluitend nachtmeter (c/kWh);11,75;master_vast_2026.csv;
2026;mrt;Woning;Elektriciteit;Afname;TotalEnergies;myComfort Vast;Vast;Vaste vergoeding ();84,91;master_vast_2026.csv;
2026;mrt;Woning;Elektriciteit;Afname;TotalEnergies;myEssential Vast;Vast;Enkelvoudige meter dagtarief (c/kWh);12,19;master_vast_2026.csv;
2026;mrt;Woning;Elektriciteit;Afname;TotalEnergies;myEssential Vast;Vast;Kosten groene stroom (c/kWh);1,09;master_vast_2026.csv;
2026;mrt;Woning;Elektriciteit;Afname;TotalEnergies;myEssential Vast;Vast;Kosten WKK (c/kWh);0,39;master_vast_2026.csv;
2026;mrt;Woning;Elektriciteit;Afname;TotalEnergies;myEssential Vast;Vast;Tweevoudige meter dagtarief (c/kWh);13,26;master_vast_2026.csv;
2026;mrt;Woning;Elektriciteit;Afname;TotalEnergies;myEssential Vast;Vast;Tweevoudige meter nachttarief (c/kWh);11,26;master_vast_2026.csv;
2026;mrt;Woning;Elektriciteit;Afname;TotalEnergies;myEssential Vast;Vast;Uitsluitend nachtmeter (c/kWh);11,1;master_vast_2026.csv;
2026;mrt;Woning;Elektriciteit;Afname;TotalEnergies;myEssential Vast;Vast;Vaste vergoeding ();33,02;master_vast_2026.csv;
2026;mrt;Woning;Elektriciteit;Afname;Trevion;Trevion Groene Energie Vast;Vast;Enkelvoudige meter dagtarief (c/kWh);12,78;master_vast_2026.csv;
2026;mrt;Woning;Elektriciteit;Afname;Trevion;Trevion Groene Energie Vast;Vast;Kosten groene stroom (c/kWh);1,1;master_vast_2026.csv;
2026;mrt;Woning;Elektriciteit;Afname;Trevion;Trevion Groene Energie Vast;Vast;Kosten WKK (c/kWh);0,42;master_vast_2026.csv;
2026;mrt;Woning;Elektriciteit;Afname;Trevion;Trevion Groene Energie Vast;Vast;Tweevoudige meter dagtarief (c/kWh);14,15;master_vast_2026.csv;
2026;mrt;Woning;Elektriciteit;Afname;Trevion;Trevion Groene Energie Vast;Vast;Tweevoudige meter nachttarief (c/kWh);11,53;master_vast_2026.csv;
2026;mrt;Woning;Elektriciteit;Afname;Trevion;Trevion Groene Energie Vast;Vast;Uitsluitend nachtmeter (c/kWh);11,53;master_vast_2026.csv;
2026;mrt;Woning;Elektriciteit;Afname;Trevion;Trevion Groene Energie Vast;Vast;Vaste vergoeding ();36,79;master_vast_2026.csv;
2026;mrt;Woning;Elektriciteit;Teruglevering;Ecopower;Ecopower terugleververgoeding;Vast;Enkelvoudige meter dagtarief (c/kWh);2;master_vast_2026.csv;
2026;mrt;Woning;Elektriciteit;Teruglevering;Ecopower;Ecopower terugleververgoeding;Vast;Tweevoudige meter dagtarief (c/kWh);2;master_vast_2026.csv;
2026;mrt;Woning;Elektriciteit;Teruglevering;Ecopower;Ecopower terugleververgoeding;Vast;Tweevoudige meter nachttarief (c/kWh);2;master_vast_2026.csv;
2026;mrt;Woning;Elektriciteit;Teruglevering;Ecopower;Ecopower terugleververgoeding;Vast;Vaste vergoeding ();0;master_vast_2026.csv;
2026;mrt;Woning;Elektriciteit;Teruglevering;EnergyVision;Goedkope stroom met vaste injectieprijs 3 jaar ;Vast;Enkelvoudige meter dagtarief (c/kWh);4;master_vast_2026.csv;
2026;mrt;Woning;Elektriciteit;Teruglevering;EnergyVision;Goedkope stroom met vaste injectieprijs 3 jaar ;Vast;Tweevoudige meter dagtarief (c/kWh);4;master_vast_2026.csv;
2026;mrt;Woning;Elektriciteit;Teruglevering;EnergyVision;Goedkope stroom met vaste injectieprijs 3 jaar ;Vast;Tweevoudige meter nachttarief (c/kWh);4;master_vast_2026.csv;
2026;mrt;Woning;Elektriciteit;Teruglevering;EnergyVision;Goedkope stroom met vaste injectieprijs 3 jaar ;Vast;Vaste vergoeding ();0;master_vast_2026.csv;
2026;mrt;Woning;Elektriciteit;Teruglevering;ENGIE (handelsnaam van Electrabel) ;Easy ;Vast;Enkelvoudige meter dagtarief (c/kWh);1,71;master_vast_2026.csv;
2026;mrt;Woning;Elektriciteit;Teruglevering;ENGIE (handelsnaam van Electrabel) ;Easy ;Vast;Tweevoudige meter dagtarief (c/kWh);1,71;master_vast_2026.csv;
2026;mrt;Woning;Elektriciteit;Teruglevering;ENGIE (handelsnaam van Electrabel) ;Easy ;Vast;Tweevoudige meter nachttarief (c/kWh);1,71;master_vast_2026.csv;
2026;mrt;Woning;Elektriciteit;Teruglevering;ENGIE (handelsnaam van Electrabel) ;Easy ;Vast;Vaste vergoeding ();0;master_vast_2026.csv;
2026;mrt;Woning;Elektriciteit;Teruglevering;ENGIE (handelsnaam van Electrabel) ;Empower;Vast;Enkelvoudige meter dagtarief (c/kWh);1,71;master_vast_2026.csv;
2026;mrt;Woning;Elektriciteit;Teruglevering;ENGIE (handelsnaam van Electrabel) ;Empower;Vast;Tweevoudige meter dagtarief (c/kWh);1,71;master_vast_2026.csv;
2026;mrt;Woning;Elektriciteit;Teruglevering;ENGIE (handelsnaam van Electrabel) ;Empower;Vast;Tweevoudige meter nachttarief (c/kWh);1,71;master_vast_2026.csv;
2026;mrt;Woning;Elektriciteit;Teruglevering;ENGIE (handelsnaam van Electrabel) ;Empower;Vast;Vaste vergoeding ();0;master_vast_2026.csv;
2026;mrt;Woning;Elektriciteit;Teruglevering;Mega (handelsnaam van Power Online);COSY GREEN FIXED;Vast;Enkelvoudige meter dagtarief (c/kWh);2,29;master_vast_2026.csv;
2026;mrt;Woning;Elektriciteit;Teruglevering;Mega (handelsnaam van Power Online);COSY GREEN FIXED;Vast;Tweevoudige meter dagtarief (c/kWh);2,29;master_vast_2026.csv;
2026;mrt;Woning;Elektriciteit;Teruglevering;Mega (handelsnaam van Power Online);COSY GREEN FIXED;Vast;Tweevoudige meter nachttarief (c/kWh);2,29;master_vast_2026.csv;
2026;mrt;Woning;Elektriciteit;Teruglevering;Mega (handelsnaam van Power Online);COSY GREEN FIXED;Vast;Vaste vergoeding ();0;master_vast_2026.csv;
2026;mrt;Woning;Elektriciteit;Teruglevering;Mega (handelsnaam van Power Online);OFFPEAK GREEN FIXED;Vast;Enkelvoudige meter dagtarief (c/kWh);2,29;master_vast_2026.csv;
2026;mrt;Woning;Elektriciteit;Teruglevering;Mega (handelsnaam van Power Online);OFFPEAK GREEN FIXED;Vast;Tweevoudige meter dagtarief (c/kWh);2,29;master_vast_2026.csv;
2026;mrt;Woning;Elektriciteit;Teruglevering;Mega (handelsnaam van Power Online);OFFPEAK GREEN FIXED;Vast;Tweevoudige meter nachttarief (c/kWh);2,29;master_vast_2026.csv;
2026;mrt;Woning;Elektriciteit;Teruglevering;Mega (handelsnaam van Power Online);OFFPEAK GREEN FIXED;Vast;Vaste vergoeding ();0;master_vast_2026.csv;
2026;mrt;Woning;Elektriciteit;Teruglevering;Mega (handelsnaam van Power Online);ONLINE FIXED;Vast;Enkelvoudige meter dagtarief (c/kWh);2,29;master_vast_2026.csv;
2026;mrt;Woning;Elektriciteit;Teruglevering;Mega (handelsnaam van Power Online);ONLINE FIXED;Vast;Tweevoudige meter dagtarief (c/kWh);2,29;master_vast_2026.csv;
2026;mrt;Woning;Elektriciteit;Teruglevering;Mega (handelsnaam van Power Online);ONLINE FIXED;Vast;Tweevoudige meter nachttarief (c/kWh);2,29;master_vast_2026.csv;
2026;mrt;Woning;Elektriciteit;Teruglevering;Mega (handelsnaam van Power Online);ONLINE FIXED;Vast;Vaste vergoeding ();0;master_vast_2026.csv;
2026;mrt;Woning;Elektriciteit;Teruglevering;Mega (handelsnaam van Power Online);PREPAID FIXED;Vast;Enkelvoudige meter dagtarief (c/kWh);3,19;master_vast_2026.csv;
2026;mrt;Woning;Elektriciteit;Teruglevering;Mega (handelsnaam van Power Online);PREPAID FIXED;Vast;Tweevoudige meter dagtarief (c/kWh);3,19;master_vast_2026.csv;
2026;mrt;Woning;Elektriciteit;Teruglevering;Mega (handelsnaam van Power Online);PREPAID FIXED;Vast;Tweevoudige meter nachttarief (c/kWh);3,19;master_vast_2026.csv;
2026;mrt;Woning;Elektriciteit;Teruglevering;Mega (handelsnaam van Power Online);PREPAID FIXED;Vast;Vaste vergoeding ();0;master_vast_2026.csv;
2026;mrt;Woning;Elektriciteit;Teruglevering;Mega (handelsnaam van Power Online);SMART GREEN FIXED;Vast;Enkelvoudige meter dagtarief (c/kWh);1,51;master_vast_2026.csv;
2026;mrt;Woning;Elektriciteit;Teruglevering;Mega (handelsnaam van Power Online);SMART GREEN FIXED;Vast;Tweevoudige meter dagtarief (c/kWh);1,51;master_vast_2026.csv;
2026;mrt;Woning;Elektriciteit;Teruglevering;Mega (handelsnaam van Power Online);SMART GREEN FIXED;Vast;Tweevoudige meter nachttarief (c/kWh);1,51;master_vast_2026.csv;
2026;mrt;Woning;Elektriciteit;Teruglevering;Mega (handelsnaam van Power Online);SMART GREEN FIXED;Vast;Vaste vergoeding ();0;master_vast_2026.csv;
2026;mrt;Woning;Elektriciteit;Teruglevering;Mega (handelsnaam van Power Online);Speciale aanbieding June;Vast;Enkelvoudige meter dagtarief (c/kWh);2,79;master_vast_2026.csv;
2026;mrt;Woning;Elektriciteit;Teruglevering;Mega (handelsnaam van Power Online);Speciale aanbieding June;Vast;Tweevoudige meter dagtarief (c/kWh);2,79;master_vast_2026.csv;
2026;mrt;Woning;Elektriciteit;Teruglevering;Mega (handelsnaam van Power Online);Speciale aanbieding June;Vast;Tweevoudige meter nachttarief (c/kWh);2,79;master_vast_2026.csv;
2026;mrt;Woning;Elektriciteit;Teruglevering;Mega (handelsnaam van Power Online);Speciale aanbieding June;Vast;Vaste vergoeding ();0;master_vast_2026.csv;
2026;mrt;Woning;Elektriciteit;Teruglevering;Mega (handelsnaam van Power Online);Speciale aanbieding JuneS;Vast;Enkelvoudige meter dagtarief (c/kWh);3,29;master_vast_2026.csv;
2026;mrt;Woning;Elektriciteit;Teruglevering;Mega (handelsnaam van Power Online);Speciale aanbieding JuneS;Vast;Tweevoudige meter dagtarief (c/kWh);3,29;master_vast_2026.csv;
2026;mrt;Woning;Elektriciteit;Teruglevering;Mega (handelsnaam van Power Online);Speciale aanbieding JuneS;Vast;Tweevoudige meter nachttarief (c/kWh);3,29;master_vast_2026.csv;
2026;mrt;Woning;Elektriciteit;Teruglevering;Mega (handelsnaam van Power Online);Speciale aanbieding JuneS;Vast;Vaste vergoeding ();0;master_vast_2026.csv;
2026;mrt;Woning;Elektriciteit;Teruglevering;Mega (handelsnaam van Power Online);Speciale aanbieding Testaankoop Fixed 2025;Vast;Enkelvoudige meter dagtarief (c/kWh);3,19;master_vast_2026.csv;
2026;mrt;Woning;Elektriciteit;Teruglevering;Mega (handelsnaam van Power Online);Speciale aanbieding Testaankoop Fixed 2025;Vast;Tweevoudige meter dagtarief (c/kWh);3,19;master_vast_2026.csv;
2026;mrt;Woning;Elektriciteit;Teruglevering;Mega (handelsnaam van Power Online);Speciale aanbieding Testaankoop Fixed 2025;Vast;Tweevoudige meter nachttarief (c/kWh);3,19;master_vast_2026.csv;
2026;mrt;Woning;Elektriciteit;Teruglevering;Mega (handelsnaam van Power Online);Speciale aanbieding Testaankoop Fixed 2025;Vast;Vaste vergoeding ();0;master_vast_2026.csv;
2026;mrt;Woning;Elektriciteit;Teruglevering;Mega (handelsnaam van Power Online);Zen 3 Jaar Vast;Vast;Enkelvoudige meter dagtarief (c/kWh);0,82;master_vast_2026.csv;
2026;mrt;Woning;Elektriciteit;Teruglevering;Mega (handelsnaam van Power Online);Zen 3 Jaar Vast;Vast;Tweevoudige meter dagtarief (c/kWh);0,82;master_vast_2026.csv;
2026;mrt;Woning;Elektriciteit;Teruglevering;Mega (handelsnaam van Power Online);Zen 3 Jaar Vast;Vast;Tweevoudige meter nachttarief (c/kWh);0,82;master_vast_2026.csv;
2026;mrt;Woning;Elektriciteit;Teruglevering;Mega (handelsnaam van Power Online);Zen 3 Jaar Vast;Vast;Vaste vergoeding ();0;master_vast_2026.csv;
2026;mrt;Woning;Elektriciteit;Teruglevering;Trevion;Trevion Groene Energie Vast Teruglevering;Vast;Enkelvoudige meter dagtarief (c/kWh);2,81;master_vast_2026.csv;
2026;mrt;Woning;Elektriciteit;Teruglevering;Trevion;Trevion Groene Energie Vast Teruglevering;Vast;Tweevoudige meter dagtarief (c/kWh);3,13;master_vast_2026.csv;
2026;mrt;Woning;Elektriciteit;Teruglevering;Trevion;Trevion Groene Energie Vast Teruglevering;Vast;Tweevoudige meter nachttarief (c/kWh);2,01;master_vast_2026.csv;
2026;mrt;Woning;Elektriciteit;Teruglevering;Trevion;Trevion Groene Energie Vast Teruglevering;Vast;Vaste vergoeding ();0;master_vast_2026.csv;
2026;mrt;Woning;Elektriciteit;Teruglevering;Wase Wind;Vast-dynamisch;Vast;Enkelvoudige meter dagtarief (c/kWh);2;master_vast_2026.csv;
2026;mrt;Woning;Elektriciteit;Teruglevering;Wase Wind;Vast-dynamisch;Vast;Tweevoudige meter dagtarief (c/kWh);2;master_vast_2026.csv;
2026;mrt;Woning;Elektriciteit;Teruglevering;Wase Wind;Vast-dynamisch;Vast;Tweevoudige meter nachttarief (c/kWh);2;master_vast_2026.csv;
2026;mrt;Woning;Elektriciteit;Teruglevering;Wase Wind;Vast-dynamisch;Vast;Vaste vergoeding ();0;master_vast_2026.csv;
2026;mrt;Woning;Elektriciteit;Teruglevering;Wase Wind;Vast-variabel;Vast;Enkelvoudige meter dagtarief (c/kWh);2;master_vast_2026.csv;
2026;mrt;Woning;Elektriciteit;Teruglevering;Wase Wind;Vast-variabel;Vast;Tweevoudige meter dagtarief (c/kWh);2;master_vast_2026.csv;
2026;mrt;Woning;Elektriciteit;Teruglevering;Wase Wind;Vast-variabel;Vast;Tweevoudige meter nachttarief (c/kWh);2;master_vast_2026.csv;
2026;mrt;Woning;Elektriciteit;Teruglevering;Wase Wind;Vast-variabel;Vast;Vaste vergoeding ();0;master_vast_2026.csv;
2026;mrt;Woning;Gas;Afname;Bolt;Bolt Vast;Vast;Enkelvoudige meter dagtarief (c/kWh);6,06;master_vast_2026.csv;
2026;mrt;Woning;Gas;Afname;Bolt;Bolt Vast;Vast;Vaste vergoeding ();124,42;master_vast_2026.csv;
2026;mrt;Woning;Gas;Afname;Bolt;Plenty Vast;Vast;Enkelvoudige meter dagtarief (c/kWh);6,06;master_vast_2026.csv;
2026;mrt;Woning;Gas;Afname;Bolt;Plenty Vast;Vast;Vaste vergoeding ();67,81;master_vast_2026.csv;
2026;mrt;Woning;Gas;Afname;Elegant;Zeker & Vast;Vast;Enkelvoudige meter dagtarief (c/kWh);5,3;master_vast_2026.csv;
2026;mrt;Woning;Gas;Afname;Elegant;Zeker & Vast;Vast;Vaste vergoeding ();113,21;master_vast_2026.csv;
2026;mrt;Woning;Gas;Afname;Eneco Belgium;Eneco Aardgas Vast;Vast;Enkelvoudige meter dagtarief (c/kWh);4,57;master_vast_2026.csv;
2026;mrt;Woning;Gas;Afname;Eneco Belgium;Eneco Aardgas Vast;Vast;Vaste vergoeding ();61,32;master_vast_2026.csv;
2026;mrt;Woning;Gas;Afname;Energie.be;Gas vast online;Vast;Enkelvoudige meter dagtarief (c/kWh);4,33;master_vast_2026.csv;
2026;mrt;Woning;Gas;Afname;Energie.be;Gas vast online;Vast;Vaste vergoeding ();33,02;master_vast_2026.csv;
2026;mrt;Woning;Gas;Afname;EnergyVision;Goedkope stroom 1 jaar vast;Vast;Enkelvoudige meter dagtarief (c/kWh);4,5;master_vast_2026.csv;
2026;mrt;Woning;Gas;Afname;EnergyVision;Goedkope stroom 1 jaar vast;Vast;Vaste vergoeding ();70,75;master_vast_2026.csv;
2026;mrt;Woning;Gas;Afname;ENGIE (handelsnaam van Electrabel) ;Easy ;Vast;Enkelvoudige meter dagtarief (c/kWh);4,93;master_vast_2026.csv;
2026;mrt;Woning;Gas;Afname;ENGIE (handelsnaam van Electrabel) ;Easy ;Vast;Vaste vergoeding ();56,6;master_vast_2026.csv;
2026;mrt;Woning;Gas;Afname;ENGIE (handelsnaam van Electrabel) ;Empower;Vast;Enkelvoudige meter dagtarief (c/kWh);4,93;master_vast_2026.csv;
2026;mrt;Woning;Gas;Afname;ENGIE (handelsnaam van Electrabel) ;Empower;Vast;Vaste vergoeding ();56,6;master_vast_2026.csv;
2026;mrt;Woning;Gas;Afname;Fluvius als sociale leverancier;Standaardtarief netbeheerder;Vast;Enkelvoudige meter dagtarief (c/kWh), >5000kWh;4,7;master_vast_2026.csv;
2026;mrt;Woning;Gas;Afname;Fluvius als sociale leverancier;Standaardtarief netbeheerder;Vast;Tweevoudige meter dagtarief (c/kWh);4,7;master_vast_2026.csv;
2026;mrt;Woning;Gas;Afname;Fluvius als sociale leverancier;Standaardtarief netbeheerder;Vast;Vaste vergoeding ();0;master_vast_2026.csv;
2026;mrt;Woning;Gas;Afname;Luminus;BasicFix Online;Vast;Enkelvoudige meter dagtarief (c/kWh);4,94;master_vast_2026.csv;
2026;mrt;Woning;Gas;Afname;Luminus;BasicFix Online;Vast;Vaste vergoeding ();18,87;master_vast_2026.csv;
2026;mrt;Woning;Gas;Afname;Luminus;Comfy;Vast;Enkelvoudige meter dagtarief (c/kWh);5,51;master_vast_2026.csv;
2026;mrt;Woning;Gas;Afname;Luminus;Comfy;Vast;Vaste vergoeding ();47,17;master_vast_2026.csv;
2026;mrt;Woning;Gas;Afname;Luminus;Comfy+;Vast;Enkelvoudige meter dagtarief (c/kWh);5,91;master_vast_2026.csv;
2026;mrt;Woning;Gas;Afname;Luminus;Comfy+;Vast;Vaste vergoeding ();47,17;master_vast_2026.csv;
2026;mrt;Woning;Gas;Afname;Luminus;MaxxFix;Vast;Enkelvoudige meter dagtarief (c/kWh);5,01;master_vast_2026.csv;
2026;mrt;Woning;Gas;Afname;Luminus;MaxxFix;Vast;Vaste vergoeding ();47,17;master_vast_2026.csv;
2026;mrt;Woning;Gas;Afname;Mega (handelsnaam van Power Online);COSY FIXED;Vast;Enkelvoudige meter dagtarief (c/kWh);5,85;master_vast_2026.csv;
2026;mrt;Woning;Gas;Afname;Mega (handelsnaam van Power Online);COSY FIXED;Vast;Vaste vergoeding ();135;master_vast_2026.csv;
2026;mrt;Woning;Gas;Afname;Mega (handelsnaam van Power Online);OFFPEAK FIXED;Vast;Enkelvoudige meter dagtarief (c/kWh);5,35;master_vast_2026.csv;
2026;mrt;Woning;Gas;Afname;Mega (handelsnaam van Power Online);OFFPEAK FIXED;Vast;Vaste vergoeding ();70;master_vast_2026.csv;
2026;mrt;Woning;Gas;Afname;Mega (handelsnaam van Power Online);ONLINE FIXED;Vast;Enkelvoudige meter dagtarief (c/kWh);5,65;master_vast_2026.csv;
2026;mrt;Woning;Gas;Afname;Mega (handelsnaam van Power Online);ONLINE FIXED;Vast;Vaste vergoeding ();55;master_vast_2026.csv;
2026;mrt;Woning;Gas;Afname;Mega (handelsnaam van Power Online);PREPAID FIXED;Vast;Enkelvoudige meter dagtarief (c/kWh);5,05;master_vast_2026.csv;
2026;mrt;Woning;Gas;Afname;Mega (handelsnaam van Power Online);PREPAID FIXED;Vast;Vaste vergoeding ();45;master_vast_2026.csv;
2026;mrt;Woning;Gas;Afname;Mega (handelsnaam van Power Online);SMART FIXED;Vast;Enkelvoudige meter dagtarief (c/kWh);5,41;master_vast_2026.csv;
2026;mrt;Woning;Gas;Afname;Mega (handelsnaam van Power Online);SMART FIXED;Vast;Vaste vergoeding ();105;master_vast_2026.csv;
2026;mrt;Woning;Gas;Afname;Mega (handelsnaam van Power Online);Speciale aanbieding June;Vast;Enkelvoudige meter dagtarief (c/kWh);5,7;master_vast_2026.csv;
2026;mrt;Woning;Gas;Afname;Mega (handelsnaam van Power Online);Speciale aanbieding June;Vast;Vaste vergoeding ();105;master_vast_2026.csv;
2026;mrt;Woning;Gas;Afname;Mega (handelsnaam van Power Online);Speciale aanbieding JuneS;Vast;Enkelvoudige meter dagtarief (c/kWh);5,35;master_vast_2026.csv;
2026;mrt;Woning;Gas;Afname;Mega (handelsnaam van Power Online);Speciale aanbieding JuneS;Vast;Vaste vergoeding ();105;master_vast_2026.csv;
2026;mrt;Woning;Gas;Afname;Mega (handelsnaam van Power Online);Speciale aanbieding Testaankoop Fixed 2025;Vast;Enkelvoudige meter dagtarief (c/kWh);5,25;master_vast_2026.csv;
2026;mrt;Woning;Gas;Afname;Mega (handelsnaam van Power Online);Speciale aanbieding Testaankoop Fixed 2025;Vast;Vaste vergoeding ();40;master_vast_2026.csv;
2026;mrt;Woning;Gas;Afname;Mogelijk bij elke energieleverancier ;Sociaal tarief;Vast;Enkelvoudige meter dagtarief (c/kWh);3,28;master_vast_2026.csv;
2026;mrt;Woning;Gas;Afname;Mogelijk bij elke energieleverancier ;Sociaal tarief;Vast;Vaste vergoeding ();0;master_vast_2026.csv;
2026;mrt;Woning;Gas;Afname;TotalEnergies;Gas Vast;Vast;Enkelvoudige meter dagtarief (c/kWh);4,47;master_vast_2026.csv;
2026;mrt;Woning;Gas;Afname;TotalEnergies;Gas Vast;Vast;Vaste vergoeding ();94,34;master_vast_2026.csv;
2026;mrt;Woning;Gas;Afname;TotalEnergies;myComfort Vast;Vast;Enkelvoudige meter dagtarief (c/kWh);4,47;master_vast_2026.csv;
2026;mrt;Woning;Gas;Afname;TotalEnergies;myComfort Vast;Vast;Vaste vergoeding ();84,91;master_vast_2026.csv;
2026;mrt;Woning;Gas;Afname;TotalEnergies;myEssential Vast;Vast;Enkelvoudige meter dagtarief (c/kWh);4,37;master_vast_2026.csv;
2026;mrt;Woning;Gas;Afname;TotalEnergies;myEssential Vast;Vast;Vaste vergoeding ();33,02;master_vast_2026.csv;
2026;apr;Onderneming;Elektriciteit;Afname;Bolt;Bolt Vast;Vast;Enkelvoudige meter dagtarief (c/kWh); 15,96;master_vast_2026.csv;
2026;apr;Onderneming;Elektriciteit;Afname;Bolt;Bolt Vast;Vast;Kosten groene stroom (c/kWh); 1,10;master_vast_2026.csv;
2026;apr;Onderneming;Elektriciteit;Afname;Bolt;Bolt Vast;Vast;Kosten WKK (c/kWh); 0,36;master_vast_2026.csv;
2026;apr;Onderneming;Elektriciteit;Afname;Bolt;Bolt Vast;Vast;Tweevoudige meter dagtarief (c/kWh); 15,96;master_vast_2026.csv;
2026;apr;Onderneming;Elektriciteit;Afname;Bolt;Bolt Vast;Vast;Tweevoudige meter nachttarief (c/kWh); 15,96;master_vast_2026.csv;
2026;apr;Onderneming;Elektriciteit;Afname;Bolt;Bolt Vast;Vast;Uitsluitend nachtmeter (c/kWh); 15,96;master_vast_2026.csv;
2026;apr;Onderneming;Elektriciteit;Afname;Bolt;Bolt Vast;Vast;Vaste vergoeding (); 167,88;master_vast_2026.csv;
2026;apr;Onderneming;Elektriciteit;Afname;Bolt;Plenty Vast;Vast;Enkelvoudige meter dagtarief (c/kWh); 15,96;master_vast_2026.csv;
2026;apr;Onderneming;Elektriciteit;Afname;Bolt;Plenty Vast;Vast;Kosten groene stroom (c/kWh); 1,10;master_vast_2026.csv;
2026;apr;Onderneming;Elektriciteit;Afname;Bolt;Plenty Vast;Vast;Kosten WKK (c/kWh); 0,36;master_vast_2026.csv;
2026;apr;Onderneming;Elektriciteit;Afname;Bolt;Plenty Vast;Vast;Tweevoudige meter dagtarief (c/kWh); 15,96;master_vast_2026.csv;
2026;apr;Onderneming;Elektriciteit;Afname;Bolt;Plenty Vast;Vast;Tweevoudige meter nachttarief (c/kWh); 15,96;master_vast_2026.csv;
2026;apr;Onderneming;Elektriciteit;Afname;Bolt;Plenty Vast;Vast;Uitsluitend nachtmeter (c/kWh); 15,96;master_vast_2026.csv;
2026;apr;Onderneming;Elektriciteit;Afname;Bolt;Plenty Vast;Vast;Vaste vergoeding (); 119,88;master_vast_2026.csv;
2026;apr;Onderneming;Elektriciteit;Afname;Elegant;Zeker & Vast;Vast;Enkelvoudige meter dagtarief (c/kWh); 13,66;master_vast_2026.csv;
2026;apr;Onderneming;Elektriciteit;Afname;Elegant;Zeker & Vast;Vast;Kosten groene stroom (c/kWh); 1,10;master_vast_2026.csv;
2026;apr;Onderneming;Elektriciteit;Afname;Elegant;Zeker & Vast;Vast;Kosten WKK (c/kWh); 0,39;master_vast_2026.csv;
2026;apr;Onderneming;Elektriciteit;Afname;Elegant;Zeker & Vast;Vast;Tweevoudige meter dagtarief (c/kWh); 14,34;master_vast_2026.csv;
2026;apr;Onderneming;Elektriciteit;Afname;Elegant;Zeker & Vast;Vast;Tweevoudige meter nachttarief (c/kWh); 12,97;master_vast_2026.csv;
2026;apr;Onderneming;Elektriciteit;Afname;Elegant;Zeker & Vast;Vast;Uitsluitend nachtmeter (c/kWh); 12,97;master_vast_2026.csv;
2026;apr;Onderneming;Elektriciteit;Afname;Elegant;Zeker & Vast;Vast;Vaste vergoeding (); 99,17;master_vast_2026.csv;
2026;apr;Onderneming;Elektriciteit;Afname;Eneco Belgium;Eneco Zon & Wind Vast;Vast;Enkelvoudige meter dagtarief (c/kWh); 16,32;master_vast_2026.csv;
2026;apr;Onderneming;Elektriciteit;Afname;Eneco Belgium;Eneco Zon & Wind Vast;Vast;Kosten groene stroom (c/kWh); 1,10;master_vast_2026.csv;
2026;apr;Onderneming;Elektriciteit;Afname;Eneco Belgium;Eneco Zon & Wind Vast;Vast;Kosten WKK (c/kWh); 0,34;master_vast_2026.csv;
2026;apr;Onderneming;Elektriciteit;Afname;Eneco Belgium;Eneco Zon & Wind Vast;Vast;Tweevoudige meter dagtarief (c/kWh); 18,12;master_vast_2026.csv;
2026;apr;Onderneming;Elektriciteit;Afname;Eneco Belgium;Eneco Zon & Wind Vast;Vast;Tweevoudige meter nachttarief (c/kWh); 14,76;master_vast_2026.csv;
2026;apr;Onderneming;Elektriciteit;Afname;Eneco Belgium;Eneco Zon & Wind Vast;Vast;Uitsluitend nachtmeter (c/kWh); 14,76;master_vast_2026.csv;
2026;apr;Onderneming;Elektriciteit;Afname;Eneco Belgium;Eneco Zon & Wind Vast;Vast;Vaste vergoeding (); 95,00;master_vast_2026.csv;
2026;apr;Onderneming;Elektriciteit;Afname;Energie.be;Elektriciteit vast professioneel online;Vast;Enkelvoudige meter dagtarief (c/kWh); 16,71;master_vast_2026.csv;
2026;apr;Onderneming;Elektriciteit;Afname;Energie.be;Elektriciteit vast professioneel online;Vast;Kosten groene stroom (c/kWh); 1,10;master_vast_2026.csv;
2026;apr;Onderneming;Elektriciteit;Afname;Energie.be;Elektriciteit vast professioneel online;Vast;Kosten WKK (c/kWh); 0,36;master_vast_2026.csv;
2026;apr;Onderneming;Elektriciteit;Afname;Energie.be;Elektriciteit vast professioneel online;Vast;Tweevoudige meter dagtarief (c/kWh); 16,71;master_vast_2026.csv;
2026;apr;Onderneming;Elektriciteit;Afname;Energie.be;Elektriciteit vast professioneel online;Vast;Tweevoudige meter nachttarief (c/kWh); 16,71;master_vast_2026.csv;
2026;apr;Onderneming;Elektriciteit;Afname;Energie.be;Elektriciteit vast professioneel online;Vast;Uitsluitend nachtmeter (c/kWh); 16,71;master_vast_2026.csv;
2026;apr;Onderneming;Elektriciteit;Afname;Energie.be;Elektriciteit vast professioneel online;Vast;Vaste vergoeding (); 60,00;master_vast_2026.csv;
2026;apr;Onderneming;Elektriciteit;Afname;ENGIE (handelsnaam van Electrabel) ;Easy pro;Vast;Enkelvoudige meter dagtarief (c/kWh); 17,27;master_vast_2026.csv;
2026;apr;Onderneming;Elektriciteit;Afname;ENGIE (handelsnaam van Electrabel) ;Easy pro;Vast;Kosten groene stroom (c/kWh); 1,10;master_vast_2026.csv;
2026;apr;Onderneming;Elektriciteit;Afname;ENGIE (handelsnaam van Electrabel) ;Easy pro;Vast;Kosten WKK (c/kWh); 0,39;master_vast_2026.csv;
2026;apr;Onderneming;Elektriciteit;Afname;ENGIE (handelsnaam van Electrabel) ;Easy pro;Vast;Tweevoudige meter dagtarief (c/kWh); 18,46;master_vast_2026.csv;
2026;apr;Onderneming;Elektriciteit;Afname;ENGIE (handelsnaam van Electrabel) ;Easy pro;Vast;Tweevoudige meter nachttarief (c/kWh); 15,91;master_vast_2026.csv;
2026;apr;Onderneming;Elektriciteit;Afname;ENGIE (handelsnaam van Electrabel) ;Easy pro;Vast;Uitsluitend nachtmeter (c/kWh); 15,91;master_vast_2026.csv;
2026;apr;Onderneming;Elektriciteit;Afname;ENGIE (handelsnaam van Electrabel) ;Easy pro;Vast;Vaste vergoeding (); 65,00;master_vast_2026.csv;
2026;apr;Onderneming;Elektriciteit;Afname;ENGIE (handelsnaam van Electrabel) ;Empower Pro;Vast;Enkelvoudige meter dagtarief (c/kWh); 16,09;master_vast_2026.csv;
2026;apr;Onderneming;Elektriciteit;Afname;ENGIE (handelsnaam van Electrabel) ;Empower Pro;Vast;Kosten groene stroom (c/kWh); 1,10;master_vast_2026.csv;
2026;apr;Onderneming;Elektriciteit;Afname;ENGIE (handelsnaam van Electrabel) ;Empower Pro;Vast;Kosten WKK (c/kWh); 0,39;master_vast_2026.csv;
2026;apr;Onderneming;Elektriciteit;Afname;ENGIE (handelsnaam van Electrabel) ;Empower Pro;Vast;Tweevoudige meter dagtarief (c/kWh); 17,42;master_vast_2026.csv;
2026;apr;Onderneming;Elektriciteit;Afname;ENGIE (handelsnaam van Electrabel) ;Empower Pro;Vast;Tweevoudige meter nachttarief (c/kWh); 14,17;master_vast_2026.csv;
2026;apr;Onderneming;Elektriciteit;Afname;ENGIE (handelsnaam van Electrabel) ;Empower Pro;Vast;Uitsluitend nachtmeter (c/kWh); 15,91;master_vast_2026.csv;
2026;apr;Onderneming;Elektriciteit;Afname;ENGIE (handelsnaam van Electrabel) ;Empower Pro;Vast;Vaste vergoeding (); 95,00;master_vast_2026.csv;
2026;apr;Onderneming;Elektriciteit;Afname;Luminus;BasicFix Pro Online;Vast;Enkelvoudige meter dagtarief (c/kWh); 16,24;master_vast_2026.csv;
2026;apr;Onderneming;Elektriciteit;Afname;Luminus;BasicFix Pro Online;Vast;Kosten groene stroom (c/kWh); 1,10;master_vast_2026.csv;
2026;apr;Onderneming;Elektriciteit;Afname;Luminus;BasicFix Pro Online;Vast;Kosten WKK (c/kWh); 0,36;master_vast_2026.csv;
2026;apr;Onderneming;Elektriciteit;Afname;Luminus;BasicFix Pro Online;Vast;Tweevoudige meter dagtarief (c/kWh); 18,05;master_vast_2026.csv;
2026;apr;Onderneming;Elektriciteit;Afname;Luminus;BasicFix Pro Online;Vast;Tweevoudige meter nachttarief (c/kWh); 14,43;master_vast_2026.csv;
2026;apr;Onderneming;Elektriciteit;Afname;Luminus;BasicFix Pro Online;Vast;Uitsluitend nachtmeter (c/kWh); 14,43;master_vast_2026.csv;
2026;apr;Onderneming;Elektriciteit;Afname;Luminus;BasicFix Pro Online;Vast;Vaste vergoeding (); 25,00;master_vast_2026.csv;
2026;apr;Onderneming;Elektriciteit;Afname;Luminus;Comfy Pro;Vast;Enkelvoudige meter dagtarief (c/kWh); 17,38;master_vast_2026.csv;
2026;apr;Onderneming;Elektriciteit;Afname;Luminus;Comfy Pro;Vast;Kosten groene stroom (c/kWh); 1,10;master_vast_2026.csv;
2026;apr;Onderneming;Elektriciteit;Afname;Luminus;Comfy Pro;Vast;Kosten WKK (c/kWh); 0,36;master_vast_2026.csv;
2026;apr;Onderneming;Elektriciteit;Afname;Luminus;Comfy Pro;Vast;Tweevoudige meter dagtarief (c/kWh); 19,12;master_vast_2026.csv;
2026;apr;Onderneming;Elektriciteit;Afname;Luminus;Comfy Pro;Vast;Tweevoudige meter nachttarief (c/kWh); 15,59;master_vast_2026.csv;
2026;apr;Onderneming;Elektriciteit;Afname;Luminus;Comfy Pro;Vast;Uitsluitend nachtmeter (c/kWh); 15,59;master_vast_2026.csv;
2026;apr;Onderneming;Elektriciteit;Afname;Luminus;Comfy Pro;Vast;Vaste vergoeding (); 65,00;master_vast_2026.csv;
2026;apr;Onderneming;Elektriciteit;Afname;Luminus;Comfy Pro+;Vast;Enkelvoudige meter dagtarief (c/kWh); 18,99;master_vast_2026.csv;
2026;apr;Onderneming;Elektriciteit;Afname;Luminus;Comfy Pro+;Vast;Kosten groene stroom (c/kWh); 1,10;master_vast_2026.csv;
2026;apr;Onderneming;Elektriciteit;Afname;Luminus;Comfy Pro+;Vast;Kosten WKK (c/kWh); 0,36;master_vast_2026.csv;
2026;apr;Onderneming;Elektriciteit;Afname;Luminus;Comfy Pro+;Vast;Tweevoudige meter dagtarief (c/kWh); 20,87;master_vast_2026.csv;
2026;apr;Onderneming;Elektriciteit;Afname;Luminus;Comfy Pro+;Vast;Tweevoudige meter nachttarief (c/kWh); 17,04;master_vast_2026.csv;
2026;apr;Onderneming;Elektriciteit;Afname;Luminus;Comfy Pro+;Vast;Uitsluitend nachtmeter (c/kWh); 17,04;master_vast_2026.csv;
2026;apr;Onderneming;Elektriciteit;Afname;Luminus;Comfy Pro+;Vast;Vaste vergoeding (); 65,00;master_vast_2026.csv;
2026;apr;Onderneming;Elektriciteit;Afname;Luminus;MaxxFix Pro;Vast;Enkelvoudige meter dagtarief (c/kWh); 16,52;master_vast_2026.csv;
2026;apr;Onderneming;Elektriciteit;Afname;Luminus;MaxxFix Pro;Vast;Kosten groene stroom (c/kWh); 1,10;master_vast_2026.csv;
2026;apr;Onderneming;Elektriciteit;Afname;Luminus;MaxxFix Pro;Vast;Kosten WKK (c/kWh); 0,36;master_vast_2026.csv;
2026;apr;Onderneming;Elektriciteit;Afname;Luminus;MaxxFix Pro;Vast;Tweevoudige meter dagtarief (c/kWh); 18,27;master_vast_2026.csv;
2026;apr;Onderneming;Elektriciteit;Afname;Luminus;MaxxFix Pro;Vast;Tweevoudige meter nachttarief (c/kWh); 14,72;master_vast_2026.csv;
2026;apr;Onderneming;Elektriciteit;Afname;Luminus;MaxxFix Pro;Vast;Uitsluitend nachtmeter (c/kWh); 14,72;master_vast_2026.csv;
2026;apr;Onderneming;Elektriciteit;Afname;Luminus;MaxxFix Pro;Vast;Vaste vergoeding (); 65,00;master_vast_2026.csv;
2026;apr;Onderneming;Elektriciteit;Afname;Mega (handelsnaam van Power Online);COSY GREEN FIXED;Vast;Enkelvoudige meter dagtarief (c/kWh); 17,43;master_vast_2026.csv;
2026;apr;Onderneming;Elektriciteit;Afname;Mega (handelsnaam van Power Online);COSY GREEN FIXED;Vast;Kosten groene stroom (c/kWh); 1,12;master_vast_2026.csv;
2026;apr;Onderneming;Elektriciteit;Afname;Mega (handelsnaam van Power Online);COSY GREEN FIXED;Vast;Kosten WKK (c/kWh); 0,35;master_vast_2026.csv;
2026;apr;Onderneming;Elektriciteit;Afname;Mega (handelsnaam van Power Online);COSY GREEN FIXED;Vast;Tweevoudige meter dagtarief (c/kWh); 18,73;master_vast_2026.csv;
2026;apr;Onderneming;Elektriciteit;Afname;Mega (handelsnaam van Power Online);COSY GREEN FIXED;Vast;Tweevoudige meter nachttarief (c/kWh); 16,35;master_vast_2026.csv;
2026;apr;Onderneming;Elektriciteit;Afname;Mega (handelsnaam van Power Online);COSY GREEN FIXED;Vast;Uitsluitend nachtmeter (c/kWh); 16,35;master_vast_2026.csv;
2026;apr;Onderneming;Elektriciteit;Afname;Mega (handelsnaam van Power Online);COSY GREEN FIXED;Vast;Vaste vergoeding (); 135,00;master_vast_2026.csv;
2026;apr;Onderneming;Elektriciteit;Afname;Mega (handelsnaam van Power Online);OFFPEAK GREEN FIXED;Vast;Enkelvoudige meter dagtarief (c/kWh); 16,18;master_vast_2026.csv;
2026;apr;Onderneming;Elektriciteit;Afname;Mega (handelsnaam van Power Online);OFFPEAK GREEN FIXED;Vast;Kosten groene stroom (c/kWh); 1,12;master_vast_2026.csv;
2026;apr;Onderneming;Elektriciteit;Afname;Mega (handelsnaam van Power Online);OFFPEAK GREEN FIXED;Vast;Kosten WKK (c/kWh); 0,35;master_vast_2026.csv;
2026;apr;Onderneming;Elektriciteit;Afname;Mega (handelsnaam van Power Online);OFFPEAK GREEN FIXED;Vast;Tweevoudige meter dagtarief (c/kWh); 18,48;master_vast_2026.csv;
2026;apr;Onderneming;Elektriciteit;Afname;Mega (handelsnaam van Power Online);OFFPEAK GREEN FIXED;Vast;Tweevoudige meter nachttarief (c/kWh); 14,10;master_vast_2026.csv;
2026;apr;Onderneming;Elektriciteit;Afname;Mega (handelsnaam van Power Online);OFFPEAK GREEN FIXED;Vast;Uitsluitend nachtmeter (c/kWh); 14,10;master_vast_2026.csv;
2026;apr;Onderneming;Elektriciteit;Afname;Mega (handelsnaam van Power Online);OFFPEAK GREEN FIXED;Vast;Vaste vergoeding (); 70,00;master_vast_2026.csv;
2026;apr;Onderneming;Elektriciteit;Afname;Mega (handelsnaam van Power Online);ONLINE FIXED;Vast;Enkelvoudige meter dagtarief (c/kWh); 16,98;master_vast_2026.csv;
2026;apr;Onderneming;Elektriciteit;Afname;Mega (handelsnaam van Power Online);ONLINE FIXED;Vast;Kosten groene stroom (c/kWh); 1,12;master_vast_2026.csv;
2026;apr;Onderneming;Elektriciteit;Afname;Mega (handelsnaam van Power Online);ONLINE FIXED;Vast;Kosten WKK (c/kWh); 0,35;master_vast_2026.csv;
2026;apr;Onderneming;Elektriciteit;Afname;Mega (handelsnaam van Power Online);ONLINE FIXED;Vast;Tweevoudige meter dagtarief (c/kWh); 18,28;master_vast_2026.csv;
2026;apr;Onderneming;Elektriciteit;Afname;Mega (handelsnaam van Power Online);ONLINE FIXED;Vast;Tweevoudige meter nachttarief (c/kWh); 15,90;master_vast_2026.csv;
2026;apr;Onderneming;Elektriciteit;Afname;Mega (handelsnaam van Power Online);ONLINE FIXED;Vast;Uitsluitend nachtmeter (c/kWh); 15,90;master_vast_2026.csv;
2026;apr;Onderneming;Elektriciteit;Afname;Mega (handelsnaam van Power Online);ONLINE FIXED;Vast;Vaste vergoeding (); 55,00;master_vast_2026.csv;
2026;apr;Onderneming;Elektriciteit;Afname;Mega (handelsnaam van Power Online);PREPAID FIXED;Vast;Enkelvoudige meter dagtarief (c/kWh); 15,08;master_vast_2026.csv;
2026;apr;Onderneming;Elektriciteit;Afname;Mega (handelsnaam van Power Online);PREPAID FIXED;Vast;Kosten groene stroom (c/kWh); 1,12;master_vast_2026.csv;
2026;apr;Onderneming;Elektriciteit;Afname;Mega (handelsnaam van Power Online);PREPAID FIXED;Vast;Kosten WKK (c/kWh); 0,35;master_vast_2026.csv;
2026;apr;Onderneming;Elektriciteit;Afname;Mega (handelsnaam van Power Online);PREPAID FIXED;Vast;Tweevoudige meter dagtarief (c/kWh); 16,38;master_vast_2026.csv;
2026;apr;Onderneming;Elektriciteit;Afname;Mega (handelsnaam van Power Online);PREPAID FIXED;Vast;Tweevoudige meter nachttarief (c/kWh); 14,00;master_vast_2026.csv;
2026;apr;Onderneming;Elektriciteit;Afname;Mega (handelsnaam van Power Online);PREPAID FIXED;Vast;Uitsluitend nachtmeter (c/kWh); 14,00;master_vast_2026.csv;
2026;apr;Onderneming;Elektriciteit;Afname;Mega (handelsnaam van Power Online);PREPAID FIXED;Vast;Vaste vergoeding (); 45,00;master_vast_2026.csv;
2026;apr;Onderneming;Elektriciteit;Afname;Mega (handelsnaam van Power Online);SMART GREEN FIXED;Vast;Enkelvoudige meter dagtarief (c/kWh); 16,92;master_vast_2026.csv;
2026;apr;Onderneming;Elektriciteit;Afname;Mega (handelsnaam van Power Online);SMART GREEN FIXED;Vast;Kosten groene stroom (c/kWh); 1,12;master_vast_2026.csv;
2026;apr;Onderneming;Elektriciteit;Afname;Mega (handelsnaam van Power Online);SMART GREEN FIXED;Vast;Kosten WKK (c/kWh); 0,35;master_vast_2026.csv;
2026;apr;Onderneming;Elektriciteit;Afname;Mega (handelsnaam van Power Online);SMART GREEN FIXED;Vast;Tweevoudige meter dagtarief (c/kWh); 18,13;master_vast_2026.csv;
2026;apr;Onderneming;Elektriciteit;Afname;Mega (handelsnaam van Power Online);SMART GREEN FIXED;Vast;Tweevoudige meter nachttarief (c/kWh); 15,92;master_vast_2026.csv;
2026;apr;Onderneming;Elektriciteit;Afname;Mega (handelsnaam van Power Online);SMART GREEN FIXED;Vast;Uitsluitend nachtmeter (c/kWh); 15,92;master_vast_2026.csv;
2026;apr;Onderneming;Elektriciteit;Afname;Mega (handelsnaam van Power Online);SMART GREEN FIXED;Vast;Vaste vergoeding (); 105,00;master_vast_2026.csv;
2026;apr;Onderneming;Elektriciteit;Afname;Mega (handelsnaam van Power Online);Speciale aanbieding Testaankoop Fixed 2025;Vast;Enkelvoudige meter dagtarief (c/kWh); 15,98;master_vast_2026.csv;
2026;apr;Onderneming;Elektriciteit;Afname;Mega (handelsnaam van Power Online);Speciale aanbieding Testaankoop Fixed 2025;Vast;Kosten groene stroom (c/kWh); 1,12;master_vast_2026.csv;
2026;apr;Onderneming;Elektriciteit;Afname;Mega (handelsnaam van Power Online);Speciale aanbieding Testaankoop Fixed 2025;Vast;Kosten WKK (c/kWh); 0,35;master_vast_2026.csv;
2026;apr;Onderneming;Elektriciteit;Afname;Mega (handelsnaam van Power Online);Speciale aanbieding Testaankoop Fixed 2025;Vast;Tweevoudige meter dagtarief (c/kWh); 17,28;master_vast_2026.csv;
2026;apr;Onderneming;Elektriciteit;Afname;Mega (handelsnaam van Power Online);Speciale aanbieding Testaankoop Fixed 2025;Vast;Tweevoudige meter nachttarief (c/kWh); 14,90;master_vast_2026.csv;
2026;apr;Onderneming;Elektriciteit;Afname;Mega (handelsnaam van Power Online);Speciale aanbieding Testaankoop Fixed 2025;Vast;Uitsluitend nachtmeter (c/kWh); 14,90;master_vast_2026.csv;
2026;apr;Onderneming;Elektriciteit;Afname;Mega (handelsnaam van Power Online);Speciale aanbieding Testaankoop Fixed 2025;Vast;Vaste vergoeding (); 40,00;master_vast_2026.csv;
2026;apr;Onderneming;Elektriciteit;Afname;Mega (handelsnaam van Power Online);Zen 3 Jaar Vast;Vast;Enkelvoudige meter dagtarief (c/kWh); 16,32;master_vast_2026.csv;
2026;apr;Onderneming;Elektriciteit;Afname;Mega (handelsnaam van Power Online);Zen 3 Jaar Vast;Vast;Kosten groene stroom (c/kWh); 1,12;master_vast_2026.csv;
2026;apr;Onderneming;Elektriciteit;Afname;Mega (handelsnaam van Power Online);Zen 3 Jaar Vast;Vast;Kosten WKK (c/kWh); 0,35;master_vast_2026.csv;
2026;apr;Onderneming;Elektriciteit;Afname;Mega (handelsnaam van Power Online);Zen 3 Jaar Vast;Vast;Tweevoudige meter dagtarief (c/kWh); 17,53;master_vast_2026.csv;
2026;apr;Onderneming;Elektriciteit;Afname;Mega (handelsnaam van Power Online);Zen 3 Jaar Vast;Vast;Tweevoudige meter nachttarief (c/kWh); 15,32;master_vast_2026.csv;
2026;apr;Onderneming;Elektriciteit;Afname;Mega (handelsnaam van Power Online);Zen 3 Jaar Vast;Vast;Uitsluitend nachtmeter (c/kWh); 15,32;master_vast_2026.csv;
2026;apr;Onderneming;Elektriciteit;Afname;Mega (handelsnaam van Power Online);Zen 3 Jaar Vast;Vast;Vaste vergoeding (); 65,00;master_vast_2026.csv;
2026;apr;Onderneming;Elektriciteit;Afname;TotalEnergies;proComfort Vast;Vast;Enkelvoudige meter dagtarief (c/kWh); 16,63;master_vast_2026.csv;
2026;apr;Onderneming;Elektriciteit;Afname;TotalEnergies;proComfort Vast;Vast;Kosten groene stroom (c/kWh); 1,08;master_vast_2026.csv;
2026;apr;Onderneming;Elektriciteit;Afname;TotalEnergies;proComfort Vast;Vast;Kosten WKK (c/kWh); 0,32;master_vast_2026.csv;
2026;apr;Onderneming;Elektriciteit;Afname;TotalEnergies;proComfort Vast;Vast;Tweevoudige meter dagtarief (c/kWh); 17,77;master_vast_2026.csv;
2026;apr;Onderneming;Elektriciteit;Afname;TotalEnergies;proComfort Vast;Vast;Tweevoudige meter nachttarief (c/kWh); 15,61;master_vast_2026.csv;
2026;apr;Onderneming;Elektriciteit;Afname;TotalEnergies;proComfort Vast;Vast;Uitsluitend nachtmeter (c/kWh); 15,46;master_vast_2026.csv;
2026;apr;Onderneming;Elektriciteit;Afname;TotalEnergies;proComfort Vast;Vast;Vaste vergoeding (); 90,00;master_vast_2026.csv;
2026;apr;Onderneming;Elektriciteit;Afname;Trevion;Trevion Groene Energie Vast;Vast;Enkelvoudige meter dagtarief (c/kWh); 15,30;master_vast_2026.csv;
2026;apr;Onderneming;Elektriciteit;Afname;Trevion;Trevion Groene Energie Vast;Vast;Kosten groene stroom (c/kWh); 1,10;master_vast_2026.csv;
2026;apr;Onderneming;Elektriciteit;Afname;Trevion;Trevion Groene Energie Vast;Vast;Kosten WKK (c/kWh); 0,42;master_vast_2026.csv;
2026;apr;Onderneming;Elektriciteit;Afname;Trevion;Trevion Groene Energie Vast;Vast;Tweevoudige meter dagtarief (c/kWh); 16,86;master_vast_2026.csv;
2026;apr;Onderneming;Elektriciteit;Afname;Trevion;Trevion Groene Energie Vast;Vast;Tweevoudige meter nachttarief (c/kWh); 13,98;master_vast_2026.csv;
2026;apr;Onderneming;Elektriciteit;Afname;Trevion;Trevion Groene Energie Vast;Vast;Uitsluitend nachtmeter (c/kWh); 13,98;master_vast_2026.csv;
2026;apr;Onderneming;Elektriciteit;Afname;Trevion;Trevion Groene Energie Vast;Vast;Vaste vergoeding (); 49,00;master_vast_2026.csv;
2026;apr;Onderneming;Elektriciteit;Teruglevering;Ecopower;Ecopower terugleververgoeding;Vast;Enkelvoudige meter dagtarief (c/kWh); 2,00;master_vast_2026.csv;
2026;apr;Onderneming;Elektriciteit;Teruglevering;Ecopower;Ecopower terugleververgoeding;Vast;Tweevoudige meter dagtarief (c/kWh); 2,00;master_vast_2026.csv;
2026;apr;Onderneming;Elektriciteit;Teruglevering;Ecopower;Ecopower terugleververgoeding;Vast;Tweevoudige meter nachttarief (c/kWh); 2,00;master_vast_2026.csv;
2026;apr;Onderneming;Elektriciteit;Teruglevering;Ecopower;Ecopower terugleververgoeding;Vast;Vaste vergoeding (); 0,00;master_vast_2026.csv;
2026;apr;Onderneming;Elektriciteit;Teruglevering;ENGIE (handelsnaam van Electrabel) ;Easy pro;Vast;Enkelvoudige meter dagtarief (c/kWh); 3,25;master_vast_2026.csv;
2026;apr;Onderneming;Elektriciteit;Teruglevering;ENGIE (handelsnaam van Electrabel) ;Easy pro;Vast;Tweevoudige meter dagtarief (c/kWh); 3,25;master_vast_2026.csv;
2026;apr;Onderneming;Elektriciteit;Teruglevering;ENGIE (handelsnaam van Electrabel) ;Easy pro;Vast;Tweevoudige meter nachttarief (c/kWh); 3,25;master_vast_2026.csv;
2026;apr;Onderneming;Elektriciteit;Teruglevering;ENGIE (handelsnaam van Electrabel) ;Easy pro;Vast;Vaste vergoeding (); 0,00;master_vast_2026.csv;
2026;apr;Onderneming;Elektriciteit;Teruglevering;ENGIE (handelsnaam van Electrabel) ;Empower Pro;Vast;Enkelvoudige meter dagtarief (c/kWh); 3,25;master_vast_2026.csv;
2026;apr;Onderneming;Elektriciteit;Teruglevering;ENGIE (handelsnaam van Electrabel) ;Empower Pro;Vast;Tweevoudige meter dagtarief (c/kWh); 3,25;master_vast_2026.csv;
2026;apr;Onderneming;Elektriciteit;Teruglevering;ENGIE (handelsnaam van Electrabel) ;Empower Pro;Vast;Tweevoudige meter nachttarief (c/kWh); 3,25;master_vast_2026.csv;
2026;apr;Onderneming;Elektriciteit;Teruglevering;ENGIE (handelsnaam van Electrabel) ;Empower Pro;Vast;Vaste vergoeding (); 0,00;master_vast_2026.csv;
2026;apr;Onderneming;Elektriciteit;Teruglevering;Mega (handelsnaam van Power Online);COSY GREEN FIXED;Vast;Enkelvoudige meter dagtarief (c/kWh); 2,90;master_vast_2026.csv;
2026;apr;Onderneming;Elektriciteit;Teruglevering;Mega (handelsnaam van Power Online);COSY GREEN FIXED;Vast;Tweevoudige meter dagtarief (c/kWh); 2,90;master_vast_2026.csv;
2026;apr;Onderneming;Elektriciteit;Teruglevering;Mega (handelsnaam van Power Online);COSY GREEN FIXED;Vast;Tweevoudige meter nachttarief (c/kWh); 2,90;master_vast_2026.csv;
2026;apr;Onderneming;Elektriciteit;Teruglevering;Mega (handelsnaam van Power Online);COSY GREEN FIXED;Vast;Vaste vergoeding (); 0,00;master_vast_2026.csv;
2026;apr;Onderneming;Elektriciteit;Teruglevering;Mega (handelsnaam van Power Online);OFFPEAK GREEN FIXED;Vast;Enkelvoudige meter dagtarief (c/kWh); 2,90;master_vast_2026.csv;
2026;apr;Onderneming;Elektriciteit;Teruglevering;Mega (handelsnaam van Power Online);OFFPEAK GREEN FIXED;Vast;Tweevoudige meter dagtarief (c/kWh); 2,90;master_vast_2026.csv;
2026;apr;Onderneming;Elektriciteit;Teruglevering;Mega (handelsnaam van Power Online);OFFPEAK GREEN FIXED;Vast;Tweevoudige meter nachttarief (c/kWh); 2,90;master_vast_2026.csv;
2026;apr;Onderneming;Elektriciteit;Teruglevering;Mega (handelsnaam van Power Online);OFFPEAK GREEN FIXED;Vast;Vaste vergoeding (); 0,00;master_vast_2026.csv;
2026;apr;Onderneming;Elektriciteit;Teruglevering;Mega (handelsnaam van Power Online);ONLINE FIXED;Vast;Enkelvoudige meter dagtarief (c/kWh); 2,90;master_vast_2026.csv;
2026;apr;Onderneming;Elektriciteit;Teruglevering;Mega (handelsnaam van Power Online);ONLINE FIXED;Vast;Tweevoudige meter dagtarief (c/kWh); 2,90;master_vast_2026.csv;
2026;apr;Onderneming;Elektriciteit;Teruglevering;Mega (handelsnaam van Power Online);ONLINE FIXED;Vast;Tweevoudige meter nachttarief (c/kWh); 2,90;master_vast_2026.csv;
2026;apr;Onderneming;Elektriciteit;Teruglevering;Mega (handelsnaam van Power Online);ONLINE FIXED;Vast;Vaste vergoeding (); 0,00;master_vast_2026.csv;
2026;apr;Onderneming;Elektriciteit;Teruglevering;Mega (handelsnaam van Power Online);PREPAID FIXED;Vast;Enkelvoudige meter dagtarief (c/kWh); 3,80;master_vast_2026.csv;
2026;apr;Onderneming;Elektriciteit;Teruglevering;Mega (handelsnaam van Power Online);PREPAID FIXED;Vast;Tweevoudige meter dagtarief (c/kWh); 3,80;master_vast_2026.csv;
2026;apr;Onderneming;Elektriciteit;Teruglevering;Mega (handelsnaam van Power Online);PREPAID FIXED;Vast;Tweevoudige meter nachttarief (c/kWh); 3,80;master_vast_2026.csv;
2026;apr;Onderneming;Elektriciteit;Teruglevering;Mega (handelsnaam van Power Online);PREPAID FIXED;Vast;Vaste vergoeding (); 0,00;master_vast_2026.csv;
2026;apr;Onderneming;Elektriciteit;Teruglevering;Mega (handelsnaam van Power Online);SMART GREEN FIXED;Vast;Enkelvoudige meter dagtarief (c/kWh); 2,04;master_vast_2026.csv;
2026;apr;Onderneming;Elektriciteit;Teruglevering;Mega (handelsnaam van Power Online);SMART GREEN FIXED;Vast;Tweevoudige meter dagtarief (c/kWh); 2,04;master_vast_2026.csv;
2026;apr;Onderneming;Elektriciteit;Teruglevering;Mega (handelsnaam van Power Online);SMART GREEN FIXED;Vast;Tweevoudige meter nachttarief (c/kWh); 2,04;master_vast_2026.csv;
2026;apr;Onderneming;Elektriciteit;Teruglevering;Mega (handelsnaam van Power Online);SMART GREEN FIXED;Vast;Vaste vergoeding (); 0,00;master_vast_2026.csv;
2026;apr;Onderneming;Elektriciteit;Teruglevering;Mega (handelsnaam van Power Online);Speciale aanbieding Testaankoop Fixed 2025;Vast;Enkelvoudige meter dagtarief (c/kWh); 3,80;master_vast_2026.csv;
2026;apr;Onderneming;Elektriciteit;Teruglevering;Mega (handelsnaam van Power Online);Speciale aanbieding Testaankoop Fixed 2025;Vast;Tweevoudige meter dagtarief (c/kWh); 3,80;master_vast_2026.csv;
2026;apr;Onderneming;Elektriciteit;Teruglevering;Mega (handelsnaam van Power Online);Speciale aanbieding Testaankoop Fixed 2025;Vast;Tweevoudige meter nachttarief (c/kWh); 3,80;master_vast_2026.csv;
2026;apr;Onderneming;Elektriciteit;Teruglevering;Mega (handelsnaam van Power Online);Speciale aanbieding Testaankoop Fixed 2025;Vast;Vaste vergoeding (); 0,00;master_vast_2026.csv;
2026;apr;Onderneming;Elektriciteit;Teruglevering;Mega (handelsnaam van Power Online);Zen 3 Jaar Vast;Vast;Enkelvoudige meter dagtarief (c/kWh); 1,15;master_vast_2026.csv;
2026;apr;Onderneming;Elektriciteit;Teruglevering;Mega (handelsnaam van Power Online);Zen 3 Jaar Vast;Vast;Tweevoudige meter dagtarief (c/kWh); 1,15;master_vast_2026.csv;
2026;apr;Onderneming;Elektriciteit;Teruglevering;Mega (handelsnaam van Power Online);Zen 3 Jaar Vast;Vast;Tweevoudige meter nachttarief (c/kWh); 1,15;master_vast_2026.csv;
2026;apr;Onderneming;Elektriciteit;Teruglevering;Mega (handelsnaam van Power Online);Zen 3 Jaar Vast;Vast;Vaste vergoeding (); 0,00;master_vast_2026.csv;
2026;apr;Onderneming;Elektriciteit;Teruglevering;Trevion;Trevion Groene Energie Vast Teruglevering;Vast;Enkelvoudige meter dagtarief (c/kWh); 4,51;master_vast_2026.csv;
2026;apr;Onderneming;Elektriciteit;Teruglevering;Trevion;Trevion Groene Energie Vast Teruglevering;Vast;Tweevoudige meter dagtarief (c/kWh); 4,98;master_vast_2026.csv;
2026;apr;Onderneming;Elektriciteit;Teruglevering;Trevion;Trevion Groene Energie Vast Teruglevering;Vast;Tweevoudige meter nachttarief (c/kWh); 3,35;master_vast_2026.csv;
2026;apr;Onderneming;Elektriciteit;Teruglevering;Trevion;Trevion Groene Energie Vast Teruglevering;Vast;Vaste vergoeding (); 0,00;master_vast_2026.csv;
2026;apr;Onderneming;Elektriciteit;Teruglevering;Wase Wind;Vast-dynamisch;Vast;Enkelvoudige meter dagtarief (c/kWh); 2,00;master_vast_2026.csv;
2026;apr;Onderneming;Elektriciteit;Teruglevering;Wase Wind;Vast-dynamisch;Vast;Tweevoudige meter dagtarief (c/kWh); 2,00;master_vast_2026.csv;
2026;apr;Onderneming;Elektriciteit;Teruglevering;Wase Wind;Vast-dynamisch;Vast;Tweevoudige meter nachttarief (c/kWh); 2,00;master_vast_2026.csv;
2026;apr;Onderneming;Elektriciteit;Teruglevering;Wase Wind;Vast-dynamisch;Vast;Vaste vergoeding (); 0,00;master_vast_2026.csv;
2026;apr;Onderneming;Elektriciteit;Teruglevering;Wase Wind;Vast-variabel;Vast;Enkelvoudige meter dagtarief (c/kWh); 2,00;master_vast_2026.csv;
2026;apr;Onderneming;Elektriciteit;Teruglevering;Wase Wind;Vast-variabel;Vast;Tweevoudige meter dagtarief (c/kWh); 2,00;master_vast_2026.csv;
2026;apr;Onderneming;Elektriciteit;Teruglevering;Wase Wind;Vast-variabel;Vast;Tweevoudige meter nachttarief (c/kWh); 2,00;master_vast_2026.csv;
2026;apr;Onderneming;Elektriciteit;Teruglevering;Wase Wind;Vast-variabel;Vast;Vaste vergoeding (); 0,00;master_vast_2026.csv;
2026;apr;Onderneming;Gas;Afname;Bolt;Bolt Vast;Vast;Enkelvoudige meter dagtarief (c/kWh); 6,56;master_vast_2026.csv;
2026;apr;Onderneming;Gas;Afname;Bolt;Bolt Vast;Vast;Vaste vergoeding (); 167,88;master_vast_2026.csv;
2026;apr;Onderneming;Gas;Afname;Bolt;Plenty Vast;Vast;Enkelvoudige meter dagtarief (c/kWh); 6,56;master_vast_2026.csv;
2026;apr;Onderneming;Gas;Afname;Bolt;Plenty Vast;Vast;Vaste vergoeding (); 119,88;master_vast_2026.csv;
2026;apr;Onderneming;Gas;Afname;Elegant;Zeker & Vast;Vast;Enkelvoudige meter dagtarief (c/kWh); 6,80;master_vast_2026.csv;
2026;apr;Onderneming;Gas;Afname;Elegant;Zeker & Vast;Vast;Vaste vergoeding (); 99,17;master_vast_2026.csv;
2026;apr;Onderneming;Gas;Afname;Eneco Belgium;Eneco Aardgas Vast;Vast;Enkelvoudige meter dagtarief (c/kWh); 7,68;master_vast_2026.csv;
2026;apr;Onderneming;Gas;Afname;Eneco Belgium;Eneco Aardgas Vast;Vast;Vaste vergoeding (); 95,00;master_vast_2026.csv;
2026;apr;Onderneming;Gas;Afname;Energie.be;Gas vast professioneel online;Vast;Enkelvoudige meter dagtarief (c/kWh); 6,81;master_vast_2026.csv;
2026;apr;Onderneming;Gas;Afname;Energie.be;Gas vast professioneel online;Vast;Vaste vergoeding (); 60,00;master_vast_2026.csv;
2026;apr;Onderneming;Gas;Afname;ENGIE (handelsnaam van Electrabel) ;Easy pro;Vast;Enkelvoudige meter dagtarief (c/kWh); 7,99;master_vast_2026.csv;
2026;apr;Onderneming;Gas;Afname;ENGIE (handelsnaam van Electrabel) ;Easy pro;Vast;Vaste vergoeding (); 60,00;master_vast_2026.csv;
2026;apr;Onderneming;Gas;Afname;ENGIE (handelsnaam van Electrabel) ;Empower Pro;Vast;Enkelvoudige meter dagtarief (c/kWh); 7,99;master_vast_2026.csv;
2026;apr;Onderneming;Gas;Afname;ENGIE (handelsnaam van Electrabel) ;Empower Pro;Vast;Vaste vergoeding (); 60,00;master_vast_2026.csv;
2026;apr;Onderneming;Gas;Afname;Luminus;BasicFix Pro Online;Vast;Enkelvoudige meter dagtarief (c/kWh); 7,03;master_vast_2026.csv;
2026;apr;Onderneming;Gas;Afname;Luminus;BasicFix Pro Online;Vast;Vaste vergoeding (); 20,00;master_vast_2026.csv;
2026;apr;Onderneming;Gas;Afname;Luminus;Comfy Pro;Vast;Enkelvoudige meter dagtarief (c/kWh); 7,67;master_vast_2026.csv;
2026;apr;Onderneming;Gas;Afname;Luminus;Comfy Pro;Vast;Vaste vergoeding (); 50,00;master_vast_2026.csv;
2026;apr;Onderneming;Gas;Afname;Luminus;Comfy Pro+;Vast;Enkelvoudige meter dagtarief (c/kWh); 8,05;master_vast_2026.csv;
2026;apr;Onderneming;Gas;Afname;Luminus;Comfy Pro+;Vast;Vaste vergoeding (); 50,00;master_vast_2026.csv;
2026;apr;Onderneming;Gas;Afname;Luminus;MaxxFix Pro;Vast;Enkelvoudige meter dagtarief (c/kWh); 7,44;master_vast_2026.csv;
2026;apr;Onderneming;Gas;Afname;Luminus;MaxxFix Pro;Vast;Vaste vergoeding (); 50,00;master_vast_2026.csv;
2026;apr;Onderneming;Gas;Afname;Mega (handelsnaam van Power Online);COSY FIXED;Vast;Enkelvoudige meter dagtarief (c/kWh); 7,51;master_vast_2026.csv;
2026;apr;Onderneming;Gas;Afname;Mega (handelsnaam van Power Online);COSY FIXED;Vast;Vaste vergoeding (); 135,00;master_vast_2026.csv;
2026;apr;Onderneming;Gas;Afname;Mega (handelsnaam van Power Online);OFFPEAK FIXED;Vast;Enkelvoudige meter dagtarief (c/kWh); 7,01;master_vast_2026.csv;
2026;apr;Onderneming;Gas;Afname;Mega (handelsnaam van Power Online);OFFPEAK FIXED;Vast;Vaste vergoeding (); 70,00;master_vast_2026.csv;
2026;apr;Onderneming;Gas;Afname;Mega (handelsnaam van Power Online);ONLINE FIXED;Vast;Enkelvoudige meter dagtarief (c/kWh); 7,31;master_vast_2026.csv;
2026;apr;Onderneming;Gas;Afname;Mega (handelsnaam van Power Online);ONLINE FIXED;Vast;Vaste vergoeding (); 55,00;master_vast_2026.csv;
2026;apr;Onderneming;Gas;Afname;Mega (handelsnaam van Power Online);PREPAID FIXED;Vast;Enkelvoudige meter dagtarief (c/kWh); 6,71;master_vast_2026.csv;
2026;apr;Onderneming;Gas;Afname;Mega (handelsnaam van Power Online);PREPAID FIXED;Vast;Vaste vergoeding (); 45,00;master_vast_2026.csv;
2026;apr;Onderneming;Gas;Afname;Mega (handelsnaam van Power Online);SMART FIXED;Vast;Enkelvoudige meter dagtarief (c/kWh); 7,17;master_vast_2026.csv;
2026;apr;Onderneming;Gas;Afname;Mega (handelsnaam van Power Online);SMART FIXED;Vast;Vaste vergoeding (); 105,00;master_vast_2026.csv;
2026;apr;Onderneming;Gas;Afname;Mega (handelsnaam van Power Online);Speciale aanbieding Testaankoop Fixed 2025;Vast;Enkelvoudige meter dagtarief (c/kWh); 6,91;master_vast_2026.csv;
2026;apr;Onderneming;Gas;Afname;Mega (handelsnaam van Power Online);Speciale aanbieding Testaankoop Fixed 2025;Vast;Vaste vergoeding (); 40,00;master_vast_2026.csv;
2026;apr;Onderneming;Gas;Afname;TotalEnergies;proComfort Vast;Vast;Enkelvoudige meter dagtarief (c/kWh); 7,61;master_vast_2026.csv;
2026;apr;Onderneming;Gas;Afname;TotalEnergies;proComfort Vast;Vast;Vaste vergoeding (); 90,00;master_vast_2026.csv;
2026;apr;Woning;Elektriciteit;Afname;Bolt;Bolt Vast;Vast;Enkelvoudige meter dagtarief (c/kWh); 15,76;master_vast_2026.csv;
2026;apr;Woning;Elektriciteit;Afname;Bolt;Bolt Vast;Vast;Kosten groene stroom (c/kWh); 1,10;master_vast_2026.csv;
2026;apr;Woning;Elektriciteit;Afname;Bolt;Bolt Vast;Vast;Kosten WKK (c/kWh); 0,36;master_vast_2026.csv;
2026;apr;Woning;Elektriciteit;Afname;Bolt;Bolt Vast;Vast;Tweevoudige meter dagtarief (c/kWh); 15,76;master_vast_2026.csv;
2026;apr;Woning;Elektriciteit;Afname;Bolt;Bolt Vast;Vast;Tweevoudige meter nachttarief (c/kWh); 15,76;master_vast_2026.csv;
2026;apr;Woning;Elektriciteit;Afname;Bolt;Bolt Vast;Vast;Uitsluitend nachtmeter (c/kWh); 15,76;master_vast_2026.csv;
2026;apr;Woning;Elektriciteit;Afname;Bolt;Bolt Vast;Vast;Vaste vergoeding (); 124,42;master_vast_2026.csv;
2026;apr;Woning;Elektriciteit;Afname;Bolt;Plenty Vast;Vast;Enkelvoudige meter dagtarief (c/kWh); 15,76;master_vast_2026.csv;
2026;apr;Woning;Elektriciteit;Afname;Bolt;Plenty Vast;Vast;Kosten groene stroom (c/kWh); 1,10;master_vast_2026.csv;
2026;apr;Woning;Elektriciteit;Afname;Bolt;Plenty Vast;Vast;Kosten WKK (c/kWh); 0,36;master_vast_2026.csv;
2026;apr;Woning;Elektriciteit;Afname;Bolt;Plenty Vast;Vast;Tweevoudige meter dagtarief (c/kWh); 15,76;master_vast_2026.csv;
2026;apr;Woning;Elektriciteit;Afname;Bolt;Plenty Vast;Vast;Tweevoudige meter nachttarief (c/kWh); 15,76;master_vast_2026.csv;
2026;apr;Woning;Elektriciteit;Afname;Bolt;Plenty Vast;Vast;Uitsluitend nachtmeter (c/kWh); 15,76;master_vast_2026.csv;
2026;apr;Woning;Elektriciteit;Afname;Bolt;Plenty Vast;Vast;Vaste vergoeding (); 67,81;master_vast_2026.csv;
2026;apr;Woning;Elektriciteit;Afname;Elegant;Zeker & Vast;Vast;Enkelvoudige meter dagtarief (c/kWh); 13,66;master_vast_2026.csv;
2026;apr;Woning;Elektriciteit;Afname;Elegant;Zeker & Vast;Vast;Kosten groene stroom (c/kWh); 1,10;master_vast_2026.csv;
2026;apr;Woning;Elektriciteit;Afname;Elegant;Zeker & Vast;Vast;Kosten WKK (c/kWh); 0,39;master_vast_2026.csv;
2026;apr;Woning;Elektriciteit;Afname;Elegant;Zeker & Vast;Vast;Tweevoudige meter dagtarief (c/kWh); 14,34;master_vast_2026.csv;
2026;apr;Woning;Elektriciteit;Afname;Elegant;Zeker & Vast;Vast;Tweevoudige meter nachttarief (c/kWh); 12,97;master_vast_2026.csv;
2026;apr;Woning;Elektriciteit;Afname;Elegant;Zeker & Vast;Vast;Uitsluitend nachtmeter (c/kWh); 12,97;master_vast_2026.csv;
2026;apr;Woning;Elektriciteit;Afname;Elegant;Zeker & Vast;Vast;Vaste vergoeding (); 113,21;master_vast_2026.csv;
2026;apr;Woning;Elektriciteit;Afname;Eneco Belgium;Eneco Zon & Wind Vast;Vast;Enkelvoudige meter dagtarief (c/kWh); 17,59;master_vast_2026.csv;
2026;apr;Woning;Elektriciteit;Afname;Eneco Belgium;Eneco Zon & Wind Vast;Vast;Kosten groene stroom (c/kWh); 1,10;master_vast_2026.csv;
2026;apr;Woning;Elektriciteit;Afname;Eneco Belgium;Eneco Zon & Wind Vast;Vast;Kosten WKK (c/kWh); 0,34;master_vast_2026.csv;
2026;apr;Woning;Elektriciteit;Afname;Eneco Belgium;Eneco Zon & Wind Vast;Vast;Tweevoudige meter dagtarief (c/kWh); 19,39;master_vast_2026.csv;
2026;apr;Woning;Elektriciteit;Afname;Eneco Belgium;Eneco Zon & Wind Vast;Vast;Tweevoudige meter nachttarief (c/kWh); 16,03;master_vast_2026.csv;
2026;apr;Woning;Elektriciteit;Afname;Eneco Belgium;Eneco Zon & Wind Vast;Vast;Uitsluitend nachtmeter (c/kWh); 16,03;master_vast_2026.csv;
2026;apr;Woning;Elektriciteit;Afname;Eneco Belgium;Eneco Zon & Wind Vast;Vast;Vaste vergoeding (); 61,32;master_vast_2026.csv;
2026;apr;Woning;Elektriciteit;Afname;Energie.be;Elektriciteit vast online;Vast;Enkelvoudige meter dagtarief (c/kWh); 15,43;master_vast_2026.csv;
2026;apr;Woning;Elektriciteit;Afname;Energie.be;Elektriciteit vast online;Vast;Kosten groene stroom (c/kWh); 1,10;master_vast_2026.csv;
2026;apr;Woning;Elektriciteit;Afname;Energie.be;Elektriciteit vast online;Vast;Kosten WKK (c/kWh); 0,36;master_vast_2026.csv;
2026;apr;Woning;Elektriciteit;Afname;Energie.be;Elektriciteit vast online;Vast;Tweevoudige meter dagtarief (c/kWh); 15,43;master_vast_2026.csv;
2026;apr;Woning;Elektriciteit;Afname;Energie.be;Elektriciteit vast online;Vast;Tweevoudige meter nachttarief (c/kWh); 15,43;master_vast_2026.csv;
2026;apr;Woning;Elektriciteit;Afname;Energie.be;Elektriciteit vast online;Vast;Uitsluitend nachtmeter (c/kWh); 15,43;master_vast_2026.csv;
2026;apr;Woning;Elektriciteit;Afname;Energie.be;Elektriciteit vast online;Vast;Vaste vergoeding (); 33,02;master_vast_2026.csv;
2026;apr;Woning;Elektriciteit;Afname;EnergyVision;Goedkope Stroom 3 jaar vast ;Vast;Enkelvoudige meter dagtarief (c/kWh); 12,80;master_vast_2026.csv;
2026;apr;Woning;Elektriciteit;Afname;EnergyVision;Goedkope Stroom 3 jaar vast ;Vast;Kosten groene stroom (c/kWh); 1,10;master_vast_2026.csv;
2026;apr;Woning;Elektriciteit;Afname;EnergyVision;Goedkope Stroom 3 jaar vast ;Vast;Kosten WKK (c/kWh); 0,37;master_vast_2026.csv;
2026;apr;Woning;Elektriciteit;Afname;EnergyVision;Goedkope Stroom 3 jaar vast ;Vast;Tweevoudige meter dagtarief (c/kWh); 12,80;master_vast_2026.csv;
2026;apr;Woning;Elektriciteit;Afname;EnergyVision;Goedkope Stroom 3 jaar vast ;Vast;Tweevoudige meter nachttarief (c/kWh); 12,80;master_vast_2026.csv;
2026;apr;Woning;Elektriciteit;Afname;EnergyVision;Goedkope Stroom 3 jaar vast ;Vast;Uitsluitend nachtmeter (c/kWh); 12,80;master_vast_2026.csv;
2026;apr;Woning;Elektriciteit;Afname;EnergyVision;Goedkope Stroom 3 jaar vast ;Vast;Vaste vergoeding (); 70,75;master_vast_2026.csv;
2026;apr;Woning;Elektriciteit;Afname;EnergyVision;Wikipower Groepsaankoop  vast;Vast;Enkelvoudige meter dagtarief (c/kWh); 11,58;master_vast_2026.csv;
2026;apr;Woning;Elektriciteit;Afname;EnergyVision;Wikipower Groepsaankoop  vast;Vast;Kosten groene stroom (c/kWh); 1,10;master_vast_2026.csv;
2026;apr;Woning;Elektriciteit;Afname;EnergyVision;Wikipower Groepsaankoop  vast;Vast;Kosten WKK (c/kWh); 0,37;master_vast_2026.csv;
2026;apr;Woning;Elektriciteit;Afname;EnergyVision;Wikipower Groepsaankoop  vast;Vast;Tweevoudige meter dagtarief (c/kWh); 11,58;master_vast_2026.csv;
2026;apr;Woning;Elektriciteit;Afname;EnergyVision;Wikipower Groepsaankoop  vast;Vast;Tweevoudige meter nachttarief (c/kWh); 11,58;master_vast_2026.csv;
2026;apr;Woning;Elektriciteit;Afname;EnergyVision;Wikipower Groepsaankoop  vast;Vast;Uitsluitend nachtmeter (c/kWh); 11,58;master_vast_2026.csv;
2026;apr;Woning;Elektriciteit;Afname;EnergyVision;Wikipower Groepsaankoop  vast;Vast;Vaste vergoeding (); 0,00;master_vast_2026.csv;
2026;apr;Woning;Elektriciteit;Afname;ENGIE (handelsnaam van Electrabel) ;Easy ;Vast;Enkelvoudige meter dagtarief (c/kWh); 17,87;master_vast_2026.csv;
2026;apr;Woning;Elektriciteit;Afname;ENGIE (handelsnaam van Electrabel) ;Easy ;Vast;Kosten groene stroom (c/kWh); 1,10;master_vast_2026.csv;
2026;apr;Woning;Elektriciteit;Afname;ENGIE (handelsnaam van Electrabel) ;Easy ;Vast;Kosten WKK (c/kWh); 0,39;master_vast_2026.csv;
2026;apr;Woning;Elektriciteit;Afname;ENGIE (handelsnaam van Electrabel) ;Easy ;Vast;Tweevoudige meter dagtarief (c/kWh); 19,05;master_vast_2026.csv;
2026;apr;Woning;Elektriciteit;Afname;ENGIE (handelsnaam van Electrabel) ;Easy ;Vast;Tweevoudige meter nachttarief (c/kWh); 16,20;master_vast_2026.csv;
2026;apr;Woning;Elektriciteit;Afname;ENGIE (handelsnaam van Electrabel) ;Easy ;Vast;Uitsluitend nachtmeter (c/kWh); 16,20;master_vast_2026.csv;
2026;apr;Woning;Elektriciteit;Afname;ENGIE (handelsnaam van Electrabel) ;Easy ;Vast;Vaste vergoeding (); 65,09;master_vast_2026.csv;
2026;apr;Woning;Elektriciteit;Afname;ENGIE (handelsnaam van Electrabel) ;Empower;Vast;Enkelvoudige meter dagtarief (c/kWh); 17,05;master_vast_2026.csv;
2026;apr;Woning;Elektriciteit;Afname;ENGIE (handelsnaam van Electrabel) ;Empower;Vast;Kosten groene stroom (c/kWh); 1,10;master_vast_2026.csv;
2026;apr;Woning;Elektriciteit;Afname;ENGIE (handelsnaam van Electrabel) ;Empower;Vast;Kosten WKK (c/kWh); 0,39;master_vast_2026.csv;
2026;apr;Woning;Elektriciteit;Afname;ENGIE (handelsnaam van Electrabel) ;Empower;Vast;Tweevoudige meter dagtarief (c/kWh); 18,75;master_vast_2026.csv;
2026;apr;Woning;Elektriciteit;Afname;ENGIE (handelsnaam van Electrabel) ;Empower;Vast;Tweevoudige meter nachttarief (c/kWh); 14,35;master_vast_2026.csv;
2026;apr;Woning;Elektriciteit;Afname;ENGIE (handelsnaam van Electrabel) ;Empower;Vast;Uitsluitend nachtmeter (c/kWh); 16,20;master_vast_2026.csv;
2026;apr;Woning;Elektriciteit;Afname;ENGIE (handelsnaam van Electrabel) ;Empower;Vast;Vaste vergoeding (); 84,91;master_vast_2026.csv;
2026;apr;Woning;Elektriciteit;Afname;Luminus;BasicFix Online;Vast;Enkelvoudige meter dagtarief (c/kWh); 16,91;master_vast_2026.csv;
2026;apr;Woning;Elektriciteit;Afname;Luminus;BasicFix Online;Vast;Kosten groene stroom (c/kWh); 1,10;master_vast_2026.csv;
2026;apr;Woning;Elektriciteit;Afname;Luminus;BasicFix Online;Vast;Kosten WKK (c/kWh); 0,36;master_vast_2026.csv;
2026;apr;Woning;Elektriciteit;Afname;Luminus;BasicFix Online;Vast;Tweevoudige meter dagtarief (c/kWh); 19,04;master_vast_2026.csv;
2026;apr;Woning;Elektriciteit;Afname;Luminus;BasicFix Online;Vast;Tweevoudige meter nachttarief (c/kWh); 15,04;master_vast_2026.csv;
2026;apr;Woning;Elektriciteit;Afname;Luminus;BasicFix Online;Vast;Uitsluitend nachtmeter (c/kWh); 15,04;master_vast_2026.csv;
2026;apr;Woning;Elektriciteit;Afname;Luminus;BasicFix Online;Vast;Vaste vergoeding (); 23,58;master_vast_2026.csv;
2026;apr;Woning;Elektriciteit;Afname;Luminus;Comfy;Vast;Enkelvoudige meter dagtarief (c/kWh); 18,72;master_vast_2026.csv;
2026;apr;Woning;Elektriciteit;Afname;Luminus;Comfy;Vast;Kosten groene stroom (c/kWh); 1,10;master_vast_2026.csv;
2026;apr;Woning;Elektriciteit;Afname;Luminus;Comfy;Vast;Kosten WKK (c/kWh); 0,36;master_vast_2026.csv;
2026;apr;Woning;Elektriciteit;Afname;Luminus;Comfy;Vast;Tweevoudige meter dagtarief (c/kWh); 20,09;master_vast_2026.csv;
2026;apr;Woning;Elektriciteit;Afname;Luminus;Comfy;Vast;Tweevoudige meter nachttarief (c/kWh); 16,73;master_vast_2026.csv;
2026;apr;Woning;Elektriciteit;Afname;Luminus;Comfy;Vast;Uitsluitend nachtmeter (c/kWh); 16,73;master_vast_2026.csv;
2026;apr;Woning;Elektriciteit;Afname;Luminus;Comfy;Vast;Vaste vergoeding (); 61,32;master_vast_2026.csv;
2026;apr;Woning;Elektriciteit;Afname;Luminus;Comfy+;Vast;Enkelvoudige meter dagtarief (c/kWh); 20,43;master_vast_2026.csv;
2026;apr;Woning;Elektriciteit;Afname;Luminus;Comfy+;Vast;Kosten groene stroom (c/kWh); 1,10;master_vast_2026.csv;
2026;apr;Woning;Elektriciteit;Afname;Luminus;Comfy+;Vast;Kosten WKK (c/kWh); 0,36;master_vast_2026.csv;
2026;apr;Woning;Elektriciteit;Afname;Luminus;Comfy+;Vast;Tweevoudige meter dagtarief (c/kWh); 21,77;master_vast_2026.csv;
2026;apr;Woning;Elektriciteit;Afname;Luminus;Comfy+;Vast;Tweevoudige meter nachttarief (c/kWh); 18,31;master_vast_2026.csv;
2026;apr;Woning;Elektriciteit;Afname;Luminus;Comfy+;Vast;Uitsluitend nachtmeter (c/kWh); 18,31;master_vast_2026.csv;
2026;apr;Woning;Elektriciteit;Afname;Luminus;Comfy+;Vast;Vaste vergoeding (); 61,32;master_vast_2026.csv;
2026;apr;Woning;Elektriciteit;Afname;Luminus;MaxxFix;Vast;Enkelvoudige meter dagtarief (c/kWh); 17,20;master_vast_2026.csv;
2026;apr;Woning;Elektriciteit;Afname;Luminus;MaxxFix;Vast;Kosten groene stroom (c/kWh); 1,10;master_vast_2026.csv;
2026;apr;Woning;Elektriciteit;Afname;Luminus;MaxxFix;Vast;Kosten WKK (c/kWh); 0,36;master_vast_2026.csv;
2026;apr;Woning;Elektriciteit;Afname;Luminus;MaxxFix;Vast;Tweevoudige meter dagtarief (c/kWh); 18,57;master_vast_2026.csv;
2026;apr;Woning;Elektriciteit;Afname;Luminus;MaxxFix;Vast;Tweevoudige meter nachttarief (c/kWh); 15,19;master_vast_2026.csv;
2026;apr;Woning;Elektriciteit;Afname;Luminus;MaxxFix;Vast;Uitsluitend nachtmeter (c/kWh); 15,19;master_vast_2026.csv;
2026;apr;Woning;Elektriciteit;Afname;Luminus;MaxxFix;Vast;Vaste vergoeding (); 61,32;master_vast_2026.csv;
2026;apr;Woning;Elektriciteit;Afname;Mega (handelsnaam van Power Online);COSY GREEN FIXED;Vast;Enkelvoudige meter dagtarief (c/kWh); 17,93;master_vast_2026.csv;
2026;apr;Woning;Elektriciteit;Afname;Mega (handelsnaam van Power Online);COSY GREEN FIXED;Vast;Kosten groene stroom (c/kWh); 1,12;master_vast_2026.csv;
2026;apr;Woning;Elektriciteit;Afname;Mega (handelsnaam van Power Online);COSY GREEN FIXED;Vast;Kosten WKK (c/kWh); 0,35;master_vast_2026.csv;
2026;apr;Woning;Elektriciteit;Afname;Mega (handelsnaam van Power Online);COSY GREEN FIXED;Vast;Tweevoudige meter dagtarief (c/kWh); 19,23;master_vast_2026.csv;
2026;apr;Woning;Elektriciteit;Afname;Mega (handelsnaam van Power Online);COSY GREEN FIXED;Vast;Tweevoudige meter nachttarief (c/kWh); 16,85;master_vast_2026.csv;
2026;apr;Woning;Elektriciteit;Afname;Mega (handelsnaam van Power Online);COSY GREEN FIXED;Vast;Uitsluitend nachtmeter (c/kWh); 16,85;master_vast_2026.csv;
2026;apr;Woning;Elektriciteit;Afname;Mega (handelsnaam van Power Online);COSY GREEN FIXED;Vast;Vaste vergoeding (); 135,00;master_vast_2026.csv;
2026;apr;Woning;Elektriciteit;Afname;Mega (handelsnaam van Power Online);OFFPEAK GREEN FIXED;Vast;Enkelvoudige meter dagtarief (c/kWh); 16,18;master_vast_2026.csv;
2026;apr;Woning;Elektriciteit;Afname;Mega (handelsnaam van Power Online);OFFPEAK GREEN FIXED;Vast;Kosten groene stroom (c/kWh); 1,12;master_vast_2026.csv;
2026;apr;Woning;Elektriciteit;Afname;Mega (handelsnaam van Power Online);OFFPEAK GREEN FIXED;Vast;Kosten WKK (c/kWh); 0,35;master_vast_2026.csv;
2026;apr;Woning;Elektriciteit;Afname;Mega (handelsnaam van Power Online);OFFPEAK GREEN FIXED;Vast;Tweevoudige meter dagtarief (c/kWh); 18,48;master_vast_2026.csv;
2026;apr;Woning;Elektriciteit;Afname;Mega (handelsnaam van Power Online);OFFPEAK GREEN FIXED;Vast;Tweevoudige meter nachttarief (c/kWh); 14,10;master_vast_2026.csv;
2026;apr;Woning;Elektriciteit;Afname;Mega (handelsnaam van Power Online);OFFPEAK GREEN FIXED;Vast;Uitsluitend nachtmeter (c/kWh); 14,10;master_vast_2026.csv;
2026;apr;Woning;Elektriciteit;Afname;Mega (handelsnaam van Power Online);OFFPEAK GREEN FIXED;Vast;Vaste vergoeding (); 70,00;master_vast_2026.csv;
2026;apr;Woning;Elektriciteit;Afname;Mega (handelsnaam van Power Online);ONLINE FIXED;Vast;Enkelvoudige meter dagtarief (c/kWh); 16,98;master_vast_2026.csv;
2026;apr;Woning;Elektriciteit;Afname;Mega (handelsnaam van Power Online);ONLINE FIXED;Vast;Kosten groene stroom (c/kWh); 1,12;master_vast_2026.csv;
2026;apr;Woning;Elektriciteit;Afname;Mega (handelsnaam van Power Online);ONLINE FIXED;Vast;Kosten WKK (c/kWh); 0,35;master_vast_2026.csv;
2026;apr;Woning;Elektriciteit;Afname;Mega (handelsnaam van Power Online);ONLINE FIXED;Vast;Tweevoudige meter dagtarief (c/kWh); 18,28;master_vast_2026.csv;
2026;apr;Woning;Elektriciteit;Afname;Mega (handelsnaam van Power Online);ONLINE FIXED;Vast;Tweevoudige meter nachttarief (c/kWh); 15,90;master_vast_2026.csv;
2026;apr;Woning;Elektriciteit;Afname;Mega (handelsnaam van Power Online);ONLINE FIXED;Vast;Uitsluitend nachtmeter (c/kWh); 15,90;master_vast_2026.csv;
2026;apr;Woning;Elektriciteit;Afname;Mega (handelsnaam van Power Online);ONLINE FIXED;Vast;Vaste vergoeding (); 55,00;master_vast_2026.csv;
2026;apr;Woning;Elektriciteit;Afname;Mega (handelsnaam van Power Online);PREPAID FIXED;Vast;Enkelvoudige meter dagtarief (c/kWh); 15,08;master_vast_2026.csv;
2026;apr;Woning;Elektriciteit;Afname;Mega (handelsnaam van Power Online);PREPAID FIXED;Vast;Kosten groene stroom (c/kWh); 1,12;master_vast_2026.csv;
2026;apr;Woning;Elektriciteit;Afname;Mega (handelsnaam van Power Online);PREPAID FIXED;Vast;Kosten WKK (c/kWh); 0,35;master_vast_2026.csv;
2026;apr;Woning;Elektriciteit;Afname;Mega (handelsnaam van Power Online);PREPAID FIXED;Vast;Tweevoudige meter dagtarief (c/kWh); 16,38;master_vast_2026.csv;
2026;apr;Woning;Elektriciteit;Afname;Mega (handelsnaam van Power Online);PREPAID FIXED;Vast;Tweevoudige meter nachttarief (c/kWh); 14,00;master_vast_2026.csv;
2026;apr;Woning;Elektriciteit;Afname;Mega (handelsnaam van Power Online);PREPAID FIXED;Vast;Uitsluitend nachtmeter (c/kWh); 14,00;master_vast_2026.csv;
2026;apr;Woning;Elektriciteit;Afname;Mega (handelsnaam van Power Online);PREPAID FIXED;Vast;Vaste vergoeding (); 45,00;master_vast_2026.csv;
2026;apr;Woning;Elektriciteit;Afname;Mega (handelsnaam van Power Online);SMART GREEN FIXED;Vast;Enkelvoudige meter dagtarief (c/kWh); 17,42;master_vast_2026.csv;
2026;apr;Woning;Elektriciteit;Afname;Mega (handelsnaam van Power Online);SMART GREEN FIXED;Vast;Kosten groene stroom (c/kWh); 1,12;master_vast_2026.csv;
2026;apr;Woning;Elektriciteit;Afname;Mega (handelsnaam van Power Online);SMART GREEN FIXED;Vast;Kosten WKK (c/kWh); 0,35;master_vast_2026.csv;
2026;apr;Woning;Elektriciteit;Afname;Mega (handelsnaam van Power Online);SMART GREEN FIXED;Vast;Tweevoudige meter dagtarief (c/kWh); 18,63;master_vast_2026.csv;
2026;apr;Woning;Elektriciteit;Afname;Mega (handelsnaam van Power Online);SMART GREEN FIXED;Vast;Tweevoudige meter nachttarief (c/kWh); 16,42;master_vast_2026.csv;
2026;apr;Woning;Elektriciteit;Afname;Mega (handelsnaam van Power Online);SMART GREEN FIXED;Vast;Uitsluitend nachtmeter (c/kWh); 16,42;master_vast_2026.csv;
2026;apr;Woning;Elektriciteit;Afname;Mega (handelsnaam van Power Online);SMART GREEN FIXED;Vast;Vaste vergoeding (); 105,00;master_vast_2026.csv;
2026;apr;Woning;Elektriciteit;Afname;Mega (handelsnaam van Power Online);Speciale aanbieding Testaankoop Fixed 2025;Vast;Enkelvoudige meter dagtarief (c/kWh); 15,98;master_vast_2026.csv;
2026;apr;Woning;Elektriciteit;Afname;Mega (handelsnaam van Power Online);Speciale aanbieding Testaankoop Fixed 2025;Vast;Kosten groene stroom (c/kWh); 1,12;master_vast_2026.csv;
2026;apr;Woning;Elektriciteit;Afname;Mega (handelsnaam van Power Online);Speciale aanbieding Testaankoop Fixed 2025;Vast;Kosten WKK (c/kWh); 0,35;master_vast_2026.csv;
2026;apr;Woning;Elektriciteit;Afname;Mega (handelsnaam van Power Online);Speciale aanbieding Testaankoop Fixed 2025;Vast;Tweevoudige meter dagtarief (c/kWh); 17,28;master_vast_2026.csv;
2026;apr;Woning;Elektriciteit;Afname;Mega (handelsnaam van Power Online);Speciale aanbieding Testaankoop Fixed 2025;Vast;Tweevoudige meter nachttarief (c/kWh); 14,90;master_vast_2026.csv;
2026;apr;Woning;Elektriciteit;Afname;Mega (handelsnaam van Power Online);Speciale aanbieding Testaankoop Fixed 2025;Vast;Uitsluitend nachtmeter (c/kWh); 14,90;master_vast_2026.csv;
2026;apr;Woning;Elektriciteit;Afname;Mega (handelsnaam van Power Online);Speciale aanbieding Testaankoop Fixed 2025;Vast;Vaste vergoeding (); 40,00;master_vast_2026.csv;
2026;apr;Woning;Elektriciteit;Afname;Mega (handelsnaam van Power Online);Zen 3 Jaar Vast;Vast;Enkelvoudige meter dagtarief (c/kWh); 16,82;master_vast_2026.csv;
2026;apr;Woning;Elektriciteit;Afname;Mega (handelsnaam van Power Online);Zen 3 Jaar Vast;Vast;Kosten groene stroom (c/kWh); 1,12;master_vast_2026.csv;
2026;apr;Woning;Elektriciteit;Afname;Mega (handelsnaam van Power Online);Zen 3 Jaar Vast;Vast;Kosten WKK (c/kWh); 0,35;master_vast_2026.csv;
2026;apr;Woning;Elektriciteit;Afname;Mega (handelsnaam van Power Online);Zen 3 Jaar Vast;Vast;Tweevoudige meter dagtarief (c/kWh); 18,03;master_vast_2026.csv;
2026;apr;Woning;Elektriciteit;Afname;Mega (handelsnaam van Power Online);Zen 3 Jaar Vast;Vast;Tweevoudige meter nachttarief (c/kWh); 15,82;master_vast_2026.csv;
2026;apr;Woning;Elektriciteit;Afname;Mega (handelsnaam van Power Online);Zen 3 Jaar Vast;Vast;Uitsluitend nachtmeter (c/kWh); 15,82;master_vast_2026.csv;
2026;apr;Woning;Elektriciteit;Afname;Mega (handelsnaam van Power Online);Zen 3 Jaar Vast;Vast;Vaste vergoeding (); 65,00;master_vast_2026.csv;
2026;apr;Woning;Elektriciteit;Afname;OCTA+ ENERGIE;Eco Fixed;Vast;Enkelvoudige meter dagtarief (c/kWh); 17,29;master_vast_2026.csv;
2026;apr;Woning;Elektriciteit;Afname;OCTA+ ENERGIE;Eco Fixed;Vast;Kosten groene stroom (c/kWh); 1,10;master_vast_2026.csv;
2026;apr;Woning;Elektriciteit;Afname;OCTA+ ENERGIE;Eco Fixed;Vast;Kosten WKK (c/kWh); 0,41;master_vast_2026.csv;
2026;apr;Woning;Elektriciteit;Afname;OCTA+ ENERGIE;Eco Fixed;Vast;Tweevoudige meter dagtarief (c/kWh); 18,97;master_vast_2026.csv;
2026;apr;Woning;Elektriciteit;Afname;OCTA+ ENERGIE;Eco Fixed;Vast;Tweevoudige meter nachttarief (c/kWh); 15,79;master_vast_2026.csv;
2026;apr;Woning;Elektriciteit;Afname;OCTA+ ENERGIE;Eco Fixed;Vast;Uitsluitend nachtmeter (c/kWh); 16,29;master_vast_2026.csv;
2026;apr;Woning;Elektriciteit;Afname;OCTA+ ENERGIE;Eco Fixed;Vast;Vaste vergoeding (); 122,64;master_vast_2026.csv;
2026;apr;Woning;Elektriciteit;Afname;OCTA+ ENERGIE;Fixed;Vast;Enkelvoudige meter dagtarief (c/kWh); 14,99;master_vast_2026.csv;
2026;apr;Woning;Elektriciteit;Afname;OCTA+ ENERGIE;Fixed;Vast;Kosten groene stroom (c/kWh); 1,10;master_vast_2026.csv;
2026;apr;Woning;Elektriciteit;Afname;OCTA+ ENERGIE;Fixed;Vast;Kosten WKK (c/kWh); 0,41;master_vast_2026.csv;
2026;apr;Woning;Elektriciteit;Afname;OCTA+ ENERGIE;Fixed;Vast;Tweevoudige meter dagtarief (c/kWh); 16,67;master_vast_2026.csv;
2026;apr;Woning;Elektriciteit;Afname;OCTA+ ENERGIE;Fixed;Vast;Tweevoudige meter nachttarief (c/kWh); 13,49;master_vast_2026.csv;
2026;apr;Woning;Elektriciteit;Afname;OCTA+ ENERGIE;Fixed;Vast;Uitsluitend nachtmeter (c/kWh); 13,99;master_vast_2026.csv;
2026;apr;Woning;Elektriciteit;Afname;OCTA+ ENERGIE;Fixed;Vast;Vaste vergoeding (); 61,32;master_vast_2026.csv;
2026;apr;Woning;Elektriciteit;Afname;TotalEnergies;myComfort Vast;Vast;Enkelvoudige meter dagtarief (c/kWh); 17,19;master_vast_2026.csv;
2026;apr;Woning;Elektriciteit;Afname;TotalEnergies;myComfort Vast;Vast;Kosten groene stroom (c/kWh); 1,09;master_vast_2026.csv;
2026;apr;Woning;Elektriciteit;Afname;TotalEnergies;myComfort Vast;Vast;Kosten WKK (c/kWh); 0,39;master_vast_2026.csv;
2026;apr;Woning;Elektriciteit;Afname;TotalEnergies;myComfort Vast;Vast;Tweevoudige meter dagtarief (c/kWh); 18,40;master_vast_2026.csv;
2026;apr;Woning;Elektriciteit;Afname;TotalEnergies;myComfort Vast;Vast;Tweevoudige meter nachttarief (c/kWh); 16,14;master_vast_2026.csv;
2026;apr;Woning;Elektriciteit;Afname;TotalEnergies;myComfort Vast;Vast;Uitsluitend nachtmeter (c/kWh); 15,96;master_vast_2026.csv;
2026;apr;Woning;Elektriciteit;Afname;TotalEnergies;myComfort Vast;Vast;Vaste vergoeding (); 84,91;master_vast_2026.csv;
2026;apr;Woning;Elektriciteit;Afname;TotalEnergies;myEssential Vast;Vast;Enkelvoudige meter dagtarief (c/kWh); 16,53;master_vast_2026.csv;
2026;apr;Woning;Elektriciteit;Afname;TotalEnergies;myEssential Vast;Vast;Kosten groene stroom (c/kWh); 1,09;master_vast_2026.csv;
2026;apr;Woning;Elektriciteit;Afname;TotalEnergies;myEssential Vast;Vast;Kosten WKK (c/kWh); 0,39;master_vast_2026.csv;
2026;apr;Woning;Elektriciteit;Afname;TotalEnergies;myEssential Vast;Vast;Tweevoudige meter dagtarief (c/kWh); 17,74;master_vast_2026.csv;
2026;apr;Woning;Elektriciteit;Afname;TotalEnergies;myEssential Vast;Vast;Tweevoudige meter nachttarief (c/kWh); 15,48;master_vast_2026.csv;
2026;apr;Woning;Elektriciteit;Afname;TotalEnergies;myEssential Vast;Vast;Uitsluitend nachtmeter (c/kWh); 15,31;master_vast_2026.csv;
2026;apr;Woning;Elektriciteit;Afname;TotalEnergies;myEssential Vast;Vast;Vaste vergoeding (); 33,02;master_vast_2026.csv;
2026;apr;Woning;Elektriciteit;Afname;Trevion;Trevion Groene Energie Vast;Vast;Enkelvoudige meter dagtarief (c/kWh); 15,30;master_vast_2026.csv;
2026;apr;Woning;Elektriciteit;Afname;Trevion;Trevion Groene Energie Vast;Vast;Kosten groene stroom (c/kWh); 1,10;master_vast_2026.csv;
2026;apr;Woning;Elektriciteit;Afname;Trevion;Trevion Groene Energie Vast;Vast;Kosten WKK (c/kWh); 0,42;master_vast_2026.csv;
2026;apr;Woning;Elektriciteit;Afname;Trevion;Trevion Groene Energie Vast;Vast;Tweevoudige meter dagtarief (c/kWh); 16,86;master_vast_2026.csv;
2026;apr;Woning;Elektriciteit;Afname;Trevion;Trevion Groene Energie Vast;Vast;Tweevoudige meter nachttarief (c/kWh); 13,98;master_vast_2026.csv;
2026;apr;Woning;Elektriciteit;Afname;Trevion;Trevion Groene Energie Vast;Vast;Uitsluitend nachtmeter (c/kWh); 13,98;master_vast_2026.csv;
2026;apr;Woning;Elektriciteit;Afname;Trevion;Trevion Groene Energie Vast;Vast;Vaste vergoeding (); 36,79;master_vast_2026.csv;
2026;apr;Woning;Elektriciteit;Teruglevering;Ecopower;Ecopower terugleververgoeding;Vast;Enkelvoudige meter dagtarief (c/kWh); 2,00;master_vast_2026.csv;
2026;apr;Woning;Elektriciteit;Teruglevering;Ecopower;Ecopower terugleververgoeding;Vast;Tweevoudige meter dagtarief (c/kWh); 2,00;master_vast_2026.csv;
2026;apr;Woning;Elektriciteit;Teruglevering;Ecopower;Ecopower terugleververgoeding;Vast;Tweevoudige meter nachttarief (c/kWh); 2,00;master_vast_2026.csv;
2026;apr;Woning;Elektriciteit;Teruglevering;Ecopower;Ecopower terugleververgoeding;Vast;Vaste vergoeding (); 0,00;master_vast_2026.csv;
2026;apr;Woning;Elektriciteit;Teruglevering;EnergyVision;Wikipower Groepsaankoop  vast;Vast;Enkelvoudige meter dagtarief (c/kWh); 2,34;master_vast_2026.csv;
2026;apr;Woning;Elektriciteit;Teruglevering;EnergyVision;Wikipower Groepsaankoop  vast;Vast;Tweevoudige meter dagtarief (c/kWh); 2,34;master_vast_2026.csv;
2026;apr;Woning;Elektriciteit;Teruglevering;EnergyVision;Wikipower Groepsaankoop  vast;Vast;Tweevoudige meter nachttarief (c/kWh); 2,34;master_vast_2026.csv;
2026;apr;Woning;Elektriciteit;Teruglevering;EnergyVision;Wikipower Groepsaankoop  vast;Vast;Vaste vergoeding (); 0,00;master_vast_2026.csv;
2026;apr;Woning;Elektriciteit;Teruglevering;ENGIE (handelsnaam van Electrabel) ;Easy ;Vast;Enkelvoudige meter dagtarief (c/kWh); 3,22;master_vast_2026.csv;
2026;apr;Woning;Elektriciteit;Teruglevering;ENGIE (handelsnaam van Electrabel) ;Easy ;Vast;Tweevoudige meter dagtarief (c/kWh); 3,22;master_vast_2026.csv;
2026;apr;Woning;Elektriciteit;Teruglevering;ENGIE (handelsnaam van Electrabel) ;Easy ;Vast;Tweevoudige meter nachttarief (c/kWh); 3,22;master_vast_2026.csv;
2026;apr;Woning;Elektriciteit;Teruglevering;ENGIE (handelsnaam van Electrabel) ;Easy ;Vast;Vaste vergoeding (); 0,00;master_vast_2026.csv;
2026;apr;Woning;Elektriciteit;Teruglevering;ENGIE (handelsnaam van Electrabel) ;Empower;Vast;Enkelvoudige meter dagtarief (c/kWh); 3,22;master_vast_2026.csv;
2026;apr;Woning;Elektriciteit;Teruglevering;ENGIE (handelsnaam van Electrabel) ;Empower;Vast;Tweevoudige meter dagtarief (c/kWh); 3,22;master_vast_2026.csv;
2026;apr;Woning;Elektriciteit;Teruglevering;ENGIE (handelsnaam van Electrabel) ;Empower;Vast;Tweevoudige meter nachttarief (c/kWh); 3,22;master_vast_2026.csv;
2026;apr;Woning;Elektriciteit;Teruglevering;ENGIE (handelsnaam van Electrabel) ;Empower;Vast;Vaste vergoeding (); 0,00;master_vast_2026.csv;
2026;apr;Woning;Elektriciteit;Teruglevering;Mega (handelsnaam van Power Online);COSY GREEN FIXED;Vast;Enkelvoudige meter dagtarief (c/kWh); 2,90;master_vast_2026.csv;
2026;apr;Woning;Elektriciteit;Teruglevering;Mega (handelsnaam van Power Online);COSY GREEN FIXED;Vast;Tweevoudige meter dagtarief (c/kWh); 2,90;master_vast_2026.csv;
2026;apr;Woning;Elektriciteit;Teruglevering;Mega (handelsnaam van Power Online);COSY GREEN FIXED;Vast;Tweevoudige meter nachttarief (c/kWh); 2,90;master_vast_2026.csv;
2026;apr;Woning;Elektriciteit;Teruglevering;Mega (handelsnaam van Power Online);COSY GREEN FIXED;Vast;Vaste vergoeding (); 0,00;master_vast_2026.csv;
2026;apr;Woning;Elektriciteit;Teruglevering;Mega (handelsnaam van Power Online);OFFPEAK GREEN FIXED;Vast;Enkelvoudige meter dagtarief (c/kWh); 2,90;master_vast_2026.csv;
2026;apr;Woning;Elektriciteit;Teruglevering;Mega (handelsnaam van Power Online);OFFPEAK GREEN FIXED;Vast;Tweevoudige meter dagtarief (c/kWh); 2,90;master_vast_2026.csv;
2026;apr;Woning;Elektriciteit;Teruglevering;Mega (handelsnaam van Power Online);OFFPEAK GREEN FIXED;Vast;Tweevoudige meter nachttarief (c/kWh); 2,90;master_vast_2026.csv;
2026;apr;Woning;Elektriciteit;Teruglevering;Mega (handelsnaam van Power Online);OFFPEAK GREEN FIXED;Vast;Vaste vergoeding (); 0,00;master_vast_2026.csv;
2026;apr;Woning;Elektriciteit;Teruglevering;Mega (handelsnaam van Power Online);ONLINE FIXED;Vast;Enkelvoudige meter dagtarief (c/kWh); 2,90;master_vast_2026.csv;
2026;apr;Woning;Elektriciteit;Teruglevering;Mega (handelsnaam van Power Online);ONLINE FIXED;Vast;Tweevoudige meter dagtarief (c/kWh); 2,90;master_vast_2026.csv;
2026;apr;Woning;Elektriciteit;Teruglevering;Mega (handelsnaam van Power Online);ONLINE FIXED;Vast;Tweevoudige meter nachttarief (c/kWh); 2,90;master_vast_2026.csv;
2026;apr;Woning;Elektriciteit;Teruglevering;Mega (handelsnaam van Power Online);ONLINE FIXED;Vast;Vaste vergoeding (); 0,00;master_vast_2026.csv;
2026;apr;Woning;Elektriciteit;Teruglevering;Mega (handelsnaam van Power Online);PREPAID FIXED;Vast;Enkelvoudige meter dagtarief (c/kWh); 3,80;master_vast_2026.csv;
2026;apr;Woning;Elektriciteit;Teruglevering;Mega (handelsnaam van Power Online);PREPAID FIXED;Vast;Tweevoudige meter dagtarief (c/kWh); 3,80;master_vast_2026.csv;
2026;apr;Woning;Elektriciteit;Teruglevering;Mega (handelsnaam van Power Online);PREPAID FIXED;Vast;Tweevoudige meter nachttarief (c/kWh); 3,80;master_vast_2026.csv;
2026;apr;Woning;Elektriciteit;Teruglevering;Mega (handelsnaam van Power Online);PREPAID FIXED;Vast;Vaste vergoeding (); 0,00;master_vast_2026.csv;
2026;apr;Woning;Elektriciteit;Teruglevering;Mega (handelsnaam van Power Online);SMART GREEN FIXED;Vast;Enkelvoudige meter dagtarief (c/kWh); 2,04;master_vast_2026.csv;
2026;apr;Woning;Elektriciteit;Teruglevering;Mega (handelsnaam van Power Online);SMART GREEN FIXED;Vast;Tweevoudige meter dagtarief (c/kWh); 2,04;master_vast_2026.csv;
2026;apr;Woning;Elektriciteit;Teruglevering;Mega (handelsnaam van Power Online);SMART GREEN FIXED;Vast;Tweevoudige meter nachttarief (c/kWh); 2,04;master_vast_2026.csv;
2026;apr;Woning;Elektriciteit;Teruglevering;Mega (handelsnaam van Power Online);SMART GREEN FIXED;Vast;Vaste vergoeding (); 0,00;master_vast_2026.csv;
2026;apr;Woning;Elektriciteit;Teruglevering;Mega (handelsnaam van Power Online);Speciale aanbieding Testaankoop Fixed 2025;Vast;Enkelvoudige meter dagtarief (c/kWh); 3,80;master_vast_2026.csv;
2026;apr;Woning;Elektriciteit;Teruglevering;Mega (handelsnaam van Power Online);Speciale aanbieding Testaankoop Fixed 2025;Vast;Tweevoudige meter dagtarief (c/kWh); 3,80;master_vast_2026.csv;
2026;apr;Woning;Elektriciteit;Teruglevering;Mega (handelsnaam van Power Online);Speciale aanbieding Testaankoop Fixed 2025;Vast;Tweevoudige meter nachttarief (c/kWh); 3,80;master_vast_2026.csv;
2026;apr;Woning;Elektriciteit;Teruglevering;Mega (handelsnaam van Power Online);Speciale aanbieding Testaankoop Fixed 2025;Vast;Vaste vergoeding (); 0,00;master_vast_2026.csv;
2026;apr;Woning;Elektriciteit;Teruglevering;Mega (handelsnaam van Power Online);Zen 3 Jaar Vast;Vast;Enkelvoudige meter dagtarief (c/kWh); 1,15;master_vast_2026.csv;
2026;apr;Woning;Elektriciteit;Teruglevering;Mega (handelsnaam van Power Online);Zen 3 Jaar Vast;Vast;Tweevoudige meter dagtarief (c/kWh); 1,15;master_vast_2026.csv;
2026;apr;Woning;Elektriciteit;Teruglevering;Mega (handelsnaam van Power Online);Zen 3 Jaar Vast;Vast;Tweevoudige meter nachttarief (c/kWh); 1,15;master_vast_2026.csv;
2026;apr;Woning;Elektriciteit;Teruglevering;Mega (handelsnaam van Power Online);Zen 3 Jaar Vast;Vast;Vaste vergoeding (); 0,00;master_vast_2026.csv;
2026;apr;Woning;Elektriciteit;Teruglevering;Trevion;Trevion Groene Energie Vast Teruglevering;Vast;Enkelvoudige meter dagtarief (c/kWh); 4,51;master_vast_2026.csv;
2026;apr;Woning;Elektriciteit;Teruglevering;Trevion;Trevion Groene Energie Vast Teruglevering;Vast;Tweevoudige meter dagtarief (c/kWh); 4,98;master_vast_2026.csv;
2026;apr;Woning;Elektriciteit;Teruglevering;Trevion;Trevion Groene Energie Vast Teruglevering;Vast;Tweevoudige meter nachttarief (c/kWh); 3,35;master_vast_2026.csv;
2026;apr;Woning;Elektriciteit;Teruglevering;Trevion;Trevion Groene Energie Vast Teruglevering;Vast;Vaste vergoeding (); 0,00;master_vast_2026.csv;
2026;apr;Woning;Elektriciteit;Teruglevering;Wase Wind;Vast-dynamisch;Vast;Enkelvoudige meter dagtarief (c/kWh); 2,00;master_vast_2026.csv;
2026;apr;Woning;Elektriciteit;Teruglevering;Wase Wind;Vast-dynamisch;Vast;Tweevoudige meter dagtarief (c/kWh); 2,00;master_vast_2026.csv;
2026;apr;Woning;Elektriciteit;Teruglevering;Wase Wind;Vast-dynamisch;Vast;Tweevoudige meter nachttarief (c/kWh); 2,00;master_vast_2026.csv;
2026;apr;Woning;Elektriciteit;Teruglevering;Wase Wind;Vast-dynamisch;Vast;Vaste vergoeding (); 0,00;master_vast_2026.csv;
2026;apr;Woning;Elektriciteit;Teruglevering;Wase Wind;Vast-variabel;Vast;Enkelvoudige meter dagtarief (c/kWh); 2,00;master_vast_2026.csv;
2026;apr;Woning;Elektriciteit;Teruglevering;Wase Wind;Vast-variabel;Vast;Tweevoudige meter dagtarief (c/kWh); 2,00;master_vast_2026.csv;
2026;apr;Woning;Elektriciteit;Teruglevering;Wase Wind;Vast-variabel;Vast;Tweevoudige meter nachttarief (c/kWh); 2,00;master_vast_2026.csv;
2026;apr;Woning;Elektriciteit;Teruglevering;Wase Wind;Vast-variabel;Vast;Vaste vergoeding (); 0,00;master_vast_2026.csv;
2026;apr;Woning;Gas;Afname;Bolt;Bolt Vast;Vast;Enkelvoudige meter dagtarief (c/kWh); 6,56;master_vast_2026.csv;
2026;apr;Woning;Gas;Afname;Bolt;Bolt Vast;Vast;Vaste vergoeding (); 124,42;master_vast_2026.csv;
2026;apr;Woning;Gas;Afname;Bolt;Plenty Vast;Vast;Enkelvoudige meter dagtarief (c/kWh); 6,56;master_vast_2026.csv;
2026;apr;Woning;Gas;Afname;Bolt;Plenty Vast;Vast;Vaste vergoeding (); 67,81;master_vast_2026.csv;
2026;apr;Woning;Gas;Afname;Elegant;Zeker & Vast;Vast;Enkelvoudige meter dagtarief (c/kWh); 6,80;master_vast_2026.csv;
2026;apr;Woning;Gas;Afname;Elegant;Zeker & Vast;Vast;Vaste vergoeding (); 113,21;master_vast_2026.csv;
2026;apr;Woning;Gas;Afname;Eneco Belgium;Eneco Aardgas Vast;Vast;Enkelvoudige meter dagtarief (c/kWh); 7,72;master_vast_2026.csv;
2026;apr;Woning;Gas;Afname;Eneco Belgium;Eneco Aardgas Vast;Vast;Vaste vergoeding (); 61,32;master_vast_2026.csv;
2026;apr;Woning;Gas;Afname;Energie.be;Gas vast online;Vast;Enkelvoudige meter dagtarief (c/kWh); 6,57;master_vast_2026.csv;
2026;apr;Woning;Gas;Afname;Energie.be;Gas vast online;Vast;Vaste vergoeding (); 33,02;master_vast_2026.csv;
2026;apr;Woning;Gas;Afname;EnergyVision;Goedkope stroom 1 jaar vast;Vast;Enkelvoudige meter dagtarief (c/kWh); 5,09;master_vast_2026.csv;
2026;apr;Woning;Gas;Afname;EnergyVision;Goedkope stroom 1 jaar vast;Vast;Vaste vergoeding (); 70,75;master_vast_2026.csv;
2026;apr;Woning;Gas;Afname;EnergyVision;Wikipower Groepsaankoop  vast;Vast;Enkelvoudige meter dagtarief (c/kWh); 5,20;master_vast_2026.csv;
2026;apr;Woning;Gas;Afname;EnergyVision;Wikipower Groepsaankoop  vast;Vast;Vaste vergoeding (); 0,00;master_vast_2026.csv;
2026;apr;Woning;Gas;Afname;ENGIE (handelsnaam van Electrabel) ;Easy ;Vast;Enkelvoudige meter dagtarief (c/kWh); 7,99;master_vast_2026.csv;
2026;apr;Woning;Gas;Afname;ENGIE (handelsnaam van Electrabel) ;Easy ;Vast;Vaste vergoeding (); 56,60;master_vast_2026.csv;
2026;apr;Woning;Gas;Afname;ENGIE (handelsnaam van Electrabel) ;Empower;Vast;Enkelvoudige meter dagtarief (c/kWh); 7,99;master_vast_2026.csv;
2026;apr;Woning;Gas;Afname;ENGIE (handelsnaam van Electrabel) ;Empower;Vast;Vaste vergoeding (); 56,60;master_vast_2026.csv;
2026;apr;Woning;Gas;Afname;Luminus;BasicFix Online;Vast;Enkelvoudige meter dagtarief (c/kWh); 7,34;master_vast_2026.csv;
2026;apr;Woning;Gas;Afname;Luminus;BasicFix Online;Vast;Vaste vergoeding (); 18,87;master_vast_2026.csv;
2026;apr;Woning;Gas;Afname;Luminus;Comfy;Vast;Enkelvoudige meter dagtarief (c/kWh); 7,88;master_vast_2026.csv;
2026;apr;Woning;Gas;Afname;Luminus;Comfy;Vast;Vaste vergoeding (); 47,17;master_vast_2026.csv;
2026;apr;Woning;Gas;Afname;Luminus;Comfy+;Vast;Enkelvoudige meter dagtarief (c/kWh); 8,28;master_vast_2026.csv;
2026;apr;Woning;Gas;Afname;Luminus;Comfy+;Vast;Vaste vergoeding (); 47,17;master_vast_2026.csv;
2026;apr;Woning;Gas;Afname;Luminus;MaxxFix;Vast;Enkelvoudige meter dagtarief (c/kWh); 7,41;master_vast_2026.csv;
2026;apr;Woning;Gas;Afname;Luminus;MaxxFix;Vast;Vaste vergoeding (); 47,17;master_vast_2026.csv;
2026;apr;Woning;Gas;Afname;Mega (handelsnaam van Power Online);COSY FIXED;Vast;Enkelvoudige meter dagtarief (c/kWh); 7,51;master_vast_2026.csv;
2026;apr;Woning;Gas;Afname;Mega (handelsnaam van Power Online);COSY FIXED;Vast;Vaste vergoeding (); 135,00;master_vast_2026.csv;
2026;apr;Woning;Gas;Afname;Mega (handelsnaam van Power Online);OFFPEAK FIXED;Vast;Enkelvoudige meter dagtarief (c/kWh); 7,01;master_vast_2026.csv;
2026;apr;Woning;Gas;Afname;Mega (handelsnaam van Power Online);OFFPEAK FIXED;Vast;Vaste vergoeding (); 70,00;master_vast_2026.csv;
2026;apr;Woning;Gas;Afname;Mega (handelsnaam van Power Online);ONLINE FIXED;Vast;Enkelvoudige meter dagtarief (c/kWh); 7,31;master_vast_2026.csv;
2026;apr;Woning;Gas;Afname;Mega (handelsnaam van Power Online);ONLINE FIXED;Vast;Vaste vergoeding (); 55,00;master_vast_2026.csv;
2026;apr;Woning;Gas;Afname;Mega (handelsnaam van Power Online);PREPAID FIXED;Vast;Enkelvoudige meter dagtarief (c/kWh); 6,71;master_vast_2026.csv;
2026;apr;Woning;Gas;Afname;Mega (handelsnaam van Power Online);PREPAID FIXED;Vast;Vaste vergoeding (); 45,00;master_vast_2026.csv;
2026;apr;Woning;Gas;Afname;Mega (handelsnaam van Power Online);SMART FIXED;Vast;Enkelvoudige meter dagtarief (c/kWh); 7,17;master_vast_2026.csv;
2026;apr;Woning;Gas;Afname;Mega (handelsnaam van Power Online);SMART FIXED;Vast;Vaste vergoeding (); 105,00;master_vast_2026.csv;
2026;apr;Woning;Gas;Afname;Mega (handelsnaam van Power Online);Speciale aanbieding Testaankoop Fixed 2025;Vast;Enkelvoudige meter dagtarief (c/kWh); 6,91;master_vast_2026.csv;
2026;apr;Woning;Gas;Afname;Mega (handelsnaam van Power Online);Speciale aanbieding Testaankoop Fixed 2025;Vast;Vaste vergoeding (); 40,00;master_vast_2026.csv;
2026;apr;Woning;Gas;Afname;OCTA+ ENERGIE;Eco Fixed;Vast;Enkelvoudige meter dagtarief (c/kWh); 8,13;master_vast_2026.csv;
2026;apr;Woning;Gas;Afname;OCTA+ ENERGIE;Eco Fixed;Vast;Vaste vergoeding (); 122,64;master_vast_2026.csv;
2026;apr;Woning;Gas;Afname;OCTA+ ENERGIE;Fixed;Vast;Enkelvoudige meter dagtarief (c/kWh); 7,06;master_vast_2026.csv;
2026;apr;Woning;Gas;Afname;OCTA+ ENERGIE;Fixed;Vast;Vaste vergoeding (); 61,32;master_vast_2026.csv;
2026;apr;Woning;Gas;Afname;TotalEnergies;myComfort Vast;Vast;Enkelvoudige meter dagtarief (c/kWh); 7,55;master_vast_2026.csv;
2026;apr;Woning;Gas;Afname;TotalEnergies;myComfort Vast;Vast;Vaste vergoeding (); 84,91;master_vast_2026.csv;
2026;apr;Woning;Gas;Afname;TotalEnergies;myEssential Vast;Vast;Enkelvoudige meter dagtarief (c/kWh); 7,45;master_vast_2026.csv;
2026;apr;Woning;Gas;Afname;TotalEnergies;myEssential Vast;Vast;Vaste vergoeding (); 33,02;master_vast_2026.csv;
2026;mei;Onderneming;Elektriciteit;Afname;Bolt;Bolt Vast;Vast;Enkelvoudige meter dagtarief (c/kWh); 14,60;master_vast_2026.csv;
2026;mei;Onderneming;Elektriciteit;Afname;Bolt;Bolt Vast;Vast;Kosten groene stroom (c/kWh); 1,10;master_vast_2026.csv;
2026;mei;Onderneming;Elektriciteit;Afname;Bolt;Bolt Vast;Vast;Kosten WKK (c/kWh); 0,36;master_vast_2026.csv;
2026;mei;Onderneming;Elektriciteit;Afname;Bolt;Bolt Vast;Vast;Tweevoudige meter dagtarief (c/kWh); 14,60;master_vast_2026.csv;
2026;mei;Onderneming;Elektriciteit;Afname;Bolt;Bolt Vast;Vast;Tweevoudige meter nachttarief (c/kWh); 14,60;master_vast_2026.csv;
2026;mei;Onderneming;Elektriciteit;Afname;Bolt;Bolt Vast;Vast;Uitsluitend nachtmeter (c/kWh); 14,60;master_vast_2026.csv;
2026;mei;Onderneming;Elektriciteit;Afname;Bolt;Bolt Vast;Vast;Vaste vergoeding (); 167,88;master_vast_2026.csv;
2026;mei;Onderneming;Elektriciteit;Afname;Bolt;Plenty Vast;Vast;Enkelvoudige meter dagtarief (c/kWh); 14,60;master_vast_2026.csv;
2026;mei;Onderneming;Elektriciteit;Afname;Bolt;Plenty Vast;Vast;Kosten groene stroom (c/kWh); 1,10;master_vast_2026.csv;
2026;mei;Onderneming;Elektriciteit;Afname;Bolt;Plenty Vast;Vast;Kosten WKK (c/kWh); 0,36;master_vast_2026.csv;
2026;mei;Onderneming;Elektriciteit;Afname;Bolt;Plenty Vast;Vast;Tweevoudige meter dagtarief (c/kWh); 14,60;master_vast_2026.csv;
2026;mei;Onderneming;Elektriciteit;Afname;Bolt;Plenty Vast;Vast;Tweevoudige meter nachttarief (c/kWh); 14,60;master_vast_2026.csv;
2026;mei;Onderneming;Elektriciteit;Afname;Bolt;Plenty Vast;Vast;Uitsluitend nachtmeter (c/kWh); 14,60;master_vast_2026.csv;
2026;mei;Onderneming;Elektriciteit;Afname;Bolt;Plenty Vast;Vast;Vaste vergoeding (); 119,88;master_vast_2026.csv;
2026;mei;Onderneming;Elektriciteit;Afname;Elegant;Zeker & Vast;Vast;Enkelvoudige meter dagtarief (c/kWh); 12,49;master_vast_2026.csv;
2026;mei;Onderneming;Elektriciteit;Afname;Elegant;Zeker & Vast;Vast;Kosten groene stroom (c/kWh); 1,10;master_vast_2026.csv;
2026;mei;Onderneming;Elektriciteit;Afname;Elegant;Zeker & Vast;Vast;Kosten WKK (c/kWh); 0,39;master_vast_2026.csv;
2026;mei;Onderneming;Elektriciteit;Afname;Elegant;Zeker & Vast;Vast;Tweevoudige meter dagtarief (c/kWh); 12,99;master_vast_2026.csv;
2026;mei;Onderneming;Elektriciteit;Afname;Elegant;Zeker & Vast;Vast;Tweevoudige meter nachttarief (c/kWh); 11,99;master_vast_2026.csv;
2026;mei;Onderneming;Elektriciteit;Afname;Elegant;Zeker & Vast;Vast;Uitsluitend nachtmeter (c/kWh); 11,99;master_vast_2026.csv;
2026;mei;Onderneming;Elektriciteit;Afname;Elegant;Zeker & Vast;Vast;Vaste vergoeding (); 99,17;master_vast_2026.csv;
2026;mei;Onderneming;Elektriciteit;Afname;Eneco Belgium;Eneco Zon & Wind Vast;Vast;Enkelvoudige meter dagtarief (c/kWh); 14,67;master_vast_2026.csv;
2026;mei;Onderneming;Elektriciteit;Afname;Eneco Belgium;Eneco Zon & Wind Vast;Vast;Kosten groene stroom (c/kWh); 1,10;master_vast_2026.csv;
2026;mei;Onderneming;Elektriciteit;Afname;Eneco Belgium;Eneco Zon & Wind Vast;Vast;Kosten WKK (c/kWh); 0,33;master_vast_2026.csv;
2026;mei;Onderneming;Elektriciteit;Afname;Eneco Belgium;Eneco Zon & Wind Vast;Vast;Tweevoudige meter dagtarief (c/kWh); 16,39;master_vast_2026.csv;
2026;mei;Onderneming;Elektriciteit;Afname;Eneco Belgium;Eneco Zon & Wind Vast;Vast;Tweevoudige meter nachttarief (c/kWh); 13,19;master_vast_2026.csv;
2026;mei;Onderneming;Elektriciteit;Afname;Eneco Belgium;Eneco Zon & Wind Vast;Vast;Uitsluitend nachtmeter (c/kWh); 13,19;master_vast_2026.csv;
2026;mei;Onderneming;Elektriciteit;Afname;Eneco Belgium;Eneco Zon & Wind Vast;Vast;Vaste vergoeding (); 95,00;master_vast_2026.csv;
2026;mei;Onderneming;Elektriciteit;Afname;Energie.be;Elektriciteit vast professioneel online;Vast;Enkelvoudige meter dagtarief (c/kWh); 15,60;master_vast_2026.csv;
2026;mei;Onderneming;Elektriciteit;Afname;Energie.be;Elektriciteit vast professioneel online;Vast;Kosten groene stroom (c/kWh); 1,10;master_vast_2026.csv;
2026;mei;Onderneming;Elektriciteit;Afname;Energie.be;Elektriciteit vast professioneel online;Vast;Kosten WKK (c/kWh); 0,36;master_vast_2026.csv;
2026;mei;Onderneming;Elektriciteit;Afname;Energie.be;Elektriciteit vast professioneel online;Vast;Tweevoudige meter dagtarief (c/kWh); 15,60;master_vast_2026.csv;
2026;mei;Onderneming;Elektriciteit;Afname;Energie.be;Elektriciteit vast professioneel online;Vast;Tweevoudige meter nachttarief (c/kWh); 15,60;master_vast_2026.csv;
2026;mei;Onderneming;Elektriciteit;Afname;Energie.be;Elektriciteit vast professioneel online;Vast;Uitsluitend nachtmeter (c/kWh); 15,60;master_vast_2026.csv;
2026;mei;Onderneming;Elektriciteit;Afname;Energie.be;Elektriciteit vast professioneel online;Vast;Vaste vergoeding (); 60,00;master_vast_2026.csv;
2026;mei;Onderneming;Elektriciteit;Afname;ENGIE (handelsnaam van Electrabel) ;Easy pro;Vast;Enkelvoudige meter dagtarief (c/kWh); 15,19;master_vast_2026.csv;
2026;mei;Onderneming;Elektriciteit;Afname;ENGIE (handelsnaam van Electrabel) ;Easy pro;Vast;Kosten groene stroom (c/kWh); 1,10;master_vast_2026.csv;
2026;mei;Onderneming;Elektriciteit;Afname;ENGIE (handelsnaam van Electrabel) ;Easy pro;Vast;Kosten WKK (c/kWh); 0,39;master_vast_2026.csv;
2026;mei;Onderneming;Elektriciteit;Afname;ENGIE (handelsnaam van Electrabel) ;Easy pro;Vast;Tweevoudige meter dagtarief (c/kWh); 16,46;master_vast_2026.csv;
2026;mei;Onderneming;Elektriciteit;Afname;ENGIE (handelsnaam van Electrabel) ;Easy pro;Vast;Tweevoudige meter nachttarief (c/kWh); 13,80;master_vast_2026.csv;
2026;mei;Onderneming;Elektriciteit;Afname;ENGIE (handelsnaam van Electrabel) ;Easy pro;Vast;Uitsluitend nachtmeter (c/kWh); 13,80;master_vast_2026.csv;
2026;mei;Onderneming;Elektriciteit;Afname;ENGIE (handelsnaam van Electrabel) ;Easy pro;Vast;Vaste vergoeding (); 65,00;master_vast_2026.csv;
2026;mei;Onderneming;Elektriciteit;Afname;ENGIE (handelsnaam van Electrabel) ;Empower Pro;Vast;Enkelvoudige meter dagtarief (c/kWh); 14,04;master_vast_2026.csv;
2026;mei;Onderneming;Elektriciteit;Afname;ENGIE (handelsnaam van Electrabel) ;Empower Pro;Vast;Kosten groene stroom (c/kWh); 1,10;master_vast_2026.csv;
2026;mei;Onderneming;Elektriciteit;Afname;ENGIE (handelsnaam van Electrabel) ;Empower Pro;Vast;Kosten WKK (c/kWh); 0,39;master_vast_2026.csv;
2026;mei;Onderneming;Elektriciteit;Afname;ENGIE (handelsnaam van Electrabel) ;Empower Pro;Vast;Tweevoudige meter dagtarief (c/kWh); 15,44;master_vast_2026.csv;
2026;mei;Onderneming;Elektriciteit;Afname;ENGIE (handelsnaam van Electrabel) ;Empower Pro;Vast;Tweevoudige meter nachttarief (c/kWh); 12,08;master_vast_2026.csv;
2026;mei;Onderneming;Elektriciteit;Afname;ENGIE (handelsnaam van Electrabel) ;Empower Pro;Vast;Uitsluitend nachtmeter (c/kWh); 13,80;master_vast_2026.csv;
2026;mei;Onderneming;Elektriciteit;Afname;ENGIE (handelsnaam van Electrabel) ;Empower Pro;Vast;Vaste vergoeding (); 95,00;master_vast_2026.csv;
2026;mei;Onderneming;Elektriciteit;Afname;Luminus;BasicFix Pro Online;Vast;Enkelvoudige meter dagtarief (c/kWh); 14,66;master_vast_2026.csv;
2026;mei;Onderneming;Elektriciteit;Afname;Luminus;BasicFix Pro Online;Vast;Kosten groene stroom (c/kWh); 1,10;master_vast_2026.csv;
2026;mei;Onderneming;Elektriciteit;Afname;Luminus;BasicFix Pro Online;Vast;Kosten WKK (c/kWh); 0,36;master_vast_2026.csv;
2026;mei;Onderneming;Elektriciteit;Afname;Luminus;BasicFix Pro Online;Vast;Tweevoudige meter dagtarief (c/kWh); 16,26;master_vast_2026.csv;
2026;mei;Onderneming;Elektriciteit;Afname;Luminus;BasicFix Pro Online;Vast;Tweevoudige meter nachttarief (c/kWh); 13,04;master_vast_2026.csv;
2026;mei;Onderneming;Elektriciteit;Afname;Luminus;BasicFix Pro Online;Vast;Uitsluitend nachtmeter (c/kWh); 13,04;master_vast_2026.csv;
2026;mei;Onderneming;Elektriciteit;Afname;Luminus;BasicFix Pro Online;Vast;Vaste vergoeding (); 25,00;master_vast_2026.csv;
2026;mei;Onderneming;Elektriciteit;Afname;Luminus;Comfy Pro;Vast;Enkelvoudige meter dagtarief (c/kWh); 15,79;master_vast_2026.csv;
2026;mei;Onderneming;Elektriciteit;Afname;Luminus;Comfy Pro;Vast;Kosten groene stroom (c/kWh); 1,10;master_vast_2026.csv;
2026;mei;Onderneming;Elektriciteit;Afname;Luminus;Comfy Pro;Vast;Kosten WKK (c/kWh); 0,36;master_vast_2026.csv;
2026;mei;Onderneming;Elektriciteit;Afname;Luminus;Comfy Pro;Vast;Tweevoudige meter dagtarief (c/kWh); 17,32;master_vast_2026.csv;
2026;mei;Onderneming;Elektriciteit;Afname;Luminus;Comfy Pro;Vast;Tweevoudige meter nachttarief (c/kWh); 14,19;master_vast_2026.csv;
2026;mei;Onderneming;Elektriciteit;Afname;Luminus;Comfy Pro;Vast;Uitsluitend nachtmeter (c/kWh); 14,19;master_vast_2026.csv;
2026;mei;Onderneming;Elektriciteit;Afname;Luminus;Comfy Pro;Vast;Vaste vergoeding (); 65,00;master_vast_2026.csv;
2026;mei;Onderneming;Elektriciteit;Afname;Luminus;Comfy Pro+;Vast;Enkelvoudige meter dagtarief (c/kWh); 17,40;master_vast_2026.csv;
2026;mei;Onderneming;Elektriciteit;Afname;Luminus;Comfy Pro+;Vast;Kosten groene stroom (c/kWh); 1,10;master_vast_2026.csv;
2026;mei;Onderneming;Elektriciteit;Afname;Luminus;Comfy Pro+;Vast;Kosten WKK (c/kWh); 0,36;master_vast_2026.csv;
2026;mei;Onderneming;Elektriciteit;Afname;Luminus;Comfy Pro+;Vast;Tweevoudige meter dagtarief (c/kWh); 19,07;master_vast_2026.csv;
2026;mei;Onderneming;Elektriciteit;Afname;Luminus;Comfy Pro+;Vast;Tweevoudige meter nachttarief (c/kWh); 15,64;master_vast_2026.csv;
2026;mei;Onderneming;Elektriciteit;Afname;Luminus;Comfy Pro+;Vast;Uitsluitend nachtmeter (c/kWh); 15,64;master_vast_2026.csv;
2026;mei;Onderneming;Elektriciteit;Afname;Luminus;Comfy Pro+;Vast;Vaste vergoeding (); 65,00;master_vast_2026.csv;
2026;mei;Onderneming;Elektriciteit;Afname;Luminus;MaxxFix Pro;Vast;Enkelvoudige meter dagtarief (c/kWh); 14,94;master_vast_2026.csv;
2026;mei;Onderneming;Elektriciteit;Afname;Luminus;MaxxFix Pro;Vast;Kosten groene stroom (c/kWh); 1,10;master_vast_2026.csv;
2026;mei;Onderneming;Elektriciteit;Afname;Luminus;MaxxFix Pro;Vast;Kosten WKK (c/kWh); 0,36;master_vast_2026.csv;
2026;mei;Onderneming;Elektriciteit;Afname;Luminus;MaxxFix Pro;Vast;Tweevoudige meter dagtarief (c/kWh); 16,47;master_vast_2026.csv;
2026;mei;Onderneming;Elektriciteit;Afname;Luminus;MaxxFix Pro;Vast;Tweevoudige meter nachttarief (c/kWh); 13,32;master_vast_2026.csv;
2026;mei;Onderneming;Elektriciteit;Afname;Luminus;MaxxFix Pro;Vast;Uitsluitend nachtmeter (c/kWh); 13,32;master_vast_2026.csv;
2026;mei;Onderneming;Elektriciteit;Afname;Luminus;MaxxFix Pro;Vast;Vaste vergoeding (); 65,00;master_vast_2026.csv;
2026;mei;Onderneming;Elektriciteit;Afname;Mega (handelsnaam van Power Online);COSY GREEN FIXED;Vast;Enkelvoudige meter dagtarief (c/kWh); 15,43;master_vast_2026.csv;
2026;mei;Onderneming;Elektriciteit;Afname;Mega (handelsnaam van Power Online);COSY GREEN FIXED;Vast;Kosten groene stroom (c/kWh); 1,12;master_vast_2026.csv;
2026;mei;Onderneming;Elektriciteit;Afname;Mega (handelsnaam van Power Online);COSY GREEN FIXED;Vast;Kosten WKK (c/kWh); 0,35;master_vast_2026.csv;
2026;mei;Onderneming;Elektriciteit;Afname;Mega (handelsnaam van Power Online);COSY GREEN FIXED;Vast;Tweevoudige meter dagtarief (c/kWh); 16,59;master_vast_2026.csv;
2026;mei;Onderneming;Elektriciteit;Afname;Mega (handelsnaam van Power Online);COSY GREEN FIXED;Vast;Tweevoudige meter nachttarief (c/kWh); 14,47;master_vast_2026.csv;
2026;mei;Onderneming;Elektriciteit;Afname;Mega (handelsnaam van Power Online);COSY GREEN FIXED;Vast;Uitsluitend nachtmeter (c/kWh); 14,47;master_vast_2026.csv;
2026;mei;Onderneming;Elektriciteit;Afname;Mega (handelsnaam van Power Online);COSY GREEN FIXED;Vast;Vaste vergoeding (); 135,00;master_vast_2026.csv;
2026;mei;Onderneming;Elektriciteit;Afname;Mega (handelsnaam van Power Online);OFFPEAK GREEN FIXED;Vast;Enkelvoudige meter dagtarief (c/kWh); 14,18;master_vast_2026.csv;
2026;mei;Onderneming;Elektriciteit;Afname;Mega (handelsnaam van Power Online);OFFPEAK GREEN FIXED;Vast;Kosten groene stroom (c/kWh); 1,12;master_vast_2026.csv;
2026;mei;Onderneming;Elektriciteit;Afname;Mega (handelsnaam van Power Online);OFFPEAK GREEN FIXED;Vast;Kosten WKK (c/kWh); 0,35;master_vast_2026.csv;
2026;mei;Onderneming;Elektriciteit;Afname;Mega (handelsnaam van Power Online);OFFPEAK GREEN FIXED;Vast;Tweevoudige meter dagtarief (c/kWh); 16,34;master_vast_2026.csv;
2026;mei;Onderneming;Elektriciteit;Afname;Mega (handelsnaam van Power Online);OFFPEAK GREEN FIXED;Vast;Tweevoudige meter nachttarief (c/kWh); 12,22;master_vast_2026.csv;
2026;mei;Onderneming;Elektriciteit;Afname;Mega (handelsnaam van Power Online);OFFPEAK GREEN FIXED;Vast;Uitsluitend nachtmeter (c/kWh); 12,22;master_vast_2026.csv;
2026;mei;Onderneming;Elektriciteit;Afname;Mega (handelsnaam van Power Online);OFFPEAK GREEN FIXED;Vast;Vaste vergoeding (); 70,00;master_vast_2026.csv;
2026;mei;Onderneming;Elektriciteit;Afname;Mega (handelsnaam van Power Online);ONLINE FIXED;Vast;Enkelvoudige meter dagtarief (c/kWh); 14,98;master_vast_2026.csv;
2026;mei;Onderneming;Elektriciteit;Afname;Mega (handelsnaam van Power Online);ONLINE FIXED;Vast;Kosten groene stroom (c/kWh); 1,12;master_vast_2026.csv;
2026;mei;Onderneming;Elektriciteit;Afname;Mega (handelsnaam van Power Online);ONLINE FIXED;Vast;Kosten WKK (c/kWh); 0,35;master_vast_2026.csv;
2026;mei;Onderneming;Elektriciteit;Afname;Mega (handelsnaam van Power Online);ONLINE FIXED;Vast;Tweevoudige meter dagtarief (c/kWh); 16,14;master_vast_2026.csv;
2026;mei;Onderneming;Elektriciteit;Afname;Mega (handelsnaam van Power Online);ONLINE FIXED;Vast;Tweevoudige meter nachttarief (c/kWh); 14,02;master_vast_2026.csv;
2026;mei;Onderneming;Elektriciteit;Afname;Mega (handelsnaam van Power Online);ONLINE FIXED;Vast;Uitsluitend nachtmeter (c/kWh); 14,02;master_vast_2026.csv;
2026;mei;Onderneming;Elektriciteit;Afname;Mega (handelsnaam van Power Online);ONLINE FIXED;Vast;Vaste vergoeding (); 55,00;master_vast_2026.csv;
2026;mei;Onderneming;Elektriciteit;Afname;Mega (handelsnaam van Power Online);PREPAID FIXED;Vast;Enkelvoudige meter dagtarief (c/kWh); 13,08;master_vast_2026.csv;
2026;mei;Onderneming;Elektriciteit;Afname;Mega (handelsnaam van Power Online);PREPAID FIXED;Vast;Kosten groene stroom (c/kWh); 1,12;master_vast_2026.csv;
2026;mei;Onderneming;Elektriciteit;Afname;Mega (handelsnaam van Power Online);PREPAID FIXED;Vast;Kosten WKK (c/kWh); 0,35;master_vast_2026.csv;
2026;mei;Onderneming;Elektriciteit;Afname;Mega (handelsnaam van Power Online);PREPAID FIXED;Vast;Tweevoudige meter dagtarief (c/kWh); 14,24;master_vast_2026.csv;
2026;mei;Onderneming;Elektriciteit;Afname;Mega (handelsnaam van Power Online);PREPAID FIXED;Vast;Tweevoudige meter nachttarief (c/kWh); 12,12;master_vast_2026.csv;
2026;mei;Onderneming;Elektriciteit;Afname;Mega (handelsnaam van Power Online);PREPAID FIXED;Vast;Uitsluitend nachtmeter (c/kWh); 12,12;master_vast_2026.csv;
2026;mei;Onderneming;Elektriciteit;Afname;Mega (handelsnaam van Power Online);PREPAID FIXED;Vast;Vaste vergoeding (); 45,00;master_vast_2026.csv;
2026;mei;Onderneming;Elektriciteit;Afname;Mega (handelsnaam van Power Online);SMART GREEN FIXED;Vast;Enkelvoudige meter dagtarief (c/kWh); 15,19;master_vast_2026.csv;
2026;mei;Onderneming;Elektriciteit;Afname;Mega (handelsnaam van Power Online);SMART GREEN FIXED;Vast;Kosten groene stroom (c/kWh); 1,12;master_vast_2026.csv;
2026;mei;Onderneming;Elektriciteit;Afname;Mega (handelsnaam van Power Online);SMART GREEN FIXED;Vast;Kosten WKK (c/kWh); 0,35;master_vast_2026.csv;
2026;mei;Onderneming;Elektriciteit;Afname;Mega (handelsnaam van Power Online);SMART GREEN FIXED;Vast;Tweevoudige meter dagtarief (c/kWh); 16,28;master_vast_2026.csv;
2026;mei;Onderneming;Elektriciteit;Afname;Mega (handelsnaam van Power Online);SMART GREEN FIXED;Vast;Tweevoudige meter nachttarief (c/kWh); 14,28;master_vast_2026.csv;
2026;mei;Onderneming;Elektriciteit;Afname;Mega (handelsnaam van Power Online);SMART GREEN FIXED;Vast;Uitsluitend nachtmeter (c/kWh); 14,28;master_vast_2026.csv;
2026;mei;Onderneming;Elektriciteit;Afname;Mega (handelsnaam van Power Online);SMART GREEN FIXED;Vast;Vaste vergoeding (); 105,00;master_vast_2026.csv;
2026;mei;Onderneming;Elektriciteit;Afname;Mega (handelsnaam van Power Online);Speciale aanbieding Testaankoop Fixed 2025;Vast;Enkelvoudige meter dagtarief (c/kWh); 13,98;master_vast_2026.csv;
2026;mei;Onderneming;Elektriciteit;Afname;Mega (handelsnaam van Power Online);Speciale aanbieding Testaankoop Fixed 2025;Vast;Kosten groene stroom (c/kWh); 1,12;master_vast_2026.csv;
2026;mei;Onderneming;Elektriciteit;Afname;Mega (handelsnaam van Power Online);Speciale aanbieding Testaankoop Fixed 2025;Vast;Kosten WKK (c/kWh); 0,35;master_vast_2026.csv;
2026;mei;Onderneming;Elektriciteit;Afname;Mega (handelsnaam van Power Online);Speciale aanbieding Testaankoop Fixed 2025;Vast;Tweevoudige meter dagtarief (c/kWh); 15,14;master_vast_2026.csv;
2026;mei;Onderneming;Elektriciteit;Afname;Mega (handelsnaam van Power Online);Speciale aanbieding Testaankoop Fixed 2025;Vast;Tweevoudige meter nachttarief (c/kWh); 13,02;master_vast_2026.csv;
2026;mei;Onderneming;Elektriciteit;Afname;Mega (handelsnaam van Power Online);Speciale aanbieding Testaankoop Fixed 2025;Vast;Uitsluitend nachtmeter (c/kWh); 13,02;master_vast_2026.csv;
2026;mei;Onderneming;Elektriciteit;Afname;Mega (handelsnaam van Power Online);Speciale aanbieding Testaankoop Fixed 2025;Vast;Vaste vergoeding (); 40,00;master_vast_2026.csv;
2026;mei;Onderneming;Elektriciteit;Afname;Mega (handelsnaam van Power Online);Zen 3 Jaar Vast;Vast;Enkelvoudige meter dagtarief (c/kWh); 14,59;master_vast_2026.csv;
2026;mei;Onderneming;Elektriciteit;Afname;Mega (handelsnaam van Power Online);Zen 3 Jaar Vast;Vast;Kosten groene stroom (c/kWh); 1,12;master_vast_2026.csv;
2026;mei;Onderneming;Elektriciteit;Afname;Mega (handelsnaam van Power Online);Zen 3 Jaar Vast;Vast;Kosten WKK (c/kWh); 0,35;master_vast_2026.csv;
2026;mei;Onderneming;Elektriciteit;Afname;Mega (handelsnaam van Power Online);Zen 3 Jaar Vast;Vast;Tweevoudige meter dagtarief (c/kWh); 15,68;master_vast_2026.csv;
2026;mei;Onderneming;Elektriciteit;Afname;Mega (handelsnaam van Power Online);Zen 3 Jaar Vast;Vast;Tweevoudige meter nachttarief (c/kWh); 13,68;master_vast_2026.csv;
2026;mei;Onderneming;Elektriciteit;Afname;Mega (handelsnaam van Power Online);Zen 3 Jaar Vast;Vast;Uitsluitend nachtmeter (c/kWh); 13,68;master_vast_2026.csv;
2026;mei;Onderneming;Elektriciteit;Afname;Mega (handelsnaam van Power Online);Zen 3 Jaar Vast;Vast;Vaste vergoeding (); 65,00;master_vast_2026.csv;
2026;mei;Onderneming;Elektriciteit;Afname;TotalEnergies;proComfort Vast;Vast;Enkelvoudige meter dagtarief (c/kWh); 14,69;master_vast_2026.csv;
2026;mei;Onderneming;Elektriciteit;Afname;TotalEnergies;proComfort Vast;Vast;Kosten groene stroom (c/kWh); 1,08;master_vast_2026.csv;
2026;mei;Onderneming;Elektriciteit;Afname;TotalEnergies;proComfort Vast;Vast;Kosten WKK (c/kWh); 0,32;master_vast_2026.csv;
2026;mei;Onderneming;Elektriciteit;Afname;TotalEnergies;proComfort Vast;Vast;Tweevoudige meter dagtarief (c/kWh); 15,76;master_vast_2026.csv;
2026;mei;Onderneming;Elektriciteit;Afname;TotalEnergies;proComfort Vast;Vast;Tweevoudige meter nachttarief (c/kWh); 13,73;master_vast_2026.csv;
2026;mei;Onderneming;Elektriciteit;Afname;TotalEnergies;proComfort Vast;Vast;Uitsluitend nachtmeter (c/kWh); 13,76;master_vast_2026.csv;
2026;mei;Onderneming;Elektriciteit;Afname;TotalEnergies;proComfort Vast;Vast;Vaste vergoeding (); 90,00;master_vast_2026.csv;
2026;mei;Onderneming;Elektriciteit;Afname;Trevion;Trevion Groene Energie Vast;Vast;Enkelvoudige meter dagtarief (c/kWh); 13,91;master_vast_2026.csv;
2026;mei;Onderneming;Elektriciteit;Afname;Trevion;Trevion Groene Energie Vast;Vast;Kosten groene stroom (c/kWh); 1,10;master_vast_2026.csv;
2026;mei;Onderneming;Elektriciteit;Afname;Trevion;Trevion Groene Energie Vast;Vast;Kosten WKK (c/kWh); 0,42;master_vast_2026.csv;
2026;mei;Onderneming;Elektriciteit;Afname;Trevion;Trevion Groene Energie Vast;Vast;Tweevoudige meter dagtarief (c/kWh); 15,28;master_vast_2026.csv;
2026;mei;Onderneming;Elektriciteit;Afname;Trevion;Trevion Groene Energie Vast;Vast;Tweevoudige meter nachttarief (c/kWh); 12,75;master_vast_2026.csv;
2026;mei;Onderneming;Elektriciteit;Afname;Trevion;Trevion Groene Energie Vast;Vast;Uitsluitend nachtmeter (c/kWh); 12,75;master_vast_2026.csv;
2026;mei;Onderneming;Elektriciteit;Afname;Trevion;Trevion Groene Energie Vast;Vast;Vaste vergoeding (); 49,00;master_vast_2026.csv;
2026;mei;Onderneming;Elektriciteit;Teruglevering;Ecopower;Ecopower terugleververgoeding;Vast;Enkelvoudige meter dagtarief (c/kWh); 2,00;master_vast_2026.csv;
2026;mei;Onderneming;Elektriciteit;Teruglevering;Ecopower;Ecopower terugleververgoeding;Vast;Tweevoudige meter dagtarief (c/kWh); 2,00;master_vast_2026.csv;
2026;mei;Onderneming;Elektriciteit;Teruglevering;Ecopower;Ecopower terugleververgoeding;Vast;Tweevoudige meter nachttarief (c/kWh); 2,00;master_vast_2026.csv;
2026;mei;Onderneming;Elektriciteit;Teruglevering;Ecopower;Ecopower terugleververgoeding;Vast;Vaste vergoeding (); 0,00;master_vast_2026.csv;
2026;mei;Onderneming;Elektriciteit;Teruglevering;ENGIE (handelsnaam van Electrabel) ;Easy pro;Vast;Enkelvoudige meter dagtarief (c/kWh); 2,68;master_vast_2026.csv;
2026;mei;Onderneming;Elektriciteit;Teruglevering;ENGIE (handelsnaam van Electrabel) ;Easy pro;Vast;Tweevoudige meter dagtarief (c/kWh); 2,68;master_vast_2026.csv;
2026;mei;Onderneming;Elektriciteit;Teruglevering;ENGIE (handelsnaam van Electrabel) ;Easy pro;Vast;Tweevoudige meter nachttarief (c/kWh); 2,68;master_vast_2026.csv;
2026;mei;Onderneming;Elektriciteit;Teruglevering;ENGIE (handelsnaam van Electrabel) ;Easy pro;Vast;Vaste vergoeding (); 0,00;master_vast_2026.csv;
2026;mei;Onderneming;Elektriciteit;Teruglevering;ENGIE (handelsnaam van Electrabel) ;Empower Pro;Vast;Enkelvoudige meter dagtarief (c/kWh); 2,68;master_vast_2026.csv;
2026;mei;Onderneming;Elektriciteit;Teruglevering;ENGIE (handelsnaam van Electrabel) ;Empower Pro;Vast;Tweevoudige meter dagtarief (c/kWh); 2,68;master_vast_2026.csv;
2026;mei;Onderneming;Elektriciteit;Teruglevering;ENGIE (handelsnaam van Electrabel) ;Empower Pro;Vast;Tweevoudige meter nachttarief (c/kWh); 2,68;master_vast_2026.csv;
2026;mei;Onderneming;Elektriciteit;Teruglevering;ENGIE (handelsnaam van Electrabel) ;Empower Pro;Vast;Vaste vergoeding (); 0,00;master_vast_2026.csv;
2026;mei;Onderneming;Elektriciteit;Teruglevering;Mega (handelsnaam van Power Online);COSY GREEN FIXED;Vast;Enkelvoudige meter dagtarief (c/kWh); 2,20;master_vast_2026.csv;
2026;mei;Onderneming;Elektriciteit;Teruglevering;Mega (handelsnaam van Power Online);COSY GREEN FIXED;Vast;Tweevoudige meter dagtarief (c/kWh); 2,20;master_vast_2026.csv;
2026;mei;Onderneming;Elektriciteit;Teruglevering;Mega (handelsnaam van Power Online);COSY GREEN FIXED;Vast;Tweevoudige meter nachttarief (c/kWh); 2,20;master_vast_2026.csv;
2026;mei;Onderneming;Elektriciteit;Teruglevering;Mega (handelsnaam van Power Online);COSY GREEN FIXED;Vast;Vaste vergoeding (); 0,00;master_vast_2026.csv;
2026;mei;Onderneming;Elektriciteit;Teruglevering;Mega (handelsnaam van Power Online);OFFPEAK GREEN FIXED;Vast;Enkelvoudige meter dagtarief (c/kWh); 2,20;master_vast_2026.csv;
2026;mei;Onderneming;Elektriciteit;Teruglevering;Mega (handelsnaam van Power Online);OFFPEAK GREEN FIXED;Vast;Tweevoudige meter dagtarief (c/kWh); 2,20;master_vast_2026.csv;
2026;mei;Onderneming;Elektriciteit;Teruglevering;Mega (handelsnaam van Power Online);OFFPEAK GREEN FIXED;Vast;Tweevoudige meter nachttarief (c/kWh); 2,20;master_vast_2026.csv;
2026;mei;Onderneming;Elektriciteit;Teruglevering;Mega (handelsnaam van Power Online);OFFPEAK GREEN FIXED;Vast;Vaste vergoeding (); 0,00;master_vast_2026.csv;
2026;mei;Onderneming;Elektriciteit;Teruglevering;Mega (handelsnaam van Power Online);ONLINE FIXED;Vast;Enkelvoudige meter dagtarief (c/kWh); 2,20;master_vast_2026.csv;
2026;mei;Onderneming;Elektriciteit;Teruglevering;Mega (handelsnaam van Power Online);ONLINE FIXED;Vast;Tweevoudige meter dagtarief (c/kWh); 2,20;master_vast_2026.csv;
2026;mei;Onderneming;Elektriciteit;Teruglevering;Mega (handelsnaam van Power Online);ONLINE FIXED;Vast;Tweevoudige meter nachttarief (c/kWh); 2,20;master_vast_2026.csv;
2026;mei;Onderneming;Elektriciteit;Teruglevering;Mega (handelsnaam van Power Online);ONLINE FIXED;Vast;Vaste vergoeding (); 0,00;master_vast_2026.csv;
2026;mei;Onderneming;Elektriciteit;Teruglevering;Mega (handelsnaam van Power Online);PREPAID FIXED;Vast;Enkelvoudige meter dagtarief (c/kWh); 3,10;master_vast_2026.csv;
2026;mei;Onderneming;Elektriciteit;Teruglevering;Mega (handelsnaam van Power Online);PREPAID FIXED;Vast;Tweevoudige meter dagtarief (c/kWh); 3,10;master_vast_2026.csv;
2026;mei;Onderneming;Elektriciteit;Teruglevering;Mega (handelsnaam van Power Online);PREPAID FIXED;Vast;Tweevoudige meter nachttarief (c/kWh); 3,10;master_vast_2026.csv;
2026;mei;Onderneming;Elektriciteit;Teruglevering;Mega (handelsnaam van Power Online);PREPAID FIXED;Vast;Vaste vergoeding (); 0,00;master_vast_2026.csv;
2026;mei;Onderneming;Elektriciteit;Teruglevering;Mega (handelsnaam van Power Online);SMART GREEN FIXED;Vast;Enkelvoudige meter dagtarief (c/kWh); 1,51;master_vast_2026.csv;
2026;mei;Onderneming;Elektriciteit;Teruglevering;Mega (handelsnaam van Power Online);SMART GREEN FIXED;Vast;Tweevoudige meter dagtarief (c/kWh); 1,51;master_vast_2026.csv;
2026;mei;Onderneming;Elektriciteit;Teruglevering;Mega (handelsnaam van Power Online);SMART GREEN FIXED;Vast;Tweevoudige meter nachttarief (c/kWh); 1,51;master_vast_2026.csv;
2026;mei;Onderneming;Elektriciteit;Teruglevering;Mega (handelsnaam van Power Online);SMART GREEN FIXED;Vast;Vaste vergoeding (); 0,00;master_vast_2026.csv;
2026;mei;Onderneming;Elektriciteit;Teruglevering;Mega (handelsnaam van Power Online);Speciale aanbieding Testaankoop Fixed 2025;Vast;Enkelvoudige meter dagtarief (c/kWh); 3,10;master_vast_2026.csv;
2026;mei;Onderneming;Elektriciteit;Teruglevering;Mega (handelsnaam van Power Online);Speciale aanbieding Testaankoop Fixed 2025;Vast;Tweevoudige meter dagtarief (c/kWh); 3,10;master_vast_2026.csv;
2026;mei;Onderneming;Elektriciteit;Teruglevering;Mega (handelsnaam van Power Online);Speciale aanbieding Testaankoop Fixed 2025;Vast;Tweevoudige meter nachttarief (c/kWh); 3,10;master_vast_2026.csv;
2026;mei;Onderneming;Elektriciteit;Teruglevering;Mega (handelsnaam van Power Online);Speciale aanbieding Testaankoop Fixed 2025;Vast;Vaste vergoeding (); 0,00;master_vast_2026.csv;
2026;mei;Onderneming;Elektriciteit;Teruglevering;Mega (handelsnaam van Power Online);Zen 3 Jaar Vast;Vast;Enkelvoudige meter dagtarief (c/kWh); 0,94;master_vast_2026.csv;
2026;mei;Onderneming;Elektriciteit;Teruglevering;Mega (handelsnaam van Power Online);Zen 3 Jaar Vast;Vast;Tweevoudige meter dagtarief (c/kWh); 0,94;master_vast_2026.csv;
2026;mei;Onderneming;Elektriciteit;Teruglevering;Mega (handelsnaam van Power Online);Zen 3 Jaar Vast;Vast;Tweevoudige meter nachttarief (c/kWh); 0,94;master_vast_2026.csv;
2026;mei;Onderneming;Elektriciteit;Teruglevering;Mega (handelsnaam van Power Online);Zen 3 Jaar Vast;Vast;Vaste vergoeding (); 0,00;master_vast_2026.csv;
2026;mei;Onderneming;Elektriciteit;Teruglevering;Trevion;Trevion Groene Energie Vast Teruglevering;Vast;Enkelvoudige meter dagtarief (c/kWh); 3,86;master_vast_2026.csv;
2026;mei;Onderneming;Elektriciteit;Teruglevering;Trevion;Trevion Groene Energie Vast Teruglevering;Vast;Tweevoudige meter dagtarief (c/kWh); 4,27;master_vast_2026.csv;
2026;mei;Onderneming;Elektriciteit;Teruglevering;Trevion;Trevion Groene Energie Vast Teruglevering;Vast;Tweevoudige meter nachttarief (c/kWh); 2,84;master_vast_2026.csv;
2026;mei;Onderneming;Elektriciteit;Teruglevering;Trevion;Trevion Groene Energie Vast Teruglevering;Vast;Vaste vergoeding (); 0,00;master_vast_2026.csv;
2026;mei;Onderneming;Elektriciteit;Teruglevering;Wase Wind;Vast-dynamisch;Vast;Enkelvoudige meter dagtarief (c/kWh); 2,00;master_vast_2026.csv;
2026;mei;Onderneming;Elektriciteit;Teruglevering;Wase Wind;Vast-dynamisch;Vast;Tweevoudige meter dagtarief (c/kWh); 2,00;master_vast_2026.csv;
2026;mei;Onderneming;Elektriciteit;Teruglevering;Wase Wind;Vast-dynamisch;Vast;Tweevoudige meter nachttarief (c/kWh); 2,00;master_vast_2026.csv;
2026;mei;Onderneming;Elektriciteit;Teruglevering;Wase Wind;Vast-dynamisch;Vast;Vaste vergoeding (); 0,00;master_vast_2026.csv;
2026;mei;Onderneming;Elektriciteit;Teruglevering;Wase Wind;Vast-variabel;Vast;Enkelvoudige meter dagtarief (c/kWh); 2,00;master_vast_2026.csv;
2026;mei;Onderneming;Elektriciteit;Teruglevering;Wase Wind;Vast-variabel;Vast;Tweevoudige meter dagtarief (c/kWh); 2,00;master_vast_2026.csv;
2026;mei;Onderneming;Elektriciteit;Teruglevering;Wase Wind;Vast-variabel;Vast;Tweevoudige meter nachttarief (c/kWh); 2,00;master_vast_2026.csv;
2026;mei;Onderneming;Elektriciteit;Teruglevering;Wase Wind;Vast-variabel;Vast;Vaste vergoeding (); 0,00;master_vast_2026.csv;
2026;mei;Onderneming;Gas;Afname;Bolt;Bolt Vast;Vast;Enkelvoudige meter dagtarief (c/kWh); 5,65;master_vast_2026.csv;
2026;mei;Onderneming;Gas;Afname;Bolt;Bolt Vast;Vast;Vaste vergoeding (); 167,88;master_vast_2026.csv;
2026;mei;Onderneming;Gas;Afname;Bolt;Plenty Vast;Vast;Enkelvoudige meter dagtarief (c/kWh); 5,65;master_vast_2026.csv;
2026;mei;Onderneming;Gas;Afname;Bolt;Plenty Vast;Vast;Vaste vergoeding (); 119,88;master_vast_2026.csv;
2026;mei;Onderneming;Gas;Afname;Elegant;Zeker & Vast;Vast;Enkelvoudige meter dagtarief (c/kWh); 5,62;master_vast_2026.csv;
2026;mei;Onderneming;Gas;Afname;Elegant;Zeker & Vast;Vast;Vaste vergoeding (); 99,17;master_vast_2026.csv;
2026;mei;Onderneming;Gas;Afname;Eneco Belgium;Eneco Aardgas Vast;Vast;Enkelvoudige meter dagtarief (c/kWh); 6,09;master_vast_2026.csv;
2026;mei;Onderneming;Gas;Afname;Eneco Belgium;Eneco Aardgas Vast;Vast;Vaste vergoeding (); 95,00;master_vast_2026.csv;
2026;mei;Onderneming;Gas;Afname;Energie.be;Gas vast professioneel online;Vast;Enkelvoudige meter dagtarief (c/kWh); 6,05;master_vast_2026.csv;
2026;mei;Onderneming;Gas;Afname;Energie.be;Gas vast professioneel online;Vast;Vaste vergoeding (); 60,00;master_vast_2026.csv;
2026;mei;Onderneming;Gas;Afname;ENGIE (handelsnaam van Electrabel) ;Easy pro;Vast;Enkelvoudige meter dagtarief (c/kWh); 6,36;master_vast_2026.csv;
2026;mei;Onderneming;Gas;Afname;ENGIE (handelsnaam van Electrabel) ;Easy pro;Vast;Vaste vergoeding (); 60,00;master_vast_2026.csv;
2026;mei;Onderneming;Gas;Afname;ENGIE (handelsnaam van Electrabel) ;Empower Pro;Vast;Enkelvoudige meter dagtarief (c/kWh); 6,36;master_vast_2026.csv;
2026;mei;Onderneming;Gas;Afname;ENGIE (handelsnaam van Electrabel) ;Empower Pro;Vast;Vaste vergoeding (); 60,00;master_vast_2026.csv;
2026;mei;Onderneming;Gas;Afname;Luminus;BasicFix Pro Online;Vast;Enkelvoudige meter dagtarief (c/kWh); 5,90;master_vast_2026.csv;
2026;mei;Onderneming;Gas;Afname;Luminus;BasicFix Pro Online;Vast;Vaste vergoeding (); 20,00;master_vast_2026.csv;
2026;mei;Onderneming;Gas;Afname;Luminus;Comfy Pro;Vast;Enkelvoudige meter dagtarief (c/kWh); 6,54;master_vast_2026.csv;
2026;mei;Onderneming;Gas;Afname;Luminus;Comfy Pro;Vast;Vaste vergoeding (); 50,00;master_vast_2026.csv;
2026;mei;Onderneming;Gas;Afname;Luminus;Comfy Pro+;Vast;Enkelvoudige meter dagtarief (c/kWh); 6,91;master_vast_2026.csv;
2026;mei;Onderneming;Gas;Afname;Luminus;Comfy Pro+;Vast;Vaste vergoeding (); 50,00;master_vast_2026.csv;
2026;mei;Onderneming;Gas;Afname;Luminus;MaxxFix Pro;Vast;Enkelvoudige meter dagtarief (c/kWh); 6,31;master_vast_2026.csv;
2026;mei;Onderneming;Gas;Afname;Luminus;MaxxFix Pro;Vast;Vaste vergoeding (); 50,00;master_vast_2026.csv;
2026;mei;Onderneming;Gas;Afname;Mega (handelsnaam van Power Online);COSY FIXED;Vast;Enkelvoudige meter dagtarief (c/kWh); 5,94;master_vast_2026.csv;
2026;mei;Onderneming;Gas;Afname;Mega (handelsnaam van Power Online);COSY FIXED;Vast;Vaste vergoeding (); 135,00;master_vast_2026.csv;
2026;mei;Onderneming;Gas;Afname;Mega (handelsnaam van Power Online);OFFPEAK FIXED;Vast;Enkelvoudige meter dagtarief (c/kWh); 5,44;master_vast_2026.csv;
2026;mei;Onderneming;Gas;Afname;Mega (handelsnaam van Power Online);OFFPEAK FIXED;Vast;Vaste vergoeding (); 70,00;master_vast_2026.csv;
2026;mei;Onderneming;Gas;Afname;Mega (handelsnaam van Power Online);ONLINE FIXED;Vast;Enkelvoudige meter dagtarief (c/kWh); 5,74;master_vast_2026.csv;
2026;mei;Onderneming;Gas;Afname;Mega (handelsnaam van Power Online);ONLINE FIXED;Vast;Vaste vergoeding (); 55,00;master_vast_2026.csv;
2026;mei;Onderneming;Gas;Afname;Mega (handelsnaam van Power Online);PREPAID FIXED;Vast;Enkelvoudige meter dagtarief (c/kWh); 5,14;master_vast_2026.csv;
2026;mei;Onderneming;Gas;Afname;Mega (handelsnaam van Power Online);PREPAID FIXED;Vast;Vaste vergoeding (); 45,00;master_vast_2026.csv;
2026;mei;Onderneming;Gas;Afname;Mega (handelsnaam van Power Online);SMART FIXED;Vast;Enkelvoudige meter dagtarief (c/kWh); 5,71;master_vast_2026.csv;
2026;mei;Onderneming;Gas;Afname;Mega (handelsnaam van Power Online);SMART FIXED;Vast;Vaste vergoeding (); 105,00;master_vast_2026.csv;
2026;mei;Onderneming;Gas;Afname;Mega (handelsnaam van Power Online);Speciale aanbieding Testaankoop Fixed 2025;Vast;Enkelvoudige meter dagtarief (c/kWh); 5,34;master_vast_2026.csv;
2026;mei;Onderneming;Gas;Afname;Mega (handelsnaam van Power Online);Speciale aanbieding Testaankoop Fixed 2025;Vast;Vaste vergoeding (); 40,00;master_vast_2026.csv;
2026;mei;Onderneming;Gas;Afname;TotalEnergies;proComfort Vast;Vast;Enkelvoudige meter dagtarief (c/kWh); 6,21;master_vast_2026.csv;
2026;mei;Onderneming;Gas;Afname;TotalEnergies;proComfort Vast;Vast;Vaste vergoeding (); 90,00;master_vast_2026.csv;
2026;mei;Woning;Elektriciteit;Afname;Bolt;Bolt Vast;Vast;Enkelvoudige meter dagtarief (c/kWh); 14,40;master_vast_2026.csv;
2026;mei;Woning;Elektriciteit;Afname;Bolt;Bolt Vast;Vast;Kosten groene stroom (c/kWh); 1,10;master_vast_2026.csv;
2026;mei;Woning;Elektriciteit;Afname;Bolt;Bolt Vast;Vast;Kosten WKK (c/kWh); 0,36;master_vast_2026.csv;
2026;mei;Woning;Elektriciteit;Afname;Bolt;Bolt Vast;Vast;Tweevoudige meter dagtarief (c/kWh); 14,40;master_vast_2026.csv;
2026;mei;Woning;Elektriciteit;Afname;Bolt;Bolt Vast;Vast;Tweevoudige meter nachttarief (c/kWh); 14,40;master_vast_2026.csv;
2026;mei;Woning;Elektriciteit;Afname;Bolt;Bolt Vast;Vast;Uitsluitend nachtmeter (c/kWh); 14,40;master_vast_2026.csv;
2026;mei;Woning;Elektriciteit;Afname;Bolt;Bolt Vast;Vast;Vaste vergoeding (); 124,42;master_vast_2026.csv;
2026;mei;Woning;Elektriciteit;Afname;Bolt;Plenty Vast;Vast;Enkelvoudige meter dagtarief (c/kWh); 14,40;master_vast_2026.csv;
2026;mei;Woning;Elektriciteit;Afname;Bolt;Plenty Vast;Vast;Kosten groene stroom (c/kWh); 1,10;master_vast_2026.csv;
2026;mei;Woning;Elektriciteit;Afname;Bolt;Plenty Vast;Vast;Kosten WKK (c/kWh); 0,36;master_vast_2026.csv;
2026;mei;Woning;Elektriciteit;Afname;Bolt;Plenty Vast;Vast;Tweevoudige meter dagtarief (c/kWh); 14,40;master_vast_2026.csv;
2026;mei;Woning;Elektriciteit;Afname;Bolt;Plenty Vast;Vast;Tweevoudige meter nachttarief (c/kWh); 14,40;master_vast_2026.csv;
2026;mei;Woning;Elektriciteit;Afname;Bolt;Plenty Vast;Vast;Uitsluitend nachtmeter (c/kWh); 14,40;master_vast_2026.csv;
2026;mei;Woning;Elektriciteit;Afname;Bolt;Plenty Vast;Vast;Vaste vergoeding (); 67,81;master_vast_2026.csv;
2026;mei;Woning;Elektriciteit;Afname;Elegant;Zeker & Vast;Vast;Enkelvoudige meter dagtarief (c/kWh); 12,49;master_vast_2026.csv;
2026;mei;Woning;Elektriciteit;Afname;Elegant;Zeker & Vast;Vast;Kosten groene stroom (c/kWh); 1,10;master_vast_2026.csv;
2026;mei;Woning;Elektriciteit;Afname;Elegant;Zeker & Vast;Vast;Kosten WKK (c/kWh); 0,39;master_vast_2026.csv;
2026;mei;Woning;Elektriciteit;Afname;Elegant;Zeker & Vast;Vast;Tweevoudige meter dagtarief (c/kWh); 12,99;master_vast_2026.csv;
2026;mei;Woning;Elektriciteit;Afname;Elegant;Zeker & Vast;Vast;Tweevoudige meter nachttarief (c/kWh); 11,99;master_vast_2026.csv;
2026;mei;Woning;Elektriciteit;Afname;Elegant;Zeker & Vast;Vast;Uitsluitend nachtmeter (c/kWh); 11,99;master_vast_2026.csv;
2026;mei;Woning;Elektriciteit;Afname;Elegant;Zeker & Vast;Vast;Vaste vergoeding (); 113,21;master_vast_2026.csv;
2026;mei;Woning;Elektriciteit;Afname;Eneco Belgium;Eneco Zon & Wind Vast;Vast;Enkelvoudige meter dagtarief (c/kWh); 15,94;master_vast_2026.csv;
2026;mei;Woning;Elektriciteit;Afname;Eneco Belgium;Eneco Zon & Wind Vast;Vast;Kosten groene stroom (c/kWh); 1,10;master_vast_2026.csv;
2026;mei;Woning;Elektriciteit;Afname;Eneco Belgium;Eneco Zon & Wind Vast;Vast;Kosten WKK (c/kWh); 0,33;master_vast_2026.csv;
2026;mei;Woning;Elektriciteit;Afname;Eneco Belgium;Eneco Zon & Wind Vast;Vast;Tweevoudige meter dagtarief (c/kWh); 17,66;master_vast_2026.csv;
2026;mei;Woning;Elektriciteit;Afname;Eneco Belgium;Eneco Zon & Wind Vast;Vast;Tweevoudige meter nachttarief (c/kWh); 14,46;master_vast_2026.csv;
2026;mei;Woning;Elektriciteit;Afname;Eneco Belgium;Eneco Zon & Wind Vast;Vast;Uitsluitend nachtmeter (c/kWh); 14,46;master_vast_2026.csv;
2026;mei;Woning;Elektriciteit;Afname;Eneco Belgium;Eneco Zon & Wind Vast;Vast;Vaste vergoeding (); 61,32;master_vast_2026.csv;
2026;mei;Woning;Elektriciteit;Afname;Energie.be;Elektriciteit vast online;Vast;Enkelvoudige meter dagtarief (c/kWh); 14,48;master_vast_2026.csv;
2026;mei;Woning;Elektriciteit;Afname;Energie.be;Elektriciteit vast online;Vast;Kosten groene stroom (c/kWh); 1,10;master_vast_2026.csv;
2026;mei;Woning;Elektriciteit;Afname;Energie.be;Elektriciteit vast online;Vast;Kosten WKK (c/kWh); 0,36;master_vast_2026.csv;
2026;mei;Woning;Elektriciteit;Afname;Energie.be;Elektriciteit vast online;Vast;Tweevoudige meter dagtarief (c/kWh); 14,48;master_vast_2026.csv;
2026;mei;Woning;Elektriciteit;Afname;Energie.be;Elektriciteit vast online;Vast;Tweevoudige meter nachttarief (c/kWh); 14,48;master_vast_2026.csv;
2026;mei;Woning;Elektriciteit;Afname;Energie.be;Elektriciteit vast online;Vast;Uitsluitend nachtmeter (c/kWh); 14,48;master_vast_2026.csv;
2026;mei;Woning;Elektriciteit;Afname;Energie.be;Elektriciteit vast online;Vast;Vaste vergoeding (); 33,02;master_vast_2026.csv;
2026;mei;Woning;Elektriciteit;Afname;EnergyVision;Goedkope Stroom 3 jaar vast ;Vast;Enkelvoudige meter dagtarief (c/kWh); 12,80;master_vast_2026.csv;
2026;mei;Woning;Elektriciteit;Afname;EnergyVision;Goedkope Stroom 3 jaar vast ;Vast;Kosten groene stroom (c/kWh); 1,10;master_vast_2026.csv;
2026;mei;Woning;Elektriciteit;Afname;EnergyVision;Goedkope Stroom 3 jaar vast ;Vast;Kosten WKK (c/kWh); 0,37;master_vast_2026.csv;
2026;mei;Woning;Elektriciteit;Afname;EnergyVision;Goedkope Stroom 3 jaar vast ;Vast;Tweevoudige meter dagtarief (c/kWh); 12,80;master_vast_2026.csv;
2026;mei;Woning;Elektriciteit;Afname;EnergyVision;Goedkope Stroom 3 jaar vast ;Vast;Tweevoudige meter nachttarief (c/kWh); 12,80;master_vast_2026.csv;
2026;mei;Woning;Elektriciteit;Afname;EnergyVision;Goedkope Stroom 3 jaar vast ;Vast;Uitsluitend nachtmeter (c/kWh); 12,80;master_vast_2026.csv;
2026;mei;Woning;Elektriciteit;Afname;EnergyVision;Goedkope Stroom 3 jaar vast ;Vast;Vaste vergoeding (); 70,75;master_vast_2026.csv;
2026;mei;Woning;Elektriciteit;Afname;EnergyVision;Wikipower Groepsaankoop  vast;Vast;Enkelvoudige meter dagtarief (c/kWh); 11,58;master_vast_2026.csv;
2026;mei;Woning;Elektriciteit;Afname;EnergyVision;Wikipower Groepsaankoop  vast;Vast;Kosten groene stroom (c/kWh); 1,10;master_vast_2026.csv;
2026;mei;Woning;Elektriciteit;Afname;EnergyVision;Wikipower Groepsaankoop  vast;Vast;Kosten WKK (c/kWh); 0,37;master_vast_2026.csv;
2026;mei;Woning;Elektriciteit;Afname;EnergyVision;Wikipower Groepsaankoop  vast;Vast;Tweevoudige meter dagtarief (c/kWh); 11,58;master_vast_2026.csv;
2026;mei;Woning;Elektriciteit;Afname;EnergyVision;Wikipower Groepsaankoop  vast;Vast;Tweevoudige meter nachttarief (c/kWh); 11,58;master_vast_2026.csv;
2026;mei;Woning;Elektriciteit;Afname;EnergyVision;Wikipower Groepsaankoop  vast;Vast;Uitsluitend nachtmeter (c/kWh); 11,58;master_vast_2026.csv;
2026;mei;Woning;Elektriciteit;Afname;EnergyVision;Wikipower Groepsaankoop  vast;Vast;Vaste vergoeding (); 0,00;master_vast_2026.csv;
2026;mei;Woning;Elektriciteit;Afname;ENGIE (handelsnaam van Electrabel) ;Easy ;Vast;Enkelvoudige meter dagtarief (c/kWh); 15,75;master_vast_2026.csv;
2026;mei;Woning;Elektriciteit;Afname;ENGIE (handelsnaam van Electrabel) ;Easy ;Vast;Kosten groene stroom (c/kWh); 1,10;master_vast_2026.csv;
2026;mei;Woning;Elektriciteit;Afname;ENGIE (handelsnaam van Electrabel) ;Easy ;Vast;Kosten WKK (c/kWh); 0,39;master_vast_2026.csv;
2026;mei;Woning;Elektriciteit;Afname;ENGIE (handelsnaam van Electrabel) ;Easy ;Vast;Tweevoudige meter dagtarief (c/kWh); 17,03;master_vast_2026.csv;
2026;mei;Woning;Elektriciteit;Afname;ENGIE (handelsnaam van Electrabel) ;Easy ;Vast;Tweevoudige meter nachttarief (c/kWh); 14,09;master_vast_2026.csv;
2026;mei;Woning;Elektriciteit;Afname;ENGIE (handelsnaam van Electrabel) ;Easy ;Vast;Uitsluitend nachtmeter (c/kWh); 14,09;master_vast_2026.csv;
2026;mei;Woning;Elektriciteit;Afname;ENGIE (handelsnaam van Electrabel) ;Easy ;Vast;Vaste vergoeding (); 65,09;master_vast_2026.csv;
2026;mei;Woning;Elektriciteit;Afname;ENGIE (handelsnaam van Electrabel) ;Empower;Vast;Enkelvoudige meter dagtarief (c/kWh); 14,93;master_vast_2026.csv;
2026;mei;Woning;Elektriciteit;Afname;ENGIE (handelsnaam van Electrabel) ;Empower;Vast;Kosten groene stroom (c/kWh); 1,10;master_vast_2026.csv;
2026;mei;Woning;Elektriciteit;Afname;ENGIE (handelsnaam van Electrabel) ;Empower;Vast;Kosten WKK (c/kWh); 0,39;master_vast_2026.csv;
2026;mei;Woning;Elektriciteit;Afname;ENGIE (handelsnaam van Electrabel) ;Empower;Vast;Tweevoudige meter dagtarief (c/kWh); 16,73;master_vast_2026.csv;
2026;mei;Woning;Elektriciteit;Afname;ENGIE (handelsnaam van Electrabel) ;Empower;Vast;Tweevoudige meter nachttarief (c/kWh); 12,24;master_vast_2026.csv;
2026;mei;Woning;Elektriciteit;Afname;ENGIE (handelsnaam van Electrabel) ;Empower;Vast;Uitsluitend nachtmeter (c/kWh); 14,09;master_vast_2026.csv;
2026;mei;Woning;Elektriciteit;Afname;ENGIE (handelsnaam van Electrabel) ;Empower;Vast;Vaste vergoeding (); 84,91;master_vast_2026.csv;
2026;mei;Woning;Elektriciteit;Afname;Luminus;BasicFix Online;Vast;Enkelvoudige meter dagtarief (c/kWh); 15,41;master_vast_2026.csv;
2026;mei;Woning;Elektriciteit;Afname;Luminus;BasicFix Online;Vast;Kosten groene stroom (c/kWh); 1,10;master_vast_2026.csv;
2026;mei;Woning;Elektriciteit;Afname;Luminus;BasicFix Online;Vast;Kosten WKK (c/kWh); 0,36;master_vast_2026.csv;
2026;mei;Woning;Elektriciteit;Afname;Luminus;BasicFix Online;Vast;Tweevoudige meter dagtarief (c/kWh); 17,33;master_vast_2026.csv;
2026;mei;Woning;Elektriciteit;Afname;Luminus;BasicFix Online;Vast;Tweevoudige meter nachttarief (c/kWh); 13,73;master_vast_2026.csv;
2026;mei;Woning;Elektriciteit;Afname;Luminus;BasicFix Online;Vast;Uitsluitend nachtmeter (c/kWh); 13,73;master_vast_2026.csv;
2026;mei;Woning;Elektriciteit;Afname;Luminus;BasicFix Online;Vast;Vaste vergoeding (); 23,58;master_vast_2026.csv;
2026;mei;Woning;Elektriciteit;Afname;Luminus;Comfy;Vast;Enkelvoudige meter dagtarief (c/kWh); 17,21;master_vast_2026.csv;
2026;mei;Woning;Elektriciteit;Afname;Luminus;Comfy;Vast;Kosten groene stroom (c/kWh); 1,10;master_vast_2026.csv;
2026;mei;Woning;Elektriciteit;Afname;Luminus;Comfy;Vast;Kosten WKK (c/kWh); 0,36;master_vast_2026.csv;
2026;mei;Woning;Elektriciteit;Afname;Luminus;Comfy;Vast;Tweevoudige meter dagtarief (c/kWh); 18,37;master_vast_2026.csv;
2026;mei;Woning;Elektriciteit;Afname;Luminus;Comfy;Vast;Tweevoudige meter nachttarief (c/kWh); 15,41;master_vast_2026.csv;
2026;mei;Woning;Elektriciteit;Afname;Luminus;Comfy;Vast;Uitsluitend nachtmeter (c/kWh); 15,41;master_vast_2026.csv;
2026;mei;Woning;Elektriciteit;Afname;Luminus;Comfy;Vast;Vaste vergoeding (); 61,32;master_vast_2026.csv;
2026;mei;Woning;Elektriciteit;Afname;Luminus;Comfy+;Vast;Enkelvoudige meter dagtarief (c/kWh); 18,92;master_vast_2026.csv;
2026;mei;Woning;Elektriciteit;Afname;Luminus;Comfy+;Vast;Kosten groene stroom (c/kWh); 1,10;master_vast_2026.csv;
2026;mei;Woning;Elektriciteit;Afname;Luminus;Comfy+;Vast;Kosten WKK (c/kWh); 0,36;master_vast_2026.csv;
2026;mei;Woning;Elektriciteit;Afname;Luminus;Comfy+;Vast;Tweevoudige meter dagtarief (c/kWh); 20,06;master_vast_2026.csv;
2026;mei;Woning;Elektriciteit;Afname;Luminus;Comfy+;Vast;Tweevoudige meter nachttarief (c/kWh); 16,99;master_vast_2026.csv;
2026;mei;Woning;Elektriciteit;Afname;Luminus;Comfy+;Vast;Uitsluitend nachtmeter (c/kWh); 16,99;master_vast_2026.csv;
2026;mei;Woning;Elektriciteit;Afname;Luminus;Comfy+;Vast;Vaste vergoeding (); 61,32;master_vast_2026.csv;
2026;mei;Woning;Elektriciteit;Afname;Luminus;MaxxFix;Vast;Enkelvoudige meter dagtarief (c/kWh); 15,68;master_vast_2026.csv;
2026;mei;Woning;Elektriciteit;Afname;Luminus;MaxxFix;Vast;Kosten groene stroom (c/kWh); 1,10;master_vast_2026.csv;
2026;mei;Woning;Elektriciteit;Afname;Luminus;MaxxFix;Vast;Kosten WKK (c/kWh); 0,36;master_vast_2026.csv;
2026;mei;Woning;Elektriciteit;Afname;Luminus;MaxxFix;Vast;Tweevoudige meter dagtarief (c/kWh); 16,86;master_vast_2026.csv;
2026;mei;Woning;Elektriciteit;Afname;Luminus;MaxxFix;Vast;Tweevoudige meter nachttarief (c/kWh); 13,87;master_vast_2026.csv;
2026;mei;Woning;Elektriciteit;Afname;Luminus;MaxxFix;Vast;Uitsluitend nachtmeter (c/kWh); 13,87;master_vast_2026.csv;
2026;mei;Woning;Elektriciteit;Afname;Luminus;MaxxFix;Vast;Vaste vergoeding (); 61,32;master_vast_2026.csv;
2026;mei;Woning;Elektriciteit;Afname;Mega (handelsnaam van Power Online);COSY GREEN FIXED;Vast;Enkelvoudige meter dagtarief (c/kWh); 15,93;master_vast_2026.csv;
2026;mei;Woning;Elektriciteit;Afname;Mega (handelsnaam van Power Online);COSY GREEN FIXED;Vast;Kosten groene stroom (c/kWh); 1,12;master_vast_2026.csv;
2026;mei;Woning;Elektriciteit;Afname;Mega (handelsnaam van Power Online);COSY GREEN FIXED;Vast;Kosten WKK (c/kWh); 0,35;master_vast_2026.csv;
2026;mei;Woning;Elektriciteit;Afname;Mega (handelsnaam van Power Online);COSY GREEN FIXED;Vast;Tweevoudige meter dagtarief (c/kWh); 17,09;master_vast_2026.csv;
2026;mei;Woning;Elektriciteit;Afname;Mega (handelsnaam van Power Online);COSY GREEN FIXED;Vast;Tweevoudige meter nachttarief (c/kWh); 14,97;master_vast_2026.csv;
2026;mei;Woning;Elektriciteit;Afname;Mega (handelsnaam van Power Online);COSY GREEN FIXED;Vast;Uitsluitend nachtmeter (c/kWh); 14,97;master_vast_2026.csv;
2026;mei;Woning;Elektriciteit;Afname;Mega (handelsnaam van Power Online);COSY GREEN FIXED;Vast;Vaste vergoeding (); 135,00;master_vast_2026.csv;
2026;mei;Woning;Elektriciteit;Afname;Mega (handelsnaam van Power Online);OFFPEAK GREEN FIXED;Vast;Enkelvoudige meter dagtarief (c/kWh); 14,18;master_vast_2026.csv;
2026;mei;Woning;Elektriciteit;Afname;Mega (handelsnaam van Power Online);OFFPEAK GREEN FIXED;Vast;Kosten groene stroom (c/kWh); 1,12;master_vast_2026.csv;
2026;mei;Woning;Elektriciteit;Afname;Mega (handelsnaam van Power Online);OFFPEAK GREEN FIXED;Vast;Kosten WKK (c/kWh); 0,35;master_vast_2026.csv;
2026;mei;Woning;Elektriciteit;Afname;Mega (handelsnaam van Power Online);OFFPEAK GREEN FIXED;Vast;Tweevoudige meter dagtarief (c/kWh); 16,34;master_vast_2026.csv;
2026;mei;Woning;Elektriciteit;Afname;Mega (handelsnaam van Power Online);OFFPEAK GREEN FIXED;Vast;Tweevoudige meter nachttarief (c/kWh); 12,22;master_vast_2026.csv;
2026;mei;Woning;Elektriciteit;Afname;Mega (handelsnaam van Power Online);OFFPEAK GREEN FIXED;Vast;Uitsluitend nachtmeter (c/kWh); 12,22;master_vast_2026.csv;
2026;mei;Woning;Elektriciteit;Afname;Mega (handelsnaam van Power Online);OFFPEAK GREEN FIXED;Vast;Vaste vergoeding (); 70,00;master_vast_2026.csv;
2026;mei;Woning;Elektriciteit;Afname;Mega (handelsnaam van Power Online);ONLINE FIXED;Vast;Enkelvoudige meter dagtarief (c/kWh); 14,98;master_vast_2026.csv;
2026;mei;Woning;Elektriciteit;Afname;Mega (handelsnaam van Power Online);ONLINE FIXED;Vast;Kosten groene stroom (c/kWh); 1,12;master_vast_2026.csv;
2026;mei;Woning;Elektriciteit;Afname;Mega (handelsnaam van Power Online);ONLINE FIXED;Vast;Kosten WKK (c/kWh); 0,35;master_vast_2026.csv;
2026;mei;Woning;Elektriciteit;Afname;Mega (handelsnaam van Power Online);ONLINE FIXED;Vast;Tweevoudige meter dagtarief (c/kWh); 16,14;master_vast_2026.csv;
2026;mei;Woning;Elektriciteit;Afname;Mega (handelsnaam van Power Online);ONLINE FIXED;Vast;Tweevoudige meter nachttarief (c/kWh); 14,02;master_vast_2026.csv;
2026;mei;Woning;Elektriciteit;Afname;Mega (handelsnaam van Power Online);ONLINE FIXED;Vast;Uitsluitend nachtmeter (c/kWh); 14,02;master_vast_2026.csv;
2026;mei;Woning;Elektriciteit;Afname;Mega (handelsnaam van Power Online);ONLINE FIXED;Vast;Vaste vergoeding (); 55,00;master_vast_2026.csv;
2026;mei;Woning;Elektriciteit;Afname;Mega (handelsnaam van Power Online);PREPAID FIXED;Vast;Enkelvoudige meter dagtarief (c/kWh); 13,08;master_vast_2026.csv;
2026;mei;Woning;Elektriciteit;Afname;Mega (handelsnaam van Power Online);PREPAID FIXED;Vast;Kosten groene stroom (c/kWh); 1,12;master_vast_2026.csv;
2026;mei;Woning;Elektriciteit;Afname;Mega (handelsnaam van Power Online);PREPAID FIXED;Vast;Kosten WKK (c/kWh); 0,35;master_vast_2026.csv;
2026;mei;Woning;Elektriciteit;Afname;Mega (handelsnaam van Power Online);PREPAID FIXED;Vast;Tweevoudige meter dagtarief (c/kWh); 14,24;master_vast_2026.csv;
2026;mei;Woning;Elektriciteit;Afname;Mega (handelsnaam van Power Online);PREPAID FIXED;Vast;Tweevoudige meter nachttarief (c/kWh); 12,12;master_vast_2026.csv;
2026;mei;Woning;Elektriciteit;Afname;Mega (handelsnaam van Power Online);PREPAID FIXED;Vast;Uitsluitend nachtmeter (c/kWh); 12,12;master_vast_2026.csv;
2026;mei;Woning;Elektriciteit;Afname;Mega (handelsnaam van Power Online);PREPAID FIXED;Vast;Vaste vergoeding (); 45,00;master_vast_2026.csv;
2026;mei;Woning;Elektriciteit;Afname;Mega (handelsnaam van Power Online);SMART GREEN FIXED;Vast;Enkelvoudige meter dagtarief (c/kWh); 15,69;master_vast_2026.csv;
2026;mei;Woning;Elektriciteit;Afname;Mega (handelsnaam van Power Online);SMART GREEN FIXED;Vast;Kosten groene stroom (c/kWh); 1,12;master_vast_2026.csv;
2026;mei;Woning;Elektriciteit;Afname;Mega (handelsnaam van Power Online);SMART GREEN FIXED;Vast;Kosten WKK (c/kWh); 0,35;master_vast_2026.csv;
2026;mei;Woning;Elektriciteit;Afname;Mega (handelsnaam van Power Online);SMART GREEN FIXED;Vast;Tweevoudige meter dagtarief (c/kWh); 16,78;master_vast_2026.csv;
2026;mei;Woning;Elektriciteit;Afname;Mega (handelsnaam van Power Online);SMART GREEN FIXED;Vast;Tweevoudige meter nachttarief (c/kWh); 14,78;master_vast_2026.csv;
2026;mei;Woning;Elektriciteit;Afname;Mega (handelsnaam van Power Online);SMART GREEN FIXED;Vast;Uitsluitend nachtmeter (c/kWh); 14,78;master_vast_2026.csv;
2026;mei;Woning;Elektriciteit;Afname;Mega (handelsnaam van Power Online);SMART GREEN FIXED;Vast;Vaste vergoeding (); 105,00;master_vast_2026.csv;
2026;mei;Woning;Elektriciteit;Afname;Mega (handelsnaam van Power Online);Speciale aanbieding Testaankoop Fixed 2025;Vast;Enkelvoudige meter dagtarief (c/kWh); 13,98;master_vast_2026.csv;
2026;mei;Woning;Elektriciteit;Afname;Mega (handelsnaam van Power Online);Speciale aanbieding Testaankoop Fixed 2025;Vast;Kosten groene stroom (c/kWh); 1,12;master_vast_2026.csv;
2026;mei;Woning;Elektriciteit;Afname;Mega (handelsnaam van Power Online);Speciale aanbieding Testaankoop Fixed 2025;Vast;Kosten WKK (c/kWh); 0,35;master_vast_2026.csv;
2026;mei;Woning;Elektriciteit;Afname;Mega (handelsnaam van Power Online);Speciale aanbieding Testaankoop Fixed 2025;Vast;Tweevoudige meter dagtarief (c/kWh); 15,14;master_vast_2026.csv;
2026;mei;Woning;Elektriciteit;Afname;Mega (handelsnaam van Power Online);Speciale aanbieding Testaankoop Fixed 2025;Vast;Tweevoudige meter nachttarief (c/kWh); 13,02;master_vast_2026.csv;
2026;mei;Woning;Elektriciteit;Afname;Mega (handelsnaam van Power Online);Speciale aanbieding Testaankoop Fixed 2025;Vast;Uitsluitend nachtmeter (c/kWh); 13,02;master_vast_2026.csv;
2026;mei;Woning;Elektriciteit;Afname;Mega (handelsnaam van Power Online);Speciale aanbieding Testaankoop Fixed 2025;Vast;Vaste vergoeding (); 40,00;master_vast_2026.csv;
2026;mei;Woning;Elektriciteit;Afname;Mega (handelsnaam van Power Online);Zen 3 Jaar Vast;Vast;Enkelvoudige meter dagtarief (c/kWh); 15,09;master_vast_2026.csv;
2026;mei;Woning;Elektriciteit;Afname;Mega (handelsnaam van Power Online);Zen 3 Jaar Vast;Vast;Kosten groene stroom (c/kWh); 1,12;master_vast_2026.csv;
2026;mei;Woning;Elektriciteit;Afname;Mega (handelsnaam van Power Online);Zen 3 Jaar Vast;Vast;Kosten WKK (c/kWh); 0,35;master_vast_2026.csv;
2026;mei;Woning;Elektriciteit;Afname;Mega (handelsnaam van Power Online);Zen 3 Jaar Vast;Vast;Tweevoudige meter dagtarief (c/kWh); 16,18;master_vast_2026.csv;
2026;mei;Woning;Elektriciteit;Afname;Mega (handelsnaam van Power Online);Zen 3 Jaar Vast;Vast;Tweevoudige meter nachttarief (c/kWh); 14,18;master_vast_2026.csv;
2026;mei;Woning;Elektriciteit;Afname;Mega (handelsnaam van Power Online);Zen 3 Jaar Vast;Vast;Uitsluitend nachtmeter (c/kWh); 14,18;master_vast_2026.csv;
2026;mei;Woning;Elektriciteit;Afname;Mega (handelsnaam van Power Online);Zen 3 Jaar Vast;Vast;Vaste vergoeding (); 65,00;master_vast_2026.csv;
2026;mei;Woning;Elektriciteit;Afname;OCTA+ ENERGIE;Eco Fixed;Vast;Enkelvoudige meter dagtarief (c/kWh); 16,11;master_vast_2026.csv;
2026;mei;Woning;Elektriciteit;Afname;OCTA+ ENERGIE;Eco Fixed;Vast;Kosten groene stroom (c/kWh); 1,10;master_vast_2026.csv;
2026;mei;Woning;Elektriciteit;Afname;OCTA+ ENERGIE;Eco Fixed;Vast;Kosten WKK (c/kWh); 0,41;master_vast_2026.csv;
2026;mei;Woning;Elektriciteit;Afname;OCTA+ ENERGIE;Eco Fixed;Vast;Tweevoudige meter dagtarief (c/kWh); 17,65;master_vast_2026.csv;
2026;mei;Woning;Elektriciteit;Afname;OCTA+ ENERGIE;Eco Fixed;Vast;Tweevoudige meter nachttarief (c/kWh); 14,74;master_vast_2026.csv;
2026;mei;Woning;Elektriciteit;Afname;OCTA+ ENERGIE;Eco Fixed;Vast;Uitsluitend nachtmeter (c/kWh); 15,20;master_vast_2026.csv;
2026;mei;Woning;Elektriciteit;Afname;OCTA+ ENERGIE;Eco Fixed;Vast;Vaste vergoeding (); 122,64;master_vast_2026.csv;
2026;mei;Woning;Elektriciteit;Afname;OCTA+ ENERGIE;Fixed;Vast;Enkelvoudige meter dagtarief (c/kWh); 13,81;master_vast_2026.csv;
2026;mei;Woning;Elektriciteit;Afname;OCTA+ ENERGIE;Fixed;Vast;Kosten groene stroom (c/kWh); 1,10;master_vast_2026.csv;
2026;mei;Woning;Elektriciteit;Afname;OCTA+ ENERGIE;Fixed;Vast;Kosten WKK (c/kWh); 0,41;master_vast_2026.csv;
2026;mei;Woning;Elektriciteit;Afname;OCTA+ ENERGIE;Fixed;Vast;Tweevoudige meter dagtarief (c/kWh); 15,35;master_vast_2026.csv;
2026;mei;Woning;Elektriciteit;Afname;OCTA+ ENERGIE;Fixed;Vast;Tweevoudige meter nachttarief (c/kWh); 12,44;master_vast_2026.csv;
2026;mei;Woning;Elektriciteit;Afname;OCTA+ ENERGIE;Fixed;Vast;Uitsluitend nachtmeter (c/kWh); 12,90;master_vast_2026.csv;
2026;mei;Woning;Elektriciteit;Afname;OCTA+ ENERGIE;Fixed;Vast;Vaste vergoeding (); 61,32;master_vast_2026.csv;
2026;mei;Woning;Elektriciteit;Afname;TotalEnergies;myComfort Vast;Vast;Enkelvoudige meter dagtarief (c/kWh); 15,25;master_vast_2026.csv;
2026;mei;Woning;Elektriciteit;Afname;TotalEnergies;myComfort Vast;Vast;Kosten groene stroom (c/kWh); 1,09;master_vast_2026.csv;
2026;mei;Woning;Elektriciteit;Afname;TotalEnergies;myComfort Vast;Vast;Kosten WKK (c/kWh); 0,39;master_vast_2026.csv;
2026;mei;Woning;Elektriciteit;Afname;TotalEnergies;myComfort Vast;Vast;Tweevoudige meter dagtarief (c/kWh); 16,38;master_vast_2026.csv;
2026;mei;Woning;Elektriciteit;Afname;TotalEnergies;myComfort Vast;Vast;Tweevoudige meter nachttarief (c/kWh); 14,27;master_vast_2026.csv;
2026;mei;Woning;Elektriciteit;Afname;TotalEnergies;myComfort Vast;Vast;Uitsluitend nachtmeter (c/kWh); 14,26;master_vast_2026.csv;
2026;mei;Woning;Elektriciteit;Afname;TotalEnergies;myComfort Vast;Vast;Vaste vergoeding (); 84,91;master_vast_2026.csv;
2026;mei;Woning;Elektriciteit;Afname;TotalEnergies;myEssential Vast;Vast;Enkelvoudige meter dagtarief (c/kWh); 14,52;master_vast_2026.csv;
2026;mei;Woning;Elektriciteit;Afname;TotalEnergies;myEssential Vast;Vast;Kosten groene stroom (c/kWh); 1,09;master_vast_2026.csv;
2026;mei;Woning;Elektriciteit;Afname;TotalEnergies;myEssential Vast;Vast;Kosten WKK (c/kWh); 0,39;master_vast_2026.csv;
2026;mei;Woning;Elektriciteit;Afname;TotalEnergies;myEssential Vast;Vast;Tweevoudige meter dagtarief (c/kWh); 15,66;master_vast_2026.csv;
2026;mei;Woning;Elektriciteit;Afname;TotalEnergies;myEssential Vast;Vast;Tweevoudige meter nachttarief (c/kWh); 13,54;master_vast_2026.csv;
2026;mei;Woning;Elektriciteit;Afname;TotalEnergies;myEssential Vast;Vast;Uitsluitend nachtmeter (c/kWh); 13,53;master_vast_2026.csv;
2026;mei;Woning;Elektriciteit;Afname;TotalEnergies;myEssential Vast;Vast;Vaste vergoeding (); 33,02;master_vast_2026.csv;
2026;mei;Woning;Elektriciteit;Afname;Trevion;Trevion Groene Energie Vast;Vast;Enkelvoudige meter dagtarief (c/kWh); 13,91;master_vast_2026.csv;
2026;mei;Woning;Elektriciteit;Afname;Trevion;Trevion Groene Energie Vast;Vast;Kosten groene stroom (c/kWh); 1,10;master_vast_2026.csv;
2026;mei;Woning;Elektriciteit;Afname;Trevion;Trevion Groene Energie Vast;Vast;Kosten WKK (c/kWh); 0,42;master_vast_2026.csv;
2026;mei;Woning;Elektriciteit;Afname;Trevion;Trevion Groene Energie Vast;Vast;Tweevoudige meter dagtarief (c/kWh); 15,28;master_vast_2026.csv;
2026;mei;Woning;Elektriciteit;Afname;Trevion;Trevion Groene Energie Vast;Vast;Tweevoudige meter nachttarief (c/kWh); 12,75;master_vast_2026.csv;
2026;mei;Woning;Elektriciteit;Afname;Trevion;Trevion Groene Energie Vast;Vast;Uitsluitend nachtmeter (c/kWh); 12,75;master_vast_2026.csv;
2026;mei;Woning;Elektriciteit;Afname;Trevion;Trevion Groene Energie Vast;Vast;Vaste vergoeding (); 36,79;master_vast_2026.csv;
2026;mei;Woning;Elektriciteit;Teruglevering;Ecopower;Ecopower terugleververgoeding;Vast;Enkelvoudige meter dagtarief (c/kWh); 2,00;master_vast_2026.csv;
2026;mei;Woning;Elektriciteit;Teruglevering;Ecopower;Ecopower terugleververgoeding;Vast;Tweevoudige meter dagtarief (c/kWh); 2,00;master_vast_2026.csv;
2026;mei;Woning;Elektriciteit;Teruglevering;Ecopower;Ecopower terugleververgoeding;Vast;Tweevoudige meter nachttarief (c/kWh); 2,00;master_vast_2026.csv;
2026;mei;Woning;Elektriciteit;Teruglevering;Ecopower;Ecopower terugleververgoeding;Vast;Vaste vergoeding (); 0,00;master_vast_2026.csv;
2026;mei;Woning;Elektriciteit;Teruglevering;EnergyVision;Wikipower Groepsaankoop  vast;Vast;Enkelvoudige meter dagtarief (c/kWh); 2,34;master_vast_2026.csv;
2026;mei;Woning;Elektriciteit;Teruglevering;EnergyVision;Wikipower Groepsaankoop  vast;Vast;Tweevoudige meter dagtarief (c/kWh); 2,34;master_vast_2026.csv;
2026;mei;Woning;Elektriciteit;Teruglevering;EnergyVision;Wikipower Groepsaankoop  vast;Vast;Tweevoudige meter nachttarief (c/kWh); 2,34;master_vast_2026.csv;
2026;mei;Woning;Elektriciteit;Teruglevering;EnergyVision;Wikipower Groepsaankoop  vast;Vast;Vaste vergoeding (); 0,00;master_vast_2026.csv;
2026;mei;Woning;Elektriciteit;Teruglevering;ENGIE (handelsnaam van Electrabel) ;Easy ;Vast;Enkelvoudige meter dagtarief (c/kWh); 2,64;master_vast_2026.csv;
2026;mei;Woning;Elektriciteit;Teruglevering;ENGIE (handelsnaam van Electrabel) ;Easy ;Vast;Tweevoudige meter dagtarief (c/kWh); 2,64;master_vast_2026.csv;
2026;mei;Woning;Elektriciteit;Teruglevering;ENGIE (handelsnaam van Electrabel) ;Easy ;Vast;Tweevoudige meter nachttarief (c/kWh); 2,64;master_vast_2026.csv;
2026;mei;Woning;Elektriciteit;Teruglevering;ENGIE (handelsnaam van Electrabel) ;Easy ;Vast;Vaste vergoeding (); 0,00;master_vast_2026.csv;
2026;mei;Woning;Elektriciteit;Teruglevering;ENGIE (handelsnaam van Electrabel) ;Empower;Vast;Enkelvoudige meter dagtarief (c/kWh); 2,64;master_vast_2026.csv;
2026;mei;Woning;Elektriciteit;Teruglevering;ENGIE (handelsnaam van Electrabel) ;Empower;Vast;Tweevoudige meter dagtarief (c/kWh); 2,64;master_vast_2026.csv;
2026;mei;Woning;Elektriciteit;Teruglevering;ENGIE (handelsnaam van Electrabel) ;Empower;Vast;Tweevoudige meter nachttarief (c/kWh); 2,64;master_vast_2026.csv;
2026;mei;Woning;Elektriciteit;Teruglevering;ENGIE (handelsnaam van Electrabel) ;Empower;Vast;Vaste vergoeding (); 0,00;master_vast_2026.csv;
2026;mei;Woning;Elektriciteit;Teruglevering;Mega (handelsnaam van Power Online);COSY GREEN FIXED;Vast;Enkelvoudige meter dagtarief (c/kWh); 2,20;master_vast_2026.csv;
2026;mei;Woning;Elektriciteit;Teruglevering;Mega (handelsnaam van Power Online);COSY GREEN FIXED;Vast;Tweevoudige meter dagtarief (c/kWh); 2,20;master_vast_2026.csv;
2026;mei;Woning;Elektriciteit;Teruglevering;Mega (handelsnaam van Power Online);COSY GREEN FIXED;Vast;Tweevoudige meter nachttarief (c/kWh); 2,20;master_vast_2026.csv;
2026;mei;Woning;Elektriciteit;Teruglevering;Mega (handelsnaam van Power Online);COSY GREEN FIXED;Vast;Vaste vergoeding (); 0,00;master_vast_2026.csv;
2026;mei;Woning;Elektriciteit;Teruglevering;Mega (handelsnaam van Power Online);OFFPEAK GREEN FIXED;Vast;Enkelvoudige meter dagtarief (c/kWh); 2,20;master_vast_2026.csv;
2026;mei;Woning;Elektriciteit;Teruglevering;Mega (handelsnaam van Power Online);OFFPEAK GREEN FIXED;Vast;Tweevoudige meter dagtarief (c/kWh); 2,20;master_vast_2026.csv;
2026;mei;Woning;Elektriciteit;Teruglevering;Mega (handelsnaam van Power Online);OFFPEAK GREEN FIXED;Vast;Tweevoudige meter nachttarief (c/kWh); 2,20;master_vast_2026.csv;
2026;mei;Woning;Elektriciteit;Teruglevering;Mega (handelsnaam van Power Online);OFFPEAK GREEN FIXED;Vast;Vaste vergoeding (); 0,00;master_vast_2026.csv;
2026;mei;Woning;Elektriciteit;Teruglevering;Mega (handelsnaam van Power Online);ONLINE FIXED;Vast;Enkelvoudige meter dagtarief (c/kWh); 2,20;master_vast_2026.csv;
2026;mei;Woning;Elektriciteit;Teruglevering;Mega (handelsnaam van Power Online);ONLINE FIXED;Vast;Tweevoudige meter dagtarief (c/kWh); 2,20;master_vast_2026.csv;
2026;mei;Woning;Elektriciteit;Teruglevering;Mega (handelsnaam van Power Online);ONLINE FIXED;Vast;Tweevoudige meter nachttarief (c/kWh); 2,20;master_vast_2026.csv;
2026;mei;Woning;Elektriciteit;Teruglevering;Mega (handelsnaam van Power Online);ONLINE FIXED;Vast;Vaste vergoeding (); 0,00;master_vast_2026.csv;
2026;mei;Woning;Elektriciteit;Teruglevering;Mega (handelsnaam van Power Online);PREPAID FIXED;Vast;Enkelvoudige meter dagtarief (c/kWh); 3,10;master_vast_2026.csv;
2026;mei;Woning;Elektriciteit;Teruglevering;Mega (handelsnaam van Power Online);PREPAID FIXED;Vast;Tweevoudige meter dagtarief (c/kWh); 3,10;master_vast_2026.csv;
2026;mei;Woning;Elektriciteit;Teruglevering;Mega (handelsnaam van Power Online);PREPAID FIXED;Vast;Tweevoudige meter nachttarief (c/kWh); 3,10;master_vast_2026.csv;
2026;mei;Woning;Elektriciteit;Teruglevering;Mega (handelsnaam van Power Online);PREPAID FIXED;Vast;Vaste vergoeding (); 0,00;master_vast_2026.csv;
2026;mei;Woning;Elektriciteit;Teruglevering;Mega (handelsnaam van Power Online);SMART GREEN FIXED;Vast;Enkelvoudige meter dagtarief (c/kWh); 1,51;master_vast_2026.csv;
2026;mei;Woning;Elektriciteit;Teruglevering;Mega (handelsnaam van Power Online);SMART GREEN FIXED;Vast;Tweevoudige meter dagtarief (c/kWh); 1,51;master_vast_2026.csv;
2026;mei;Woning;Elektriciteit;Teruglevering;Mega (handelsnaam van Power Online);SMART GREEN FIXED;Vast;Tweevoudige meter nachttarief (c/kWh); 1,51;master_vast_2026.csv;
2026;mei;Woning;Elektriciteit;Teruglevering;Mega (handelsnaam van Power Online);SMART GREEN FIXED;Vast;Vaste vergoeding (); 0,00;master_vast_2026.csv;
2026;mei;Woning;Elektriciteit;Teruglevering;Mega (handelsnaam van Power Online);Speciale aanbieding Testaankoop Fixed 2025;Vast;Enkelvoudige meter dagtarief (c/kWh); 3,10;master_vast_2026.csv;
2026;mei;Woning;Elektriciteit;Teruglevering;Mega (handelsnaam van Power Online);Speciale aanbieding Testaankoop Fixed 2025;Vast;Tweevoudige meter dagtarief (c/kWh); 3,10;master_vast_2026.csv;
2026;mei;Woning;Elektriciteit;Teruglevering;Mega (handelsnaam van Power Online);Speciale aanbieding Testaankoop Fixed 2025;Vast;Tweevoudige meter nachttarief (c/kWh); 3,10;master_vast_2026.csv;
2026;mei;Woning;Elektriciteit;Teruglevering;Mega (handelsnaam van Power Online);Speciale aanbieding Testaankoop Fixed 2025;Vast;Vaste vergoeding (); 0,00;master_vast_2026.csv;
2026;mei;Woning;Elektriciteit;Teruglevering;Mega (handelsnaam van Power Online);Zen 3 Jaar Vast;Vast;Enkelvoudige meter dagtarief (c/kWh); 0,94;master_vast_2026.csv;
2026;mei;Woning;Elektriciteit;Teruglevering;Mega (handelsnaam van Power Online);Zen 3 Jaar Vast;Vast;Tweevoudige meter dagtarief (c/kWh); 0,94;master_vast_2026.csv;
2026;mei;Woning;Elektriciteit;Teruglevering;Mega (handelsnaam van Power Online);Zen 3 Jaar Vast;Vast;Tweevoudige meter nachttarief (c/kWh); 0,94;master_vast_2026.csv;
2026;mei;Woning;Elektriciteit;Teruglevering;Mega (handelsnaam van Power Online);Zen 3 Jaar Vast;Vast;Vaste vergoeding (); 0,00;master_vast_2026.csv;
2026;mei;Woning;Elektriciteit;Teruglevering;Trevion;Trevion Groene Energie Vast Teruglevering;Vast;Enkelvoudige meter dagtarief (c/kWh); 3,86;master_vast_2026.csv;
2026;mei;Woning;Elektriciteit;Teruglevering;Trevion;Trevion Groene Energie Vast Teruglevering;Vast;Tweevoudige meter dagtarief (c/kWh); 4,27;master_vast_2026.csv;
2026;mei;Woning;Elektriciteit;Teruglevering;Trevion;Trevion Groene Energie Vast Teruglevering;Vast;Tweevoudige meter nachttarief (c/kWh); 2,84;master_vast_2026.csv;
2026;mei;Woning;Elektriciteit;Teruglevering;Trevion;Trevion Groene Energie Vast Teruglevering;Vast;Vaste vergoeding (); 0,00;master_vast_2026.csv;
2026;mei;Woning;Elektriciteit;Teruglevering;Wase Wind;Vast-dynamisch;Vast;Enkelvoudige meter dagtarief (c/kWh); 2,00;master_vast_2026.csv;
2026;mei;Woning;Elektriciteit;Teruglevering;Wase Wind;Vast-dynamisch;Vast;Tweevoudige meter dagtarief (c/kWh); 2,00;master_vast_2026.csv;
2026;mei;Woning;Elektriciteit;Teruglevering;Wase Wind;Vast-dynamisch;Vast;Tweevoudige meter nachttarief (c/kWh); 2,00;master_vast_2026.csv;
2026;mei;Woning;Elektriciteit;Teruglevering;Wase Wind;Vast-dynamisch;Vast;Vaste vergoeding (); 0,00;master_vast_2026.csv;
2026;mei;Woning;Elektriciteit;Teruglevering;Wase Wind;Vast-variabel;Vast;Enkelvoudige meter dagtarief (c/kWh); 2,00;master_vast_2026.csv;
2026;mei;Woning;Elektriciteit;Teruglevering;Wase Wind;Vast-variabel;Vast;Tweevoudige meter dagtarief (c/kWh); 2,00;master_vast_2026.csv;
2026;mei;Woning;Elektriciteit;Teruglevering;Wase Wind;Vast-variabel;Vast;Tweevoudige meter nachttarief (c/kWh); 2,00;master_vast_2026.csv;
2026;mei;Woning;Elektriciteit;Teruglevering;Wase Wind;Vast-variabel;Vast;Vaste vergoeding (); 0,00;master_vast_2026.csv;
2026;mei;Woning;Gas;Afname;Bolt;Bolt Vast;Vast;Enkelvoudige meter dagtarief (c/kWh); 5,65;master_vast_2026.csv;
2026;mei;Woning;Gas;Afname;Bolt;Bolt Vast;Vast;Vaste vergoeding (); 124,42;master_vast_2026.csv;
2026;mei;Woning;Gas;Afname;Bolt;Plenty Vast;Vast;Enkelvoudige meter dagtarief (c/kWh); 5,65;master_vast_2026.csv;
2026;mei;Woning;Gas;Afname;Bolt;Plenty Vast;Vast;Vaste vergoeding (); 67,81;master_vast_2026.csv;
2026;mei;Woning;Gas;Afname;Elegant;Zeker & Vast;Vast;Enkelvoudige meter dagtarief (c/kWh); 5,62;master_vast_2026.csv;
2026;mei;Woning;Gas;Afname;Elegant;Zeker & Vast;Vast;Vaste vergoeding (); 113,21;master_vast_2026.csv;
2026;mei;Woning;Gas;Afname;Eneco Belgium;Eneco Aardgas Vast;Vast;Enkelvoudige meter dagtarief (c/kWh); 6,25;master_vast_2026.csv;
2026;mei;Woning;Gas;Afname;Eneco Belgium;Eneco Aardgas Vast;Vast;Vaste vergoeding (); 61,32;master_vast_2026.csv;
2026;mei;Woning;Gas;Afname;Energie.be;Gas vast online;Vast;Enkelvoudige meter dagtarief (c/kWh); 5,81;master_vast_2026.csv;
2026;mei;Woning;Gas;Afname;Energie.be;Gas vast online;Vast;Vaste vergoeding (); 33,02;master_vast_2026.csv;
2026;mei;Woning;Gas;Afname;EnergyVision;Goedkope stroom 1 jaar vast;Vast;Enkelvoudige meter dagtarief (c/kWh); 5,09;master_vast_2026.csv;
2026;mei;Woning;Gas;Afname;EnergyVision;Goedkope stroom 1 jaar vast;Vast;Vaste vergoeding (); 70,75;master_vast_2026.csv;
2026;mei;Woning;Gas;Afname;EnergyVision;Wikipower Groepsaankoop  vast;Vast;Enkelvoudige meter dagtarief (c/kWh); 5,20;master_vast_2026.csv;
2026;mei;Woning;Gas;Afname;EnergyVision;Wikipower Groepsaankoop  vast;Vast;Vaste vergoeding (); 0,00;master_vast_2026.csv;
2026;mei;Woning;Gas;Afname;ENGIE (handelsnaam van Electrabel) ;Easy ;Vast;Enkelvoudige meter dagtarief (c/kWh); 6,36;master_vast_2026.csv;
2026;mei;Woning;Gas;Afname;ENGIE (handelsnaam van Electrabel) ;Easy ;Vast;Vaste vergoeding (); 56,60;master_vast_2026.csv;
2026;mei;Woning;Gas;Afname;ENGIE (handelsnaam van Electrabel) ;Empower;Vast;Enkelvoudige meter dagtarief (c/kWh); 6,36;master_vast_2026.csv;
2026;mei;Woning;Gas;Afname;ENGIE (handelsnaam van Electrabel) ;Empower;Vast;Vaste vergoeding (); 56,60;master_vast_2026.csv;
2026;mei;Woning;Gas;Afname;Luminus;BasicFix Online;Vast;Enkelvoudige meter dagtarief (c/kWh); 6,20;master_vast_2026.csv;
2026;mei;Woning;Gas;Afname;Luminus;BasicFix Online;Vast;Vaste vergoeding (); 18,87;master_vast_2026.csv;
2026;mei;Woning;Gas;Afname;Luminus;Comfy;Vast;Enkelvoudige meter dagtarief (c/kWh); 6,74;master_vast_2026.csv;
2026;mei;Woning;Gas;Afname;Luminus;Comfy;Vast;Vaste vergoeding (); 47,17;master_vast_2026.csv;
2026;mei;Woning;Gas;Afname;Luminus;Comfy+;Vast;Enkelvoudige meter dagtarief (c/kWh); 7,14;master_vast_2026.csv;
2026;mei;Woning;Gas;Afname;Luminus;Comfy+;Vast;Vaste vergoeding (); 47,17;master_vast_2026.csv;
2026;mei;Woning;Gas;Afname;Luminus;MaxxFix;Vast;Enkelvoudige meter dagtarief (c/kWh); 6,27;master_vast_2026.csv;
2026;mei;Woning;Gas;Afname;Luminus;MaxxFix;Vast;Vaste vergoeding (); 47,17;master_vast_2026.csv;
2026;mei;Woning;Gas;Afname;Mega (handelsnaam van Power Online);COSY FIXED;Vast;Enkelvoudige meter dagtarief (c/kWh); 5,94;master_vast_2026.csv;
2026;mei;Woning;Gas;Afname;Mega (handelsnaam van Power Online);COSY FIXED;Vast;Vaste vergoeding (); 135,00;master_vast_2026.csv;
2026;mei;Woning;Gas;Afname;Mega (handelsnaam van Power Online);OFFPEAK FIXED;Vast;Enkelvoudige meter dagtarief (c/kWh); 5,44;master_vast_2026.csv;
2026;mei;Woning;Gas;Afname;Mega (handelsnaam van Power Online);OFFPEAK FIXED;Vast;Vaste vergoeding (); 70,00;master_vast_2026.csv;
2026;mei;Woning;Gas;Afname;Mega (handelsnaam van Power Online);ONLINE FIXED;Vast;Enkelvoudige meter dagtarief (c/kWh); 5,74;master_vast_2026.csv;
2026;mei;Woning;Gas;Afname;Mega (handelsnaam van Power Online);ONLINE FIXED;Vast;Vaste vergoeding (); 55,00;master_vast_2026.csv;
2026;mei;Woning;Gas;Afname;Mega (handelsnaam van Power Online);PREPAID FIXED;Vast;Enkelvoudige meter dagtarief (c/kWh); 5,14;master_vast_2026.csv;
2026;mei;Woning;Gas;Afname;Mega (handelsnaam van Power Online);PREPAID FIXED;Vast;Vaste vergoeding (); 45,00;master_vast_2026.csv;
2026;mei;Woning;Gas;Afname;Mega (handelsnaam van Power Online);SMART FIXED;Vast;Enkelvoudige meter dagtarief (c/kWh); 5,71;master_vast_2026.csv;
2026;mei;Woning;Gas;Afname;Mega (handelsnaam van Power Online);SMART FIXED;Vast;Vaste vergoeding (); 105,00;master_vast_2026.csv;
2026;mei;Woning;Gas;Afname;Mega (handelsnaam van Power Online);Speciale aanbieding Testaankoop Fixed 2025;Vast;Enkelvoudige meter dagtarief (c/kWh); 5,34;master_vast_2026.csv;
2026;mei;Woning;Gas;Afname;Mega (handelsnaam van Power Online);Speciale aanbieding Testaankoop Fixed 2025;Vast;Vaste vergoeding (); 40,00;master_vast_2026.csv;
2026;mei;Woning;Gas;Afname;OCTA+ ENERGIE;Eco Fixed;Vast;Enkelvoudige meter dagtarief (c/kWh); 7,24;master_vast_2026.csv;
2026;mei;Woning;Gas;Afname;OCTA+ ENERGIE;Eco Fixed;Vast;Vaste vergoeding (); 122,64;master_vast_2026.csv;
2026;mei;Woning;Gas;Afname;OCTA+ ENERGIE;Fixed;Vast;Enkelvoudige meter dagtarief (c/kWh); 6,24;master_vast_2026.csv;
2026;mei;Woning;Gas;Afname;OCTA+ ENERGIE;Fixed;Vast;Vaste vergoeding (); 61,32;master_vast_2026.csv;
2026;mei;Woning;Gas;Afname;TotalEnergies;myComfort Vast;Vast;Enkelvoudige meter dagtarief (c/kWh); 6,15;master_vast_2026.csv;
2026;mei;Woning;Gas;Afname;TotalEnergies;myComfort Vast;Vast;Vaste vergoeding (); 84,91;master_vast_2026.csv;
2026;mei;Woning;Gas;Afname;TotalEnergies;myEssential Vast;Vast;Enkelvoudige meter dagtarief (c/kWh); 6,05;master_vast_2026.csv;
2026;mei;Woning;Gas;Afname;TotalEnergies;myEssential Vast;Vast;Vaste vergoeding (); 33,02;master_vast_2026.csv;
